Copyright 1986-2022 Xilinx, Inc. All Rights Reserved. Copyright 2022-2025 Advanced Micro Devices, Inc. All Rights Reserved.
---------------------------------------------------------------------------------------------------------------------------------------------------------------------------------------------------------------------
| Tool Version : Vivado v.2025.1 (win64) Build 6140274 Thu May 22 00:12:29 MDT 2025
| Date         : Tue Apr 14 00:39:11 2026
| Host         : LAPTOP-9H0QSNOD running 64-bit major release  (build 9200)
| Command      : report_timing_summary -max_paths 10 -routable_nets -report_unconstrained -file cpu_timing_summary_routed.rpt -pb cpu_timing_summary_routed.pb -rpx cpu_timing_summary_routed.rpx -warn_on_violation
| Design       : cpu
| Device       : 7z010-clg400
| Speed File   : -1  PRODUCTION 1.12 2019-11-22
| Design State : Routed
---------------------------------------------------------------------------------------------------------------------------------------------------------------------------------------------------------------------

Timing Summary Report

------------------------------------------------------------------------------------------------
| Timer Settings
| --------------
------------------------------------------------------------------------------------------------

  Enable Multi Corner Analysis               :  Yes
  Enable Pessimism Removal                   :  Yes
  Pessimism Removal Resolution               :  Nearest Common Node
  Enable Input Delay Default Clock           :  No
  Enable Preset / Clear Arcs                 :  No
  Disable Flight Delays                      :  No
  Ignore I/O Paths                           :  No
  Timing Early Launch at Borrowing Latches   :  No
  Borrow Time for Max Delay Exceptions       :  Yes
  Merge Timing Exceptions                    :  Yes
  Inter-SLR Compensation                     :  Conservative

  Corner  Analyze    Analyze    
  Name    Max Paths  Min Paths  
  ------  ---------  ---------  
  Slow    Yes        Yes        
  Fast    Yes        Yes        


------------------------------------------------------------------------------------------------
| Report Methodology
| ------------------
------------------------------------------------------------------------------------------------

Rule       Severity  Description                                 Violations  
---------  --------  ------------------------------------------  ----------  
SYNTH-6    Warning   Timing of a RAM block might be sub-optimal  12          
SYNTH-10   Warning   Wide multiplier                             3           
SYNTH-15   Warning   Byte wide write enable not inferred         8           
TIMING-18  Warning   Missing input or output delay               2           
TIMING-20  Warning   Non-clocked latch                           2           
LATCH-1    Advisory  Existing latches in the design              1           

Note: This report is based on the most recent report_methodology run and may not be up-to-date. Run report_methodology on the current design for the latest report.



check_timing report

Table of Contents
-----------------
1. checking no_clock (34)
2. checking constant_clock (0)
3. checking pulse_width_clock (0)
4. checking unconstrained_internal_endpoints (2)
5. checking no_input_delay (1)
6. checking no_output_delay (1)
7. checking multiple_clock (0)
8. checking generated_clocks (0)
9. checking loops (0)
10. checking partial_input_delay (0)
11. checking partial_output_delay (0)
12. checking latch_loops (0)

1. checking no_clock (34)
-------------------------
 There are 2 register/latch pins with no clock driven by root clock pin: unified_memory_cpu/byte_write[1].BRAM_reg_0_0/DOBDO[0] (HIGH)

 There are 2 register/latch pins with no clock driven by root clock pin: unified_memory_cpu/byte_write[1].BRAM_reg_0_0/DOBDO[1] (HIGH)

 There are 2 register/latch pins with no clock driven by root clock pin: unified_memory_cpu/byte_write[1].BRAM_reg_0_0/DOBDO[2] (HIGH)

 There are 2 register/latch pins with no clock driven by root clock pin: unified_memory_cpu/byte_write[1].BRAM_reg_0_0/DOBDO[3] (HIGH)

 There are 2 register/latch pins with no clock driven by root clock pin: unified_memory_cpu/byte_write[1].BRAM_reg_0_1/DOBDO[0] (HIGH)

 There are 2 register/latch pins with no clock driven by root clock pin: unified_memory_cpu/byte_write[1].BRAM_reg_0_1/DOBDO[1] (HIGH)

 There are 2 register/latch pins with no clock driven by root clock pin: unified_memory_cpu/byte_write[1].BRAM_reg_0_1/DOBDO[2] (HIGH)

 There are 2 register/latch pins with no clock driven by root clock pin: unified_memory_cpu/byte_write[1].BRAM_reg_1_1/DOBDO[0] (HIGH)

 There are 2 register/latch pins with no clock driven by root clock pin: unified_memory_cpu/byte_write[1].BRAM_reg_1_1/DOBDO[1] (HIGH)

 There are 2 register/latch pins with no clock driven by root clock pin: unified_memory_cpu/byte_write[1].BRAM_reg_1_1/DOBDO[2] (HIGH)

 There are 2 register/latch pins with no clock driven by root clock pin: unified_memory_cpu/byte_write[1].BRAM_reg_3_0/DOBDO[1] (HIGH)

 There are 2 register/latch pins with no clock driven by root clock pin: unified_memory_cpu/byte_write[1].BRAM_reg_3_0/DOBDO[2] (HIGH)

 There are 2 register/latch pins with no clock driven by root clock pin: unified_memory_cpu/byte_write[1].BRAM_reg_3_0/DOBDO[3] (HIGH)

 There are 2 register/latch pins with no clock driven by root clock pin: unified_memory_cpu/byte_write[1].BRAM_reg_3_1/DOBDO[0] (HIGH)

 There are 2 register/latch pins with no clock driven by root clock pin: unified_memory_cpu/byte_write[1].BRAM_reg_3_1/DOBDO[1] (HIGH)

 There are 2 register/latch pins with no clock driven by root clock pin: unified_memory_cpu/byte_write[1].BRAM_reg_3_1/DOBDO[2] (HIGH)

 There are 2 register/latch pins with no clock driven by root clock pin: unified_memory_cpu/byte_write[1].BRAM_reg_3_1/DOBDO[3] (HIGH)


2. checking constant_clock (0)
------------------------------
 There are 0 register/latch pins with constant_clock.


3. checking pulse_width_clock (0)
---------------------------------
 There are 0 register/latch pins which need pulse_width check


4. checking unconstrained_internal_endpoints (2)
------------------------------------------------
 There are 2 pins that are not constrained for maximum delay. (HIGH)

 There are 0 pins that are not constrained for maximum delay due to constant clock.


5. checking no_input_delay (1)
------------------------------
 There is 1 input port with no input delay specified. (HIGH)

 There are 0 input ports with no input delay but user has a false path constraint.


6. checking no_output_delay (1)
-------------------------------
 There is 1 port with no output delay specified. (HIGH)

 There are 0 ports with no output delay but user has a false path constraint

 There are 0 ports with no output delay but with a timing clock defined on it or propagating through it


7. checking multiple_clock (0)
------------------------------
 There are 0 register/latch pins with multiple clocks.


8. checking generated_clocks (0)
--------------------------------
 There are 0 generated clocks that are not connected to a clock source.


9. checking loops (0)
---------------------
 There are 0 combinational loops in the design.


10. checking partial_input_delay (0)
------------------------------------
 There are 0 input ports with partial input delay specified.


11. checking partial_output_delay (0)
-------------------------------------
 There are 0 ports with partial output delay specified.


12. checking latch_loops (0)
----------------------------
 There are 0 combinational latch loops in the design through latch input



------------------------------------------------------------------------------------------------
| Design Timing Summary
| ---------------------
------------------------------------------------------------------------------------------------

    WNS(ns)      TNS(ns)  TNS Failing Endpoints  TNS Total Endpoints      WHS(ns)      THS(ns)  THS Failing Endpoints  THS Total Endpoints     WPWS(ns)     TPWS(ns)  TPWS Failing Endpoints  TPWS Total Endpoints  
    -------      -------  ---------------------  -------------------      -------      -------  ---------------------  -------------------     --------     --------  ----------------------  --------------------  
      5.537        0.000                      0                 4978        0.063        0.000                      0                 4978       29.500        0.000                       0                  2154  


All user specified timing constraints are met.


------------------------------------------------------------------------------------------------
| Clock Summary
| -------------
------------------------------------------------------------------------------------------------

Clock   Waveform(ns)       Period(ns)      Frequency(MHz)
-----   ------------       ----------      --------------
sysclk  {0.000 30.000}     60.000          16.667          


------------------------------------------------------------------------------------------------
| Intra Clock Table
| -----------------
------------------------------------------------------------------------------------------------

Clock             WNS(ns)      TNS(ns)  TNS Failing Endpoints  TNS Total Endpoints      WHS(ns)      THS(ns)  THS Failing Endpoints  THS Total Endpoints     WPWS(ns)     TPWS(ns)  TPWS Failing Endpoints  TPWS Total Endpoints  
-----             -------      -------  ---------------------  -------------------      -------      -------  ---------------------  -------------------     --------     --------  ----------------------  --------------------  
sysclk              5.537        0.000                      0                 4978        0.063        0.000                      0                 4978       29.500        0.000                       0                  2154  


------------------------------------------------------------------------------------------------
| Inter Clock Table
| -----------------
------------------------------------------------------------------------------------------------

From Clock    To Clock          WNS(ns)      TNS(ns)  TNS Failing Endpoints  TNS Total Endpoints      WHS(ns)      THS(ns)  THS Failing Endpoints  THS Total Endpoints  
----------    --------          -------      -------  ---------------------  -------------------      -------      -------  ---------------------  -------------------  


------------------------------------------------------------------------------------------------
| Other Path Groups Table
| -----------------------
------------------------------------------------------------------------------------------------

Path Group    From Clock    To Clock          WNS(ns)      TNS(ns)  TNS Failing Endpoints  TNS Total Endpoints      WHS(ns)      THS(ns)  THS Failing Endpoints  THS Total Endpoints  
----------    ----------    --------          -------      -------  ---------------------  -------------------      -------      -------  ---------------------  -------------------  


------------------------------------------------------------------------------------------------
| User Ignored Path Table
| -----------------------
------------------------------------------------------------------------------------------------

Path Group    From Clock    To Clock    
----------    ----------    --------    


------------------------------------------------------------------------------------------------
| Unconstrained Path Table
| ------------------------
------------------------------------------------------------------------------------------------

Path Group    From Clock    To Clock    
----------    ----------    --------    
(none)        sysclk                      
(none)                      sysclk        


------------------------------------------------------------------------------------------------
| Timing Details
| --------------
------------------------------------------------------------------------------------------------


---------------------------------------------------------------------------------------------------
From Clock:  sysclk
  To Clock:  sysclk

Setup :            0  Failing Endpoints,  Worst Slack        5.537ns,  Total Violation        0.000ns
Hold  :            0  Failing Endpoints,  Worst Slack        0.063ns,  Total Violation        0.000ns
PW    :            0  Failing Endpoints,  Worst Slack       29.500ns,  Total Violation        0.000ns
---------------------------------------------------------------------------------------------------


Max Delay Paths
--------------------------------------------------------------------------------------
Slack (MET) :             5.537ns  (required time - arrival time)
  Source:                 unified_memory_cpu/byte_write[1].BRAM_reg_2_1/CLKARDCLK
                            (falling edge-triggered cell RAMB36E1 clocked by sysclk  {rise@0.000ns fall@30.000ns period=60.000ns})
  Destination:            unified_memory_cpu/byte_write[1].BRAM_reg_2_0/ADDRBWRADDR[9]
                            (rising edge-triggered cell RAMB36E1 clocked by sysclk  {rise@0.000ns fall@30.000ns period=60.000ns})
  Path Group:             sysclk
  Path Type:              Setup (Max at Slow Process Corner)
  Requirement:            30.000ns  (sysclk rise@60.000ns - sysclk fall@30.000ns)
  Data Path Delay:        23.710ns  (logic 6.103ns (25.740%)  route 17.607ns (74.260%))
  Logic Levels:           21  (CARRY4=3 LUT2=1 LUT3=2 LUT5=6 LUT6=9)
  Clock Path Skew:        -0.151ns (DCD - SCD + CPR)
    Destination Clock Delay (DCD):    4.928ns = ( 64.928 - 60.000 ) 
    Source Clock Delay      (SCD):    5.370ns = ( 35.370 - 30.000 ) 
    Clock Pessimism Removal (CPR):    0.291ns
  Clock Uncertainty:      0.035ns  ((TSJ^2 + TIJ^2)^1/2 + DJ) / 2 + PE
    Total System Jitter     (TSJ):    0.071ns
    Total Input Jitter      (TIJ):    0.000ns
    Discrete Jitter          (DJ):    0.000ns
    Phase Error              (PE):    0.000ns

    Location             Delay type                Incr(ns)  Path(ns)    Netlist Resource(s)
  -------------------------------------------------------------------    -------------------
                         (clock sysclk fall edge)    30.000    30.000 f  
    K17                                               0.000    30.000 f  sysclk (IN)
                         net (fo=0)                   0.000    30.000    sysclk
    K17                  IBUF (Prop_ibuf_I_O)         1.492    31.492 f  sysclk_IBUF_inst/O
                         net (fo=1, routed)           2.076    33.568    sysclk_IBUF
    BUFGCTRL_X0Y16       BUFG (Prop_bufg_I_O)         0.101    33.669 f  sysclk_IBUF_BUFG_inst/O
                         net (fo=2153, routed)        1.701    35.370    unified_memory_cpu/byte_write[1].BRAM_reg_0_0_2
    RAMB36_X1Y10         RAMB36E1                                     r  unified_memory_cpu/byte_write[1].BRAM_reg_2_1/CLKARDCLK  (IS_INVERTED)
  -------------------------------------------------------------------    -------------------
    RAMB36_X1Y10         RAMB36E1 (Prop_ramb36e1_CLKARDCLK_DOADO[3])
                                                      2.454    37.824 f  unified_memory_cpu/byte_write[1].BRAM_reg_2_1/DOADO[3]
                         net (fo=3, routed)           2.192    40.016    unified_memory_cpu/r_data[23]
    SLICE_X6Y60          LUT3 (Prop_lut3_I1_O)        0.152    40.168 f  unified_memory_cpu/byte_write[1].BRAM_reg_0_1_i_8/O
                         net (fo=8, routed)           0.503    40.672    unified_memory_cpu/mem_acc_in[23]
    SLICE_X6Y61          LUT5 (Prop_lut5_I2_O)        0.348    41.020 f  unified_memory_cpu/byte_write[1].BRAM_reg_1_0_i_17/O
                         net (fo=1, routed)           0.496    41.516    unified_memory_cpu/byte_write[1].BRAM_reg_1_0_i_17_n_0
    SLICE_X6Y61          LUT6 (Prop_lut6_I1_O)        0.124    41.640 f  unified_memory_cpu/byte_write[1].BRAM_reg_1_0_i_9/O
                         net (fo=10, routed)          0.740    42.380    unified_memory_cpu/byte_write[1].BRAM_reg_1_0_i_9_n_0
    SLICE_X9Y63          LUT6 (Prop_lut6_I4_O)        0.124    42.504 f  unified_memory_cpu/byte_write[1].BRAM_reg_1_0_i_1/O
                         net (fo=5, routed)           1.616    44.121    rf_write_select_mux_cpu/mem_acc_out[11]
    SLICE_X29Y75         LUT6 (Prop_lut6_I4_O)        0.124    44.245 f  rf_write_select_mux_cpu/product0__0_i_58/O
                         net (fo=1, routed)           0.791    45.035    rf_write_select_mux_cpu/product0__0_i_58_n_0
    SLICE_X26Y71         LUT6 (Prop_lut6_I0_O)        0.124    45.159 f  rf_write_select_mux_cpu/product0__0_i_23/O
                         net (fo=3, routed)           0.875    46.034    rf_write_select_mux_cpu/bypass_csr_ready_reg_34
    SLICE_X23Y67         LUT5 (Prop_lut5_I1_O)        0.150    46.184 f  rf_write_select_mux_cpu/i__carry__0_i_28/O
                         net (fo=7, routed)           0.788    46.972    rf_write_select_mux_cpu/i__carry__0_i_28_n_0
    SLICE_X19Y65         LUT5 (Prop_lut5_I4_O)        0.326    47.298 r  rf_write_select_mux_cpu/i__carry__0_i_16/O
                         net (fo=2, routed)           0.310    47.608    rf_write_select_mux_cpu/i__carry__0_i_16_n_0
    SLICE_X19Y64         LUT6 (Prop_lut6_I0_O)        0.326    47.934 r  rf_write_select_mux_cpu/i__carry__0_i_11__0/O
                         net (fo=1, routed)           0.615    48.549    rf_write_select_mux_cpu/i__carry__0_i_11__0_n_0
    SLICE_X19Y65         LUT2 (Prop_lut2_I0_O)        0.124    48.673 r  rf_write_select_mux_cpu/i__carry__0_i_3/O
                         net (fo=2, routed)           0.522    49.195    alu_cpu/comparison_unit_in_alu/comp_result_bf2_inferred__3/i__carry__1_0[1]
    SLICE_X18Y67         CARRY4 (Prop_carry4_DI[1]_CO[3])
                                                      0.507    49.702 r  alu_cpu/comparison_unit_in_alu/comp_result_bf2_inferred__3/i__carry__0/CO[3]
                         net (fo=1, routed)           0.000    49.702    alu_cpu/comparison_unit_in_alu/comp_result_bf2_inferred__3/i__carry__0_n_0
    SLICE_X18Y68         CARRY4 (Prop_carry4_CI_CO[3])
                                                      0.114    49.816 r  alu_cpu/comparison_unit_in_alu/comp_result_bf2_inferred__3/i__carry__1/CO[3]
                         net (fo=1, routed)           0.000    49.816    alu_cpu/comparison_unit_in_alu/comp_result_bf2_inferred__3/i__carry__1_n_0
    SLICE_X18Y69         CARRY4 (Prop_carry4_CI_CO[3])
                                                      0.114    49.930 r  alu_cpu/comparison_unit_in_alu/comp_result_bf2_inferred__3/i__carry__2/CO[3]
                         net (fo=1, routed)           0.911    50.841    rf_write_select_mux_cpu/make_nop_id_i_3_0[0]
    SLICE_X17Y70         LUT6 (Prop_lut6_I0_O)        0.124    50.965 r  rf_write_select_mux_cpu/make_nop_id_i_5/O
                         net (fo=1, routed)           0.433    51.398    rf_write_select_mux_cpu/make_nop_id_i_5_n_0
    SLICE_X17Y70         LUT5 (Prop_lut5_I4_O)        0.124    51.522 r  rf_write_select_mux_cpu/make_nop_id_i_3/O
                         net (fo=4, routed)           0.535    52.058    unified_memory_cpu/comp_result[0]
    SLICE_X9Y70          LUT6 (Prop_lut6_I2_O)        0.124    52.182 r  unified_memory_cpu/alu_result_me[0]_i_3/O
                         net (fo=1, routed)           0.763    52.945    rf_write_select_mux_cpu/alu_result_me_reg[0]
    SLICE_X14Y70         LUT6 (Prop_lut6_I5_O)        0.124    53.069 r  rf_write_select_mux_cpu/alu_result_me[0]_i_1/O
                         net (fo=12, routed)          0.972    54.041    rf_write_select_mux_cpu/D[0]
    SLICE_X12Y60         LUT6 (Prop_lut6_I2_O)        0.124    54.165 r  rf_write_select_mux_cpu/byte_write[1].BRAM_reg_0_i_24/O
                         net (fo=139, routed)         1.145    55.310    rf_write_select_mux_cpu/is_misaligned0
    SLICE_X21Y59         LUT5 (Prop_lut5_I2_O)        0.124    55.434 r  rf_write_select_mux_cpu/pc_out[31]_i_3/O
                         net (fo=32, routed)          1.217    56.651    rf_write_select_mux_cpu/csr_sel0
    SLICE_X24Y67         LUT5 (Prop_lut5_I1_O)        0.124    56.775 r  rf_write_select_mux_cpu/pc_out[9]_i_2/O
                         net (fo=1, routed)           0.541    57.316    rf_write_select_mux_cpu/pc_counter_cpu/pc_target[9]
    SLICE_X24Y67         LUT3 (Prop_lut3_I0_O)        0.124    57.440 r  rf_write_select_mux_cpu/pc_out[9]_i_1/O
                         net (fo=9, routed)           1.641    59.080    unified_memory_cpu/byte_write[1].BRAM_reg_3_1_5[7]
    RAMB36_X0Y10         RAMB36E1                                     r  unified_memory_cpu/byte_write[1].BRAM_reg_2_0/ADDRBWRADDR[9]
  -------------------------------------------------------------------    -------------------

                         (clock sysclk rise edge)    60.000    60.000 r  
    K17                                               0.000    60.000 r  sysclk (IN)
                         net (fo=0)                   0.000    60.000    sysclk
    K17                  IBUF (Prop_ibuf_I_O)         1.421    61.421 r  sysclk_IBUF_inst/O
                         net (fo=1, routed)           1.880    63.301    sysclk_IBUF
    BUFGCTRL_X0Y16       BUFG (Prop_bufg_I_O)         0.091    63.392 r  sysclk_IBUF_BUFG_inst/O
                         net (fo=2153, routed)        1.536    64.928    unified_memory_cpu/sysclk_IBUF_BUFG
    RAMB36_X0Y10         RAMB36E1                                     r  unified_memory_cpu/byte_write[1].BRAM_reg_2_0/CLKBWRCLK
                         clock pessimism              0.291    65.219    
                         clock uncertainty           -0.035    65.184    
    RAMB36_X0Y10         RAMB36E1 (Setup_ramb36e1_CLKBWRCLK_ADDRBWRADDR[9])
                                                     -0.566    64.618    unified_memory_cpu/byte_write[1].BRAM_reg_2_0
  -------------------------------------------------------------------
                         required time                         64.618    
                         arrival time                         -59.080    
  -------------------------------------------------------------------
                         slack                                  5.537    

Slack (MET) :             5.777ns  (required time - arrival time)
  Source:                 unified_memory_cpu/byte_write[1].BRAM_reg_2_1/CLKARDCLK
                            (falling edge-triggered cell RAMB36E1 clocked by sysclk  {rise@0.000ns fall@30.000ns period=60.000ns})
  Destination:            unified_memory_cpu/byte_write[1].BRAM_reg_2_0/ADDRBWRADDR[4]
                            (rising edge-triggered cell RAMB36E1 clocked by sysclk  {rise@0.000ns fall@30.000ns period=60.000ns})
  Path Group:             sysclk
  Path Type:              Setup (Max at Slow Process Corner)
  Requirement:            30.000ns  (sysclk rise@60.000ns - sysclk fall@30.000ns)
  Data Path Delay:        23.471ns  (logic 6.103ns (26.003%)  route 17.368ns (73.997%))
  Logic Levels:           21  (CARRY4=3 LUT2=1 LUT3=2 LUT5=6 LUT6=9)
  Clock Path Skew:        -0.151ns (DCD - SCD + CPR)
    Destination Clock Delay (DCD):    4.928ns = ( 64.928 - 60.000 ) 
    Source Clock Delay      (SCD):    5.370ns = ( 35.370 - 30.000 ) 
    Clock Pessimism Removal (CPR):    0.291ns
  Clock Uncertainty:      0.035ns  ((TSJ^2 + TIJ^2)^1/2 + DJ) / 2 + PE
    Total System Jitter     (TSJ):    0.071ns
    Total Input Jitter      (TIJ):    0.000ns
    Discrete Jitter          (DJ):    0.000ns
    Phase Error              (PE):    0.000ns

    Location             Delay type                Incr(ns)  Path(ns)    Netlist Resource(s)
  -------------------------------------------------------------------    -------------------
                         (clock sysclk fall edge)    30.000    30.000 f  
    K17                                               0.000    30.000 f  sysclk (IN)
                         net (fo=0)                   0.000    30.000    sysclk
    K17                  IBUF (Prop_ibuf_I_O)         1.492    31.492 f  sysclk_IBUF_inst/O
                         net (fo=1, routed)           2.076    33.568    sysclk_IBUF
    BUFGCTRL_X0Y16       BUFG (Prop_bufg_I_O)         0.101    33.669 f  sysclk_IBUF_BUFG_inst/O
                         net (fo=2153, routed)        1.701    35.370    unified_memory_cpu/byte_write[1].BRAM_reg_0_0_2
    RAMB36_X1Y10         RAMB36E1                                     r  unified_memory_cpu/byte_write[1].BRAM_reg_2_1/CLKARDCLK  (IS_INVERTED)
  -------------------------------------------------------------------    -------------------
    RAMB36_X1Y10         RAMB36E1 (Prop_ramb36e1_CLKARDCLK_DOADO[3])
                                                      2.454    37.824 f  unified_memory_cpu/byte_write[1].BRAM_reg_2_1/DOADO[3]
                         net (fo=3, routed)           2.192    40.016    unified_memory_cpu/r_data[23]
    SLICE_X6Y60          LUT3 (Prop_lut3_I1_O)        0.152    40.168 f  unified_memory_cpu/byte_write[1].BRAM_reg_0_1_i_8/O
                         net (fo=8, routed)           0.503    40.672    unified_memory_cpu/mem_acc_in[23]
    SLICE_X6Y61          LUT5 (Prop_lut5_I2_O)        0.348    41.020 f  unified_memory_cpu/byte_write[1].BRAM_reg_1_0_i_17/O
                         net (fo=1, routed)           0.496    41.516    unified_memory_cpu/byte_write[1].BRAM_reg_1_0_i_17_n_0
    SLICE_X6Y61          LUT6 (Prop_lut6_I1_O)        0.124    41.640 f  unified_memory_cpu/byte_write[1].BRAM_reg_1_0_i_9/O
                         net (fo=10, routed)          0.740    42.380    unified_memory_cpu/byte_write[1].BRAM_reg_1_0_i_9_n_0
    SLICE_X9Y63          LUT6 (Prop_lut6_I4_O)        0.124    42.504 f  unified_memory_cpu/byte_write[1].BRAM_reg_1_0_i_1/O
                         net (fo=5, routed)           1.616    44.121    rf_write_select_mux_cpu/mem_acc_out[11]
    SLICE_X29Y75         LUT6 (Prop_lut6_I4_O)        0.124    44.245 f  rf_write_select_mux_cpu/product0__0_i_58/O
                         net (fo=1, routed)           0.791    45.035    rf_write_select_mux_cpu/product0__0_i_58_n_0
    SLICE_X26Y71         LUT6 (Prop_lut6_I0_O)        0.124    45.159 f  rf_write_select_mux_cpu/product0__0_i_23/O
                         net (fo=3, routed)           0.875    46.034    rf_write_select_mux_cpu/bypass_csr_ready_reg_34
    SLICE_X23Y67         LUT5 (Prop_lut5_I1_O)        0.150    46.184 f  rf_write_select_mux_cpu/i__carry__0_i_28/O
                         net (fo=7, routed)           0.788    46.972    rf_write_select_mux_cpu/i__carry__0_i_28_n_0
    SLICE_X19Y65         LUT5 (Prop_lut5_I4_O)        0.326    47.298 r  rf_write_select_mux_cpu/i__carry__0_i_16/O
                         net (fo=2, routed)           0.310    47.608    rf_write_select_mux_cpu/i__carry__0_i_16_n_0
    SLICE_X19Y64         LUT6 (Prop_lut6_I0_O)        0.326    47.934 r  rf_write_select_mux_cpu/i__carry__0_i_11__0/O
                         net (fo=1, routed)           0.615    48.549    rf_write_select_mux_cpu/i__carry__0_i_11__0_n_0
    SLICE_X19Y65         LUT2 (Prop_lut2_I0_O)        0.124    48.673 r  rf_write_select_mux_cpu/i__carry__0_i_3/O
                         net (fo=2, routed)           0.522    49.195    alu_cpu/comparison_unit_in_alu/comp_result_bf2_inferred__3/i__carry__1_0[1]
    SLICE_X18Y67         CARRY4 (Prop_carry4_DI[1]_CO[3])
                                                      0.507    49.702 r  alu_cpu/comparison_unit_in_alu/comp_result_bf2_inferred__3/i__carry__0/CO[3]
                         net (fo=1, routed)           0.000    49.702    alu_cpu/comparison_unit_in_alu/comp_result_bf2_inferred__3/i__carry__0_n_0
    SLICE_X18Y68         CARRY4 (Prop_carry4_CI_CO[3])
                                                      0.114    49.816 r  alu_cpu/comparison_unit_in_alu/comp_result_bf2_inferred__3/i__carry__1/CO[3]
                         net (fo=1, routed)           0.000    49.816    alu_cpu/comparison_unit_in_alu/comp_result_bf2_inferred__3/i__carry__1_n_0
    SLICE_X18Y69         CARRY4 (Prop_carry4_CI_CO[3])
                                                      0.114    49.930 r  alu_cpu/comparison_unit_in_alu/comp_result_bf2_inferred__3/i__carry__2/CO[3]
                         net (fo=1, routed)           0.911    50.841    rf_write_select_mux_cpu/make_nop_id_i_3_0[0]
    SLICE_X17Y70         LUT6 (Prop_lut6_I0_O)        0.124    50.965 r  rf_write_select_mux_cpu/make_nop_id_i_5/O
                         net (fo=1, routed)           0.433    51.398    rf_write_select_mux_cpu/make_nop_id_i_5_n_0
    SLICE_X17Y70         LUT5 (Prop_lut5_I4_O)        0.124    51.522 r  rf_write_select_mux_cpu/make_nop_id_i_3/O
                         net (fo=4, routed)           0.535    52.058    unified_memory_cpu/comp_result[0]
    SLICE_X9Y70          LUT6 (Prop_lut6_I2_O)        0.124    52.182 r  unified_memory_cpu/alu_result_me[0]_i_3/O
                         net (fo=1, routed)           0.763    52.945    rf_write_select_mux_cpu/alu_result_me_reg[0]
    SLICE_X14Y70         LUT6 (Prop_lut6_I5_O)        0.124    53.069 r  rf_write_select_mux_cpu/alu_result_me[0]_i_1/O
                         net (fo=12, routed)          0.972    54.041    rf_write_select_mux_cpu/D[0]
    SLICE_X12Y60         LUT6 (Prop_lut6_I2_O)        0.124    54.165 r  rf_write_select_mux_cpu/byte_write[1].BRAM_reg_0_i_24/O
                         net (fo=139, routed)         1.145    55.310    rf_write_select_mux_cpu/is_misaligned0
    SLICE_X21Y59         LUT5 (Prop_lut5_I2_O)        0.124    55.434 r  rf_write_select_mux_cpu/pc_out[31]_i_3/O
                         net (fo=32, routed)          0.968    56.402    rf_write_select_mux_cpu/csr_sel0
    SLICE_X25Y65         LUT5 (Prop_lut5_I1_O)        0.124    56.526 r  rf_write_select_mux_cpu/pc_out[4]_i_2/O
                         net (fo=1, routed)           0.469    56.996    rf_write_select_mux_cpu/pc_counter_cpu/pc_target[4]
    SLICE_X25Y65         LUT3 (Prop_lut3_I0_O)        0.124    57.120 r  rf_write_select_mux_cpu/pc_out[4]_i_1/O
                         net (fo=9, routed)           1.721    58.841    unified_memory_cpu/byte_write[1].BRAM_reg_3_1_5[2]
    RAMB36_X0Y10         RAMB36E1                                     r  unified_memory_cpu/byte_write[1].BRAM_reg_2_0/ADDRBWRADDR[4]
  -------------------------------------------------------------------    -------------------

                         (clock sysclk rise edge)    60.000    60.000 r  
    K17                                               0.000    60.000 r  sysclk (IN)
                         net (fo=0)                   0.000    60.000    sysclk
    K17                  IBUF (Prop_ibuf_I_O)         1.421    61.421 r  sysclk_IBUF_inst/O
                         net (fo=1, routed)           1.880    63.301    sysclk_IBUF
    BUFGCTRL_X0Y16       BUFG (Prop_bufg_I_O)         0.091    63.392 r  sysclk_IBUF_BUFG_inst/O
                         net (fo=2153, routed)        1.536    64.928    unified_memory_cpu/sysclk_IBUF_BUFG
    RAMB36_X0Y10         RAMB36E1                                     r  unified_memory_cpu/byte_write[1].BRAM_reg_2_0/CLKBWRCLK
                         clock pessimism              0.291    65.219    
                         clock uncertainty           -0.035    65.184    
    RAMB36_X0Y10         RAMB36E1 (Setup_ramb36e1_CLKBWRCLK_ADDRBWRADDR[4])
                                                     -0.566    64.618    unified_memory_cpu/byte_write[1].BRAM_reg_2_0
  -------------------------------------------------------------------
                         required time                         64.618    
                         arrival time                         -58.841    
  -------------------------------------------------------------------
                         slack                                  5.777    

Slack (MET) :             5.808ns  (required time - arrival time)
  Source:                 unified_memory_cpu/byte_write[1].BRAM_reg_2_1/CLKARDCLK
                            (falling edge-triggered cell RAMB36E1 clocked by sysclk  {rise@0.000ns fall@30.000ns period=60.000ns})
  Destination:            unified_memory_cpu/byte_write[1].BRAM_reg_1_0/ADDRBWRADDR[9]
                            (rising edge-triggered cell RAMB36E1 clocked by sysclk  {rise@0.000ns fall@30.000ns period=60.000ns})
  Path Group:             sysclk
  Path Type:              Setup (Max at Slow Process Corner)
  Requirement:            30.000ns  (sysclk rise@60.000ns - sysclk fall@30.000ns)
  Data Path Delay:        23.435ns  (logic 6.103ns (26.042%)  route 17.332ns (73.958%))
  Logic Levels:           21  (CARRY4=3 LUT2=1 LUT3=2 LUT5=6 LUT6=9)
  Clock Path Skew:        -0.155ns (DCD - SCD + CPR)
    Destination Clock Delay (DCD):    4.924ns = ( 64.924 - 60.000 ) 
    Source Clock Delay      (SCD):    5.370ns = ( 35.370 - 30.000 ) 
    Clock Pessimism Removal (CPR):    0.291ns
  Clock Uncertainty:      0.035ns  ((TSJ^2 + TIJ^2)^1/2 + DJ) / 2 + PE
    Total System Jitter     (TSJ):    0.071ns
    Total Input Jitter      (TIJ):    0.000ns
    Discrete Jitter          (DJ):    0.000ns
    Phase Error              (PE):    0.000ns

    Location             Delay type                Incr(ns)  Path(ns)    Netlist Resource(s)
  -------------------------------------------------------------------    -------------------
                         (clock sysclk fall edge)    30.000    30.000 f  
    K17                                               0.000    30.000 f  sysclk (IN)
                         net (fo=0)                   0.000    30.000    sysclk
    K17                  IBUF (Prop_ibuf_I_O)         1.492    31.492 f  sysclk_IBUF_inst/O
                         net (fo=1, routed)           2.076    33.568    sysclk_IBUF
    BUFGCTRL_X0Y16       BUFG (Prop_bufg_I_O)         0.101    33.669 f  sysclk_IBUF_BUFG_inst/O
                         net (fo=2153, routed)        1.701    35.370    unified_memory_cpu/byte_write[1].BRAM_reg_0_0_2
    RAMB36_X1Y10         RAMB36E1                                     r  unified_memory_cpu/byte_write[1].BRAM_reg_2_1/CLKARDCLK  (IS_INVERTED)
  -------------------------------------------------------------------    -------------------
    RAMB36_X1Y10         RAMB36E1 (Prop_ramb36e1_CLKARDCLK_DOADO[3])
                                                      2.454    37.824 f  unified_memory_cpu/byte_write[1].BRAM_reg_2_1/DOADO[3]
                         net (fo=3, routed)           2.192    40.016    unified_memory_cpu/r_data[23]
    SLICE_X6Y60          LUT3 (Prop_lut3_I1_O)        0.152    40.168 f  unified_memory_cpu/byte_write[1].BRAM_reg_0_1_i_8/O
                         net (fo=8, routed)           0.503    40.672    unified_memory_cpu/mem_acc_in[23]
    SLICE_X6Y61          LUT5 (Prop_lut5_I2_O)        0.348    41.020 f  unified_memory_cpu/byte_write[1].BRAM_reg_1_0_i_17/O
                         net (fo=1, routed)           0.496    41.516    unified_memory_cpu/byte_write[1].BRAM_reg_1_0_i_17_n_0
    SLICE_X6Y61          LUT6 (Prop_lut6_I1_O)        0.124    41.640 f  unified_memory_cpu/byte_write[1].BRAM_reg_1_0_i_9/O
                         net (fo=10, routed)          0.740    42.380    unified_memory_cpu/byte_write[1].BRAM_reg_1_0_i_9_n_0
    SLICE_X9Y63          LUT6 (Prop_lut6_I4_O)        0.124    42.504 f  unified_memory_cpu/byte_write[1].BRAM_reg_1_0_i_1/O
                         net (fo=5, routed)           1.616    44.121    rf_write_select_mux_cpu/mem_acc_out[11]
    SLICE_X29Y75         LUT6 (Prop_lut6_I4_O)        0.124    44.245 f  rf_write_select_mux_cpu/product0__0_i_58/O
                         net (fo=1, routed)           0.791    45.035    rf_write_select_mux_cpu/product0__0_i_58_n_0
    SLICE_X26Y71         LUT6 (Prop_lut6_I0_O)        0.124    45.159 f  rf_write_select_mux_cpu/product0__0_i_23/O
                         net (fo=3, routed)           0.875    46.034    rf_write_select_mux_cpu/bypass_csr_ready_reg_34
    SLICE_X23Y67         LUT5 (Prop_lut5_I1_O)        0.150    46.184 f  rf_write_select_mux_cpu/i__carry__0_i_28/O
                         net (fo=7, routed)           0.788    46.972    rf_write_select_mux_cpu/i__carry__0_i_28_n_0
    SLICE_X19Y65         LUT5 (Prop_lut5_I4_O)        0.326    47.298 r  rf_write_select_mux_cpu/i__carry__0_i_16/O
                         net (fo=2, routed)           0.310    47.608    rf_write_select_mux_cpu/i__carry__0_i_16_n_0
    SLICE_X19Y64         LUT6 (Prop_lut6_I0_O)        0.326    47.934 r  rf_write_select_mux_cpu/i__carry__0_i_11__0/O
                         net (fo=1, routed)           0.615    48.549    rf_write_select_mux_cpu/i__carry__0_i_11__0_n_0
    SLICE_X19Y65         LUT2 (Prop_lut2_I0_O)        0.124    48.673 r  rf_write_select_mux_cpu/i__carry__0_i_3/O
                         net (fo=2, routed)           0.522    49.195    alu_cpu/comparison_unit_in_alu/comp_result_bf2_inferred__3/i__carry__1_0[1]
    SLICE_X18Y67         CARRY4 (Prop_carry4_DI[1]_CO[3])
                                                      0.507    49.702 r  alu_cpu/comparison_unit_in_alu/comp_result_bf2_inferred__3/i__carry__0/CO[3]
                         net (fo=1, routed)           0.000    49.702    alu_cpu/comparison_unit_in_alu/comp_result_bf2_inferred__3/i__carry__0_n_0
    SLICE_X18Y68         CARRY4 (Prop_carry4_CI_CO[3])
                                                      0.114    49.816 r  alu_cpu/comparison_unit_in_alu/comp_result_bf2_inferred__3/i__carry__1/CO[3]
                         net (fo=1, routed)           0.000    49.816    alu_cpu/comparison_unit_in_alu/comp_result_bf2_inferred__3/i__carry__1_n_0
    SLICE_X18Y69         CARRY4 (Prop_carry4_CI_CO[3])
                                                      0.114    49.930 r  alu_cpu/comparison_unit_in_alu/comp_result_bf2_inferred__3/i__carry__2/CO[3]
                         net (fo=1, routed)           0.911    50.841    rf_write_select_mux_cpu/make_nop_id_i_3_0[0]
    SLICE_X17Y70         LUT6 (Prop_lut6_I0_O)        0.124    50.965 r  rf_write_select_mux_cpu/make_nop_id_i_5/O
                         net (fo=1, routed)           0.433    51.398    rf_write_select_mux_cpu/make_nop_id_i_5_n_0
    SLICE_X17Y70         LUT5 (Prop_lut5_I4_O)        0.124    51.522 r  rf_write_select_mux_cpu/make_nop_id_i_3/O
                         net (fo=4, routed)           0.535    52.058    unified_memory_cpu/comp_result[0]
    SLICE_X9Y70          LUT6 (Prop_lut6_I2_O)        0.124    52.182 r  unified_memory_cpu/alu_result_me[0]_i_3/O
                         net (fo=1, routed)           0.763    52.945    rf_write_select_mux_cpu/alu_result_me_reg[0]
    SLICE_X14Y70         LUT6 (Prop_lut6_I5_O)        0.124    53.069 r  rf_write_select_mux_cpu/alu_result_me[0]_i_1/O
                         net (fo=12, routed)          0.972    54.041    rf_write_select_mux_cpu/D[0]
    SLICE_X12Y60         LUT6 (Prop_lut6_I2_O)        0.124    54.165 r  rf_write_select_mux_cpu/byte_write[1].BRAM_reg_0_i_24/O
                         net (fo=139, routed)         1.145    55.310    rf_write_select_mux_cpu/is_misaligned0
    SLICE_X21Y59         LUT5 (Prop_lut5_I2_O)        0.124    55.434 r  rf_write_select_mux_cpu/pc_out[31]_i_3/O
                         net (fo=32, routed)          1.217    56.651    rf_write_select_mux_cpu/csr_sel0
    SLICE_X24Y67         LUT5 (Prop_lut5_I1_O)        0.124    56.775 r  rf_write_select_mux_cpu/pc_out[9]_i_2/O
                         net (fo=1, routed)           0.541    57.316    rf_write_select_mux_cpu/pc_counter_cpu/pc_target[9]
    SLICE_X24Y67         LUT3 (Prop_lut3_I0_O)        0.124    57.440 r  rf_write_select_mux_cpu/pc_out[9]_i_1/O
                         net (fo=9, routed)           1.366    58.806    unified_memory_cpu/byte_write[1].BRAM_reg_3_1_5[7]
    RAMB36_X0Y12         RAMB36E1                                     r  unified_memory_cpu/byte_write[1].BRAM_reg_1_0/ADDRBWRADDR[9]
  -------------------------------------------------------------------    -------------------

                         (clock sysclk rise edge)    60.000    60.000 r  
    K17                                               0.000    60.000 r  sysclk (IN)
                         net (fo=0)                   0.000    60.000    sysclk
    K17                  IBUF (Prop_ibuf_I_O)         1.421    61.421 r  sysclk_IBUF_inst/O
                         net (fo=1, routed)           1.880    63.301    sysclk_IBUF
    BUFGCTRL_X0Y16       BUFG (Prop_bufg_I_O)         0.091    63.392 r  sysclk_IBUF_BUFG_inst/O
                         net (fo=2153, routed)        1.532    64.924    unified_memory_cpu/sysclk_IBUF_BUFG
    RAMB36_X0Y12         RAMB36E1                                     r  unified_memory_cpu/byte_write[1].BRAM_reg_1_0/CLKBWRCLK
                         clock pessimism              0.291    65.215    
                         clock uncertainty           -0.035    65.180    
    RAMB36_X0Y12         RAMB36E1 (Setup_ramb36e1_CLKBWRCLK_ADDRBWRADDR[9])
                                                     -0.566    64.614    unified_memory_cpu/byte_write[1].BRAM_reg_1_0
  -------------------------------------------------------------------
                         required time                         64.614    
                         arrival time                         -58.806    
  -------------------------------------------------------------------
                         slack                                  5.808    

Slack (MET) :             5.889ns  (required time - arrival time)
  Source:                 unified_memory_cpu/byte_write[1].BRAM_reg_2_1/CLKARDCLK
                            (falling edge-triggered cell RAMB36E1 clocked by sysclk  {rise@0.000ns fall@30.000ns period=60.000ns})
  Destination:            unified_memory_cpu/byte_write[1].BRAM_reg_3_0/ADDRBWRADDR[9]
                            (rising edge-triggered cell RAMB36E1 clocked by sysclk  {rise@0.000ns fall@30.000ns period=60.000ns})
  Path Group:             sysclk
  Path Type:              Setup (Max at Slow Process Corner)
  Requirement:            30.000ns  (sysclk rise@60.000ns - sysclk fall@30.000ns)
  Data Path Delay:        23.358ns  (logic 6.103ns (26.128%)  route 17.255ns (73.872%))
  Logic Levels:           21  (CARRY4=3 LUT2=1 LUT3=2 LUT5=6 LUT6=9)
  Clock Path Skew:        -0.152ns (DCD - SCD + CPR)
    Destination Clock Delay (DCD):    4.927ns = ( 64.927 - 60.000 ) 
    Source Clock Delay      (SCD):    5.370ns = ( 35.370 - 30.000 ) 
    Clock Pessimism Removal (CPR):    0.291ns
  Clock Uncertainty:      0.035ns  ((TSJ^2 + TIJ^2)^1/2 + DJ) / 2 + PE
    Total System Jitter     (TSJ):    0.071ns
    Total Input Jitter      (TIJ):    0.000ns
    Discrete Jitter          (DJ):    0.000ns
    Phase Error              (PE):    0.000ns

    Location             Delay type                Incr(ns)  Path(ns)    Netlist Resource(s)
  -------------------------------------------------------------------    -------------------
                         (clock sysclk fall edge)    30.000    30.000 f  
    K17                                               0.000    30.000 f  sysclk (IN)
                         net (fo=0)                   0.000    30.000    sysclk
    K17                  IBUF (Prop_ibuf_I_O)         1.492    31.492 f  sysclk_IBUF_inst/O
                         net (fo=1, routed)           2.076    33.568    sysclk_IBUF
    BUFGCTRL_X0Y16       BUFG (Prop_bufg_I_O)         0.101    33.669 f  sysclk_IBUF_BUFG_inst/O
                         net (fo=2153, routed)        1.701    35.370    unified_memory_cpu/byte_write[1].BRAM_reg_0_0_2
    RAMB36_X1Y10         RAMB36E1                                     r  unified_memory_cpu/byte_write[1].BRAM_reg_2_1/CLKARDCLK  (IS_INVERTED)
  -------------------------------------------------------------------    -------------------
    RAMB36_X1Y10         RAMB36E1 (Prop_ramb36e1_CLKARDCLK_DOADO[3])
                                                      2.454    37.824 f  unified_memory_cpu/byte_write[1].BRAM_reg_2_1/DOADO[3]
                         net (fo=3, routed)           2.192    40.016    unified_memory_cpu/r_data[23]
    SLICE_X6Y60          LUT3 (Prop_lut3_I1_O)        0.152    40.168 f  unified_memory_cpu/byte_write[1].BRAM_reg_0_1_i_8/O
                         net (fo=8, routed)           0.503    40.672    unified_memory_cpu/mem_acc_in[23]
    SLICE_X6Y61          LUT5 (Prop_lut5_I2_O)        0.348    41.020 f  unified_memory_cpu/byte_write[1].BRAM_reg_1_0_i_17/O
                         net (fo=1, routed)           0.496    41.516    unified_memory_cpu/byte_write[1].BRAM_reg_1_0_i_17_n_0
    SLICE_X6Y61          LUT6 (Prop_lut6_I1_O)        0.124    41.640 f  unified_memory_cpu/byte_write[1].BRAM_reg_1_0_i_9/O
                         net (fo=10, routed)          0.740    42.380    unified_memory_cpu/byte_write[1].BRAM_reg_1_0_i_9_n_0
    SLICE_X9Y63          LUT6 (Prop_lut6_I4_O)        0.124    42.504 f  unified_memory_cpu/byte_write[1].BRAM_reg_1_0_i_1/O
                         net (fo=5, routed)           1.616    44.121    rf_write_select_mux_cpu/mem_acc_out[11]
    SLICE_X29Y75         LUT6 (Prop_lut6_I4_O)        0.124    44.245 f  rf_write_select_mux_cpu/product0__0_i_58/O
                         net (fo=1, routed)           0.791    45.035    rf_write_select_mux_cpu/product0__0_i_58_n_0
    SLICE_X26Y71         LUT6 (Prop_lut6_I0_O)        0.124    45.159 f  rf_write_select_mux_cpu/product0__0_i_23/O
                         net (fo=3, routed)           0.875    46.034    rf_write_select_mux_cpu/bypass_csr_ready_reg_34
    SLICE_X23Y67         LUT5 (Prop_lut5_I1_O)        0.150    46.184 f  rf_write_select_mux_cpu/i__carry__0_i_28/O
                         net (fo=7, routed)           0.788    46.972    rf_write_select_mux_cpu/i__carry__0_i_28_n_0
    SLICE_X19Y65         LUT5 (Prop_lut5_I4_O)        0.326    47.298 r  rf_write_select_mux_cpu/i__carry__0_i_16/O
                         net (fo=2, routed)           0.310    47.608    rf_write_select_mux_cpu/i__carry__0_i_16_n_0
    SLICE_X19Y64         LUT6 (Prop_lut6_I0_O)        0.326    47.934 r  rf_write_select_mux_cpu/i__carry__0_i_11__0/O
                         net (fo=1, routed)           0.615    48.549    rf_write_select_mux_cpu/i__carry__0_i_11__0_n_0
    SLICE_X19Y65         LUT2 (Prop_lut2_I0_O)        0.124    48.673 r  rf_write_select_mux_cpu/i__carry__0_i_3/O
                         net (fo=2, routed)           0.522    49.195    alu_cpu/comparison_unit_in_alu/comp_result_bf2_inferred__3/i__carry__1_0[1]
    SLICE_X18Y67         CARRY4 (Prop_carry4_DI[1]_CO[3])
                                                      0.507    49.702 r  alu_cpu/comparison_unit_in_alu/comp_result_bf2_inferred__3/i__carry__0/CO[3]
                         net (fo=1, routed)           0.000    49.702    alu_cpu/comparison_unit_in_alu/comp_result_bf2_inferred__3/i__carry__0_n_0
    SLICE_X18Y68         CARRY4 (Prop_carry4_CI_CO[3])
                                                      0.114    49.816 r  alu_cpu/comparison_unit_in_alu/comp_result_bf2_inferred__3/i__carry__1/CO[3]
                         net (fo=1, routed)           0.000    49.816    alu_cpu/comparison_unit_in_alu/comp_result_bf2_inferred__3/i__carry__1_n_0
    SLICE_X18Y69         CARRY4 (Prop_carry4_CI_CO[3])
                                                      0.114    49.930 r  alu_cpu/comparison_unit_in_alu/comp_result_bf2_inferred__3/i__carry__2/CO[3]
                         net (fo=1, routed)           0.911    50.841    rf_write_select_mux_cpu/make_nop_id_i_3_0[0]
    SLICE_X17Y70         LUT6 (Prop_lut6_I0_O)        0.124    50.965 r  rf_write_select_mux_cpu/make_nop_id_i_5/O
                         net (fo=1, routed)           0.433    51.398    rf_write_select_mux_cpu/make_nop_id_i_5_n_0
    SLICE_X17Y70         LUT5 (Prop_lut5_I4_O)        0.124    51.522 r  rf_write_select_mux_cpu/make_nop_id_i_3/O
                         net (fo=4, routed)           0.535    52.058    unified_memory_cpu/comp_result[0]
    SLICE_X9Y70          LUT6 (Prop_lut6_I2_O)        0.124    52.182 r  unified_memory_cpu/alu_result_me[0]_i_3/O
                         net (fo=1, routed)           0.763    52.945    rf_write_select_mux_cpu/alu_result_me_reg[0]
    SLICE_X14Y70         LUT6 (Prop_lut6_I5_O)        0.124    53.069 r  rf_write_select_mux_cpu/alu_result_me[0]_i_1/O
                         net (fo=12, routed)          0.972    54.041    rf_write_select_mux_cpu/D[0]
    SLICE_X12Y60         LUT6 (Prop_lut6_I2_O)        0.124    54.165 r  rf_write_select_mux_cpu/byte_write[1].BRAM_reg_0_i_24/O
                         net (fo=139, routed)         1.145    55.310    rf_write_select_mux_cpu/is_misaligned0
    SLICE_X21Y59         LUT5 (Prop_lut5_I2_O)        0.124    55.434 r  rf_write_select_mux_cpu/pc_out[31]_i_3/O
                         net (fo=32, routed)          1.217    56.651    rf_write_select_mux_cpu/csr_sel0
    SLICE_X24Y67         LUT5 (Prop_lut5_I1_O)        0.124    56.775 r  rf_write_select_mux_cpu/pc_out[9]_i_2/O
                         net (fo=1, routed)           0.541    57.316    rf_write_select_mux_cpu/pc_counter_cpu/pc_target[9]
    SLICE_X24Y67         LUT3 (Prop_lut3_I0_O)        0.124    57.440 r  rf_write_select_mux_cpu/pc_out[9]_i_1/O
                         net (fo=9, routed)           1.288    58.728    unified_memory_cpu/byte_write[1].BRAM_reg_3_1_5[7]
    RAMB36_X0Y11         RAMB36E1                                     r  unified_memory_cpu/byte_write[1].BRAM_reg_3_0/ADDRBWRADDR[9]
  -------------------------------------------------------------------    -------------------

                         (clock sysclk rise edge)    60.000    60.000 r  
    K17                                               0.000    60.000 r  sysclk (IN)
                         net (fo=0)                   0.000    60.000    sysclk
    K17                  IBUF (Prop_ibuf_I_O)         1.421    61.421 r  sysclk_IBUF_inst/O
                         net (fo=1, routed)           1.880    63.301    sysclk_IBUF
    BUFGCTRL_X0Y16       BUFG (Prop_bufg_I_O)         0.091    63.392 r  sysclk_IBUF_BUFG_inst/O
                         net (fo=2153, routed)        1.535    64.927    unified_memory_cpu/sysclk_IBUF_BUFG
    RAMB36_X0Y11         RAMB36E1                                     r  unified_memory_cpu/byte_write[1].BRAM_reg_3_0/CLKBWRCLK
                         clock pessimism              0.291    65.218    
                         clock uncertainty           -0.035    65.183    
    RAMB36_X0Y11         RAMB36E1 (Setup_ramb36e1_CLKBWRCLK_ADDRBWRADDR[9])
                                                     -0.566    64.617    unified_memory_cpu/byte_write[1].BRAM_reg_3_0
  -------------------------------------------------------------------
                         required time                         64.617    
                         arrival time                         -58.728    
  -------------------------------------------------------------------
                         slack                                  5.889    

Slack (MET) :             5.894ns  (required time - arrival time)
  Source:                 unified_memory_cpu/byte_write[1].BRAM_reg_2_1/CLKARDCLK
                            (falling edge-triggered cell RAMB36E1 clocked by sysclk  {rise@0.000ns fall@30.000ns period=60.000ns})
  Destination:            unified_memory_cpu/byte_write[1].BRAM_reg_0_1/ADDRBWRADDR[9]
                            (rising edge-triggered cell RAMB36E1 clocked by sysclk  {rise@0.000ns fall@30.000ns period=60.000ns})
  Path Group:             sysclk
  Path Type:              Setup (Max at Slow Process Corner)
  Requirement:            30.000ns  (sysclk rise@60.000ns - sysclk fall@30.000ns)
  Data Path Delay:        23.341ns  (logic 6.103ns (26.148%)  route 17.238ns (73.852%))
  Logic Levels:           21  (CARRY4=3 LUT2=1 LUT3=2 LUT5=6 LUT6=9)
  Clock Path Skew:        -0.164ns (DCD - SCD + CPR)
    Destination Clock Delay (DCD):    4.915ns = ( 64.915 - 60.000 ) 
    Source Clock Delay      (SCD):    5.370ns = ( 35.370 - 30.000 ) 
    Clock Pessimism Removal (CPR):    0.291ns
  Clock Uncertainty:      0.035ns  ((TSJ^2 + TIJ^2)^1/2 + DJ) / 2 + PE
    Total System Jitter     (TSJ):    0.071ns
    Total Input Jitter      (TIJ):    0.000ns
    Discrete Jitter          (DJ):    0.000ns
    Phase Error              (PE):    0.000ns

    Location             Delay type                Incr(ns)  Path(ns)    Netlist Resource(s)
  -------------------------------------------------------------------    -------------------
                         (clock sysclk fall edge)    30.000    30.000 f  
    K17                                               0.000    30.000 f  sysclk (IN)
                         net (fo=0)                   0.000    30.000    sysclk
    K17                  IBUF (Prop_ibuf_I_O)         1.492    31.492 f  sysclk_IBUF_inst/O
                         net (fo=1, routed)           2.076    33.568    sysclk_IBUF
    BUFGCTRL_X0Y16       BUFG (Prop_bufg_I_O)         0.101    33.669 f  sysclk_IBUF_BUFG_inst/O
                         net (fo=2153, routed)        1.701    35.370    unified_memory_cpu/byte_write[1].BRAM_reg_0_0_2
    RAMB36_X1Y10         RAMB36E1                                     r  unified_memory_cpu/byte_write[1].BRAM_reg_2_1/CLKARDCLK  (IS_INVERTED)
  -------------------------------------------------------------------    -------------------
    RAMB36_X1Y10         RAMB36E1 (Prop_ramb36e1_CLKARDCLK_DOADO[3])
                                                      2.454    37.824 f  unified_memory_cpu/byte_write[1].BRAM_reg_2_1/DOADO[3]
                         net (fo=3, routed)           2.192    40.016    unified_memory_cpu/r_data[23]
    SLICE_X6Y60          LUT3 (Prop_lut3_I1_O)        0.152    40.168 f  unified_memory_cpu/byte_write[1].BRAM_reg_0_1_i_8/O
                         net (fo=8, routed)           0.503    40.672    unified_memory_cpu/mem_acc_in[23]
    SLICE_X6Y61          LUT5 (Prop_lut5_I2_O)        0.348    41.020 f  unified_memory_cpu/byte_write[1].BRAM_reg_1_0_i_17/O
                         net (fo=1, routed)           0.496    41.516    unified_memory_cpu/byte_write[1].BRAM_reg_1_0_i_17_n_0
    SLICE_X6Y61          LUT6 (Prop_lut6_I1_O)        0.124    41.640 f  unified_memory_cpu/byte_write[1].BRAM_reg_1_0_i_9/O
                         net (fo=10, routed)          0.740    42.380    unified_memory_cpu/byte_write[1].BRAM_reg_1_0_i_9_n_0
    SLICE_X9Y63          LUT6 (Prop_lut6_I4_O)        0.124    42.504 f  unified_memory_cpu/byte_write[1].BRAM_reg_1_0_i_1/O
                         net (fo=5, routed)           1.616    44.121    rf_write_select_mux_cpu/mem_acc_out[11]
    SLICE_X29Y75         LUT6 (Prop_lut6_I4_O)        0.124    44.245 f  rf_write_select_mux_cpu/product0__0_i_58/O
                         net (fo=1, routed)           0.791    45.035    rf_write_select_mux_cpu/product0__0_i_58_n_0
    SLICE_X26Y71         LUT6 (Prop_lut6_I0_O)        0.124    45.159 f  rf_write_select_mux_cpu/product0__0_i_23/O
                         net (fo=3, routed)           0.875    46.034    rf_write_select_mux_cpu/bypass_csr_ready_reg_34
    SLICE_X23Y67         LUT5 (Prop_lut5_I1_O)        0.150    46.184 f  rf_write_select_mux_cpu/i__carry__0_i_28/O
                         net (fo=7, routed)           0.788    46.972    rf_write_select_mux_cpu/i__carry__0_i_28_n_0
    SLICE_X19Y65         LUT5 (Prop_lut5_I4_O)        0.326    47.298 r  rf_write_select_mux_cpu/i__carry__0_i_16/O
                         net (fo=2, routed)           0.310    47.608    rf_write_select_mux_cpu/i__carry__0_i_16_n_0
    SLICE_X19Y64         LUT6 (Prop_lut6_I0_O)        0.326    47.934 r  rf_write_select_mux_cpu/i__carry__0_i_11__0/O
                         net (fo=1, routed)           0.615    48.549    rf_write_select_mux_cpu/i__carry__0_i_11__0_n_0
    SLICE_X19Y65         LUT2 (Prop_lut2_I0_O)        0.124    48.673 r  rf_write_select_mux_cpu/i__carry__0_i_3/O
                         net (fo=2, routed)           0.522    49.195    alu_cpu/comparison_unit_in_alu/comp_result_bf2_inferred__3/i__carry__1_0[1]
    SLICE_X18Y67         CARRY4 (Prop_carry4_DI[1]_CO[3])
                                                      0.507    49.702 r  alu_cpu/comparison_unit_in_alu/comp_result_bf2_inferred__3/i__carry__0/CO[3]
                         net (fo=1, routed)           0.000    49.702    alu_cpu/comparison_unit_in_alu/comp_result_bf2_inferred__3/i__carry__0_n_0
    SLICE_X18Y68         CARRY4 (Prop_carry4_CI_CO[3])
                                                      0.114    49.816 r  alu_cpu/comparison_unit_in_alu/comp_result_bf2_inferred__3/i__carry__1/CO[3]
                         net (fo=1, routed)           0.000    49.816    alu_cpu/comparison_unit_in_alu/comp_result_bf2_inferred__3/i__carry__1_n_0
    SLICE_X18Y69         CARRY4 (Prop_carry4_CI_CO[3])
                                                      0.114    49.930 r  alu_cpu/comparison_unit_in_alu/comp_result_bf2_inferred__3/i__carry__2/CO[3]
                         net (fo=1, routed)           0.911    50.841    rf_write_select_mux_cpu/make_nop_id_i_3_0[0]
    SLICE_X17Y70         LUT6 (Prop_lut6_I0_O)        0.124    50.965 r  rf_write_select_mux_cpu/make_nop_id_i_5/O
                         net (fo=1, routed)           0.433    51.398    rf_write_select_mux_cpu/make_nop_id_i_5_n_0
    SLICE_X17Y70         LUT5 (Prop_lut5_I4_O)        0.124    51.522 r  rf_write_select_mux_cpu/make_nop_id_i_3/O
                         net (fo=4, routed)           0.535    52.058    unified_memory_cpu/comp_result[0]
    SLICE_X9Y70          LUT6 (Prop_lut6_I2_O)        0.124    52.182 r  unified_memory_cpu/alu_result_me[0]_i_3/O
                         net (fo=1, routed)           0.763    52.945    rf_write_select_mux_cpu/alu_result_me_reg[0]
    SLICE_X14Y70         LUT6 (Prop_lut6_I5_O)        0.124    53.069 r  rf_write_select_mux_cpu/alu_result_me[0]_i_1/O
                         net (fo=12, routed)          0.972    54.041    rf_write_select_mux_cpu/D[0]
    SLICE_X12Y60         LUT6 (Prop_lut6_I2_O)        0.124    54.165 r  rf_write_select_mux_cpu/byte_write[1].BRAM_reg_0_i_24/O
                         net (fo=139, routed)         1.145    55.310    rf_write_select_mux_cpu/is_misaligned0
    SLICE_X21Y59         LUT5 (Prop_lut5_I2_O)        0.124    55.434 r  rf_write_select_mux_cpu/pc_out[31]_i_3/O
                         net (fo=32, routed)          1.217    56.651    rf_write_select_mux_cpu/csr_sel0
    SLICE_X24Y67         LUT5 (Prop_lut5_I1_O)        0.124    56.775 r  rf_write_select_mux_cpu/pc_out[9]_i_2/O
                         net (fo=1, routed)           0.541    57.316    rf_write_select_mux_cpu/pc_counter_cpu/pc_target[9]
    SLICE_X24Y67         LUT3 (Prop_lut3_I0_O)        0.124    57.440 r  rf_write_select_mux_cpu/pc_out[9]_i_1/O
                         net (fo=9, routed)           1.271    58.711    unified_memory_cpu/byte_write[1].BRAM_reg_3_1_5[7]
    RAMB36_X0Y14         RAMB36E1                                     r  unified_memory_cpu/byte_write[1].BRAM_reg_0_1/ADDRBWRADDR[9]
  -------------------------------------------------------------------    -------------------

                         (clock sysclk rise edge)    60.000    60.000 r  
    K17                                               0.000    60.000 r  sysclk (IN)
                         net (fo=0)                   0.000    60.000    sysclk
    K17                  IBUF (Prop_ibuf_I_O)         1.421    61.421 r  sysclk_IBUF_inst/O
                         net (fo=1, routed)           1.880    63.301    sysclk_IBUF
    BUFGCTRL_X0Y16       BUFG (Prop_bufg_I_O)         0.091    63.392 r  sysclk_IBUF_BUFG_inst/O
                         net (fo=2153, routed)        1.523    64.915    unified_memory_cpu/sysclk_IBUF_BUFG
    RAMB36_X0Y14         RAMB36E1                                     r  unified_memory_cpu/byte_write[1].BRAM_reg_0_1/CLKBWRCLK
                         clock pessimism              0.291    65.206    
                         clock uncertainty           -0.035    65.171    
    RAMB36_X0Y14         RAMB36E1 (Setup_ramb36e1_CLKBWRCLK_ADDRBWRADDR[9])
                                                     -0.566    64.605    unified_memory_cpu/byte_write[1].BRAM_reg_0_1
  -------------------------------------------------------------------
                         required time                         64.605    
                         arrival time                         -58.711    
  -------------------------------------------------------------------
                         slack                                  5.894    

Slack (MET) :             5.946ns  (required time - arrival time)
  Source:                 unified_memory_cpu/byte_write[1].BRAM_reg_2_1/CLKARDCLK
                            (falling edge-triggered cell RAMB36E1 clocked by sysclk  {rise@0.000ns fall@30.000ns period=60.000ns})
  Destination:            unified_memory_cpu/byte_write[1].BRAM_reg_0_0/ADDRBWRADDR[9]
                            (rising edge-triggered cell RAMB36E1 clocked by sysclk  {rise@0.000ns fall@30.000ns period=60.000ns})
  Path Group:             sysclk
  Path Type:              Setup (Max at Slow Process Corner)
  Requirement:            30.000ns  (sysclk rise@60.000ns - sysclk fall@30.000ns)
  Data Path Delay:        23.294ns  (logic 6.103ns (26.200%)  route 17.191ns (73.800%))
  Logic Levels:           21  (CARRY4=3 LUT2=1 LUT3=2 LUT5=6 LUT6=9)
  Clock Path Skew:        -0.159ns (DCD - SCD + CPR)
    Destination Clock Delay (DCD):    4.920ns = ( 64.920 - 60.000 ) 
    Source Clock Delay      (SCD):    5.370ns = ( 35.370 - 30.000 ) 
    Clock Pessimism Removal (CPR):    0.291ns
  Clock Uncertainty:      0.035ns  ((TSJ^2 + TIJ^2)^1/2 + DJ) / 2 + PE
    Total System Jitter     (TSJ):    0.071ns
    Total Input Jitter      (TIJ):    0.000ns
    Discrete Jitter          (DJ):    0.000ns
    Phase Error              (PE):    0.000ns

    Location             Delay type                Incr(ns)  Path(ns)    Netlist Resource(s)
  -------------------------------------------------------------------    -------------------
                         (clock sysclk fall edge)    30.000    30.000 f  
    K17                                               0.000    30.000 f  sysclk (IN)
                         net (fo=0)                   0.000    30.000    sysclk
    K17                  IBUF (Prop_ibuf_I_O)         1.492    31.492 f  sysclk_IBUF_inst/O
                         net (fo=1, routed)           2.076    33.568    sysclk_IBUF
    BUFGCTRL_X0Y16       BUFG (Prop_bufg_I_O)         0.101    33.669 f  sysclk_IBUF_BUFG_inst/O
                         net (fo=2153, routed)        1.701    35.370    unified_memory_cpu/byte_write[1].BRAM_reg_0_0_2
    RAMB36_X1Y10         RAMB36E1                                     r  unified_memory_cpu/byte_write[1].BRAM_reg_2_1/CLKARDCLK  (IS_INVERTED)
  -------------------------------------------------------------------    -------------------
    RAMB36_X1Y10         RAMB36E1 (Prop_ramb36e1_CLKARDCLK_DOADO[3])
                                                      2.454    37.824 f  unified_memory_cpu/byte_write[1].BRAM_reg_2_1/DOADO[3]
                         net (fo=3, routed)           2.192    40.016    unified_memory_cpu/r_data[23]
    SLICE_X6Y60          LUT3 (Prop_lut3_I1_O)        0.152    40.168 f  unified_memory_cpu/byte_write[1].BRAM_reg_0_1_i_8/O
                         net (fo=8, routed)           0.503    40.672    unified_memory_cpu/mem_acc_in[23]
    SLICE_X6Y61          LUT5 (Prop_lut5_I2_O)        0.348    41.020 f  unified_memory_cpu/byte_write[1].BRAM_reg_1_0_i_17/O
                         net (fo=1, routed)           0.496    41.516    unified_memory_cpu/byte_write[1].BRAM_reg_1_0_i_17_n_0
    SLICE_X6Y61          LUT6 (Prop_lut6_I1_O)        0.124    41.640 f  unified_memory_cpu/byte_write[1].BRAM_reg_1_0_i_9/O
                         net (fo=10, routed)          0.740    42.380    unified_memory_cpu/byte_write[1].BRAM_reg_1_0_i_9_n_0
    SLICE_X9Y63          LUT6 (Prop_lut6_I4_O)        0.124    42.504 f  unified_memory_cpu/byte_write[1].BRAM_reg_1_0_i_1/O
                         net (fo=5, routed)           1.616    44.121    rf_write_select_mux_cpu/mem_acc_out[11]
    SLICE_X29Y75         LUT6 (Prop_lut6_I4_O)        0.124    44.245 f  rf_write_select_mux_cpu/product0__0_i_58/O
                         net (fo=1, routed)           0.791    45.035    rf_write_select_mux_cpu/product0__0_i_58_n_0
    SLICE_X26Y71         LUT6 (Prop_lut6_I0_O)        0.124    45.159 f  rf_write_select_mux_cpu/product0__0_i_23/O
                         net (fo=3, routed)           0.875    46.034    rf_write_select_mux_cpu/bypass_csr_ready_reg_34
    SLICE_X23Y67         LUT5 (Prop_lut5_I1_O)        0.150    46.184 f  rf_write_select_mux_cpu/i__carry__0_i_28/O
                         net (fo=7, routed)           0.788    46.972    rf_write_select_mux_cpu/i__carry__0_i_28_n_0
    SLICE_X19Y65         LUT5 (Prop_lut5_I4_O)        0.326    47.298 r  rf_write_select_mux_cpu/i__carry__0_i_16/O
                         net (fo=2, routed)           0.310    47.608    rf_write_select_mux_cpu/i__carry__0_i_16_n_0
    SLICE_X19Y64         LUT6 (Prop_lut6_I0_O)        0.326    47.934 r  rf_write_select_mux_cpu/i__carry__0_i_11__0/O
                         net (fo=1, routed)           0.615    48.549    rf_write_select_mux_cpu/i__carry__0_i_11__0_n_0
    SLICE_X19Y65         LUT2 (Prop_lut2_I0_O)        0.124    48.673 r  rf_write_select_mux_cpu/i__carry__0_i_3/O
                         net (fo=2, routed)           0.522    49.195    alu_cpu/comparison_unit_in_alu/comp_result_bf2_inferred__3/i__carry__1_0[1]
    SLICE_X18Y67         CARRY4 (Prop_carry4_DI[1]_CO[3])
                                                      0.507    49.702 r  alu_cpu/comparison_unit_in_alu/comp_result_bf2_inferred__3/i__carry__0/CO[3]
                         net (fo=1, routed)           0.000    49.702    alu_cpu/comparison_unit_in_alu/comp_result_bf2_inferred__3/i__carry__0_n_0
    SLICE_X18Y68         CARRY4 (Prop_carry4_CI_CO[3])
                                                      0.114    49.816 r  alu_cpu/comparison_unit_in_alu/comp_result_bf2_inferred__3/i__carry__1/CO[3]
                         net (fo=1, routed)           0.000    49.816    alu_cpu/comparison_unit_in_alu/comp_result_bf2_inferred__3/i__carry__1_n_0
    SLICE_X18Y69         CARRY4 (Prop_carry4_CI_CO[3])
                                                      0.114    49.930 r  alu_cpu/comparison_unit_in_alu/comp_result_bf2_inferred__3/i__carry__2/CO[3]
                         net (fo=1, routed)           0.911    50.841    rf_write_select_mux_cpu/make_nop_id_i_3_0[0]
    SLICE_X17Y70         LUT6 (Prop_lut6_I0_O)        0.124    50.965 r  rf_write_select_mux_cpu/make_nop_id_i_5/O
                         net (fo=1, routed)           0.433    51.398    rf_write_select_mux_cpu/make_nop_id_i_5_n_0
    SLICE_X17Y70         LUT5 (Prop_lut5_I4_O)        0.124    51.522 r  rf_write_select_mux_cpu/make_nop_id_i_3/O
                         net (fo=4, routed)           0.535    52.058    unified_memory_cpu/comp_result[0]
    SLICE_X9Y70          LUT6 (Prop_lut6_I2_O)        0.124    52.182 r  unified_memory_cpu/alu_result_me[0]_i_3/O
                         net (fo=1, routed)           0.763    52.945    rf_write_select_mux_cpu/alu_result_me_reg[0]
    SLICE_X14Y70         LUT6 (Prop_lut6_I5_O)        0.124    53.069 r  rf_write_select_mux_cpu/alu_result_me[0]_i_1/O
                         net (fo=12, routed)          0.972    54.041    rf_write_select_mux_cpu/D[0]
    SLICE_X12Y60         LUT6 (Prop_lut6_I2_O)        0.124    54.165 r  rf_write_select_mux_cpu/byte_write[1].BRAM_reg_0_i_24/O
                         net (fo=139, routed)         1.145    55.310    rf_write_select_mux_cpu/is_misaligned0
    SLICE_X21Y59         LUT5 (Prop_lut5_I2_O)        0.124    55.434 r  rf_write_select_mux_cpu/pc_out[31]_i_3/O
                         net (fo=32, routed)          1.217    56.651    rf_write_select_mux_cpu/csr_sel0
    SLICE_X24Y67         LUT5 (Prop_lut5_I1_O)        0.124    56.775 r  rf_write_select_mux_cpu/pc_out[9]_i_2/O
                         net (fo=1, routed)           0.541    57.316    rf_write_select_mux_cpu/pc_counter_cpu/pc_target[9]
    SLICE_X24Y67         LUT3 (Prop_lut3_I0_O)        0.124    57.440 r  rf_write_select_mux_cpu/pc_out[9]_i_1/O
                         net (fo=9, routed)           1.224    58.664    unified_memory_cpu/byte_write[1].BRAM_reg_3_1_5[7]
    RAMB36_X0Y13         RAMB36E1                                     r  unified_memory_cpu/byte_write[1].BRAM_reg_0_0/ADDRBWRADDR[9]
  -------------------------------------------------------------------    -------------------

                         (clock sysclk rise edge)    60.000    60.000 r  
    K17                                               0.000    60.000 r  sysclk (IN)
                         net (fo=0)                   0.000    60.000    sysclk
    K17                  IBUF (Prop_ibuf_I_O)         1.421    61.421 r  sysclk_IBUF_inst/O
                         net (fo=1, routed)           1.880    63.301    sysclk_IBUF
    BUFGCTRL_X0Y16       BUFG (Prop_bufg_I_O)         0.091    63.392 r  sysclk_IBUF_BUFG_inst/O
                         net (fo=2153, routed)        1.528    64.920    unified_memory_cpu/sysclk_IBUF_BUFG
    RAMB36_X0Y13         RAMB36E1                                     r  unified_memory_cpu/byte_write[1].BRAM_reg_0_0/CLKBWRCLK
                         clock pessimism              0.291    65.211    
                         clock uncertainty           -0.035    65.176    
    RAMB36_X0Y13         RAMB36E1 (Setup_ramb36e1_CLKBWRCLK_ADDRBWRADDR[9])
                                                     -0.566    64.610    unified_memory_cpu/byte_write[1].BRAM_reg_0_0
  -------------------------------------------------------------------
                         required time                         64.610    
                         arrival time                         -58.664    
  -------------------------------------------------------------------
                         slack                                  5.946    

Slack (MET) :             6.003ns  (required time - arrival time)
  Source:                 unified_memory_cpu/byte_write[1].BRAM_reg_2_1/CLKARDCLK
                            (falling edge-triggered cell RAMB36E1 clocked by sysclk  {rise@0.000ns fall@30.000ns period=60.000ns})
  Destination:            unified_memory_cpu/byte_write[1].BRAM_reg_0_1/ADDRBWRADDR[4]
                            (rising edge-triggered cell RAMB36E1 clocked by sysclk  {rise@0.000ns fall@30.000ns period=60.000ns})
  Path Group:             sysclk
  Path Type:              Setup (Max at Slow Process Corner)
  Requirement:            30.000ns  (sysclk rise@60.000ns - sysclk fall@30.000ns)
  Data Path Delay:        23.232ns  (logic 6.103ns (26.270%)  route 17.129ns (73.730%))
  Logic Levels:           21  (CARRY4=3 LUT2=1 LUT3=2 LUT5=6 LUT6=9)
  Clock Path Skew:        -0.164ns (DCD - SCD + CPR)
    Destination Clock Delay (DCD):    4.915ns = ( 64.915 - 60.000 ) 
    Source Clock Delay      (SCD):    5.370ns = ( 35.370 - 30.000 ) 
    Clock Pessimism Removal (CPR):    0.291ns
  Clock Uncertainty:      0.035ns  ((TSJ^2 + TIJ^2)^1/2 + DJ) / 2 + PE
    Total System Jitter     (TSJ):    0.071ns
    Total Input Jitter      (TIJ):    0.000ns
    Discrete Jitter          (DJ):    0.000ns
    Phase Error              (PE):    0.000ns

    Location             Delay type                Incr(ns)  Path(ns)    Netlist Resource(s)
  -------------------------------------------------------------------    -------------------
                         (clock sysclk fall edge)    30.000    30.000 f  
    K17                                               0.000    30.000 f  sysclk (IN)
                         net (fo=0)                   0.000    30.000    sysclk
    K17                  IBUF (Prop_ibuf_I_O)         1.492    31.492 f  sysclk_IBUF_inst/O
                         net (fo=1, routed)           2.076    33.568    sysclk_IBUF
    BUFGCTRL_X0Y16       BUFG (Prop_bufg_I_O)         0.101    33.669 f  sysclk_IBUF_BUFG_inst/O
                         net (fo=2153, routed)        1.701    35.370    unified_memory_cpu/byte_write[1].BRAM_reg_0_0_2
    RAMB36_X1Y10         RAMB36E1                                     r  unified_memory_cpu/byte_write[1].BRAM_reg_2_1/CLKARDCLK  (IS_INVERTED)
  -------------------------------------------------------------------    -------------------
    RAMB36_X1Y10         RAMB36E1 (Prop_ramb36e1_CLKARDCLK_DOADO[3])
                                                      2.454    37.824 f  unified_memory_cpu/byte_write[1].BRAM_reg_2_1/DOADO[3]
                         net (fo=3, routed)           2.192    40.016    unified_memory_cpu/r_data[23]
    SLICE_X6Y60          LUT3 (Prop_lut3_I1_O)        0.152    40.168 f  unified_memory_cpu/byte_write[1].BRAM_reg_0_1_i_8/O
                         net (fo=8, routed)           0.503    40.672    unified_memory_cpu/mem_acc_in[23]
    SLICE_X6Y61          LUT5 (Prop_lut5_I2_O)        0.348    41.020 f  unified_memory_cpu/byte_write[1].BRAM_reg_1_0_i_17/O
                         net (fo=1, routed)           0.496    41.516    unified_memory_cpu/byte_write[1].BRAM_reg_1_0_i_17_n_0
    SLICE_X6Y61          LUT6 (Prop_lut6_I1_O)        0.124    41.640 f  unified_memory_cpu/byte_write[1].BRAM_reg_1_0_i_9/O
                         net (fo=10, routed)          0.740    42.380    unified_memory_cpu/byte_write[1].BRAM_reg_1_0_i_9_n_0
    SLICE_X9Y63          LUT6 (Prop_lut6_I4_O)        0.124    42.504 f  unified_memory_cpu/byte_write[1].BRAM_reg_1_0_i_1/O
                         net (fo=5, routed)           1.616    44.121    rf_write_select_mux_cpu/mem_acc_out[11]
    SLICE_X29Y75         LUT6 (Prop_lut6_I4_O)        0.124    44.245 f  rf_write_select_mux_cpu/product0__0_i_58/O
                         net (fo=1, routed)           0.791    45.035    rf_write_select_mux_cpu/product0__0_i_58_n_0
    SLICE_X26Y71         LUT6 (Prop_lut6_I0_O)        0.124    45.159 f  rf_write_select_mux_cpu/product0__0_i_23/O
                         net (fo=3, routed)           0.875    46.034    rf_write_select_mux_cpu/bypass_csr_ready_reg_34
    SLICE_X23Y67         LUT5 (Prop_lut5_I1_O)        0.150    46.184 f  rf_write_select_mux_cpu/i__carry__0_i_28/O
                         net (fo=7, routed)           0.788    46.972    rf_write_select_mux_cpu/i__carry__0_i_28_n_0
    SLICE_X19Y65         LUT5 (Prop_lut5_I4_O)        0.326    47.298 r  rf_write_select_mux_cpu/i__carry__0_i_16/O
                         net (fo=2, routed)           0.310    47.608    rf_write_select_mux_cpu/i__carry__0_i_16_n_0
    SLICE_X19Y64         LUT6 (Prop_lut6_I0_O)        0.326    47.934 r  rf_write_select_mux_cpu/i__carry__0_i_11__0/O
                         net (fo=1, routed)           0.615    48.549    rf_write_select_mux_cpu/i__carry__0_i_11__0_n_0
    SLICE_X19Y65         LUT2 (Prop_lut2_I0_O)        0.124    48.673 r  rf_write_select_mux_cpu/i__carry__0_i_3/O
                         net (fo=2, routed)           0.522    49.195    alu_cpu/comparison_unit_in_alu/comp_result_bf2_inferred__3/i__carry__1_0[1]
    SLICE_X18Y67         CARRY4 (Prop_carry4_DI[1]_CO[3])
                                                      0.507    49.702 r  alu_cpu/comparison_unit_in_alu/comp_result_bf2_inferred__3/i__carry__0/CO[3]
                         net (fo=1, routed)           0.000    49.702    alu_cpu/comparison_unit_in_alu/comp_result_bf2_inferred__3/i__carry__0_n_0
    SLICE_X18Y68         CARRY4 (Prop_carry4_CI_CO[3])
                                                      0.114    49.816 r  alu_cpu/comparison_unit_in_alu/comp_result_bf2_inferred__3/i__carry__1/CO[3]
                         net (fo=1, routed)           0.000    49.816    alu_cpu/comparison_unit_in_alu/comp_result_bf2_inferred__3/i__carry__1_n_0
    SLICE_X18Y69         CARRY4 (Prop_carry4_CI_CO[3])
                                                      0.114    49.930 r  alu_cpu/comparison_unit_in_alu/comp_result_bf2_inferred__3/i__carry__2/CO[3]
                         net (fo=1, routed)           0.911    50.841    rf_write_select_mux_cpu/make_nop_id_i_3_0[0]
    SLICE_X17Y70         LUT6 (Prop_lut6_I0_O)        0.124    50.965 r  rf_write_select_mux_cpu/make_nop_id_i_5/O
                         net (fo=1, routed)           0.433    51.398    rf_write_select_mux_cpu/make_nop_id_i_5_n_0
    SLICE_X17Y70         LUT5 (Prop_lut5_I4_O)        0.124    51.522 r  rf_write_select_mux_cpu/make_nop_id_i_3/O
                         net (fo=4, routed)           0.535    52.058    unified_memory_cpu/comp_result[0]
    SLICE_X9Y70          LUT6 (Prop_lut6_I2_O)        0.124    52.182 r  unified_memory_cpu/alu_result_me[0]_i_3/O
                         net (fo=1, routed)           0.763    52.945    rf_write_select_mux_cpu/alu_result_me_reg[0]
    SLICE_X14Y70         LUT6 (Prop_lut6_I5_O)        0.124    53.069 r  rf_write_select_mux_cpu/alu_result_me[0]_i_1/O
                         net (fo=12, routed)          0.972    54.041    rf_write_select_mux_cpu/D[0]
    SLICE_X12Y60         LUT6 (Prop_lut6_I2_O)        0.124    54.165 r  rf_write_select_mux_cpu/byte_write[1].BRAM_reg_0_i_24/O
                         net (fo=139, routed)         1.145    55.310    rf_write_select_mux_cpu/is_misaligned0
    SLICE_X21Y59         LUT5 (Prop_lut5_I2_O)        0.124    55.434 r  rf_write_select_mux_cpu/pc_out[31]_i_3/O
                         net (fo=32, routed)          0.968    56.402    rf_write_select_mux_cpu/csr_sel0
    SLICE_X25Y65         LUT5 (Prop_lut5_I1_O)        0.124    56.526 r  rf_write_select_mux_cpu/pc_out[4]_i_2/O
                         net (fo=1, routed)           0.469    56.996    rf_write_select_mux_cpu/pc_counter_cpu/pc_target[4]
    SLICE_X25Y65         LUT3 (Prop_lut3_I0_O)        0.124    57.120 r  rf_write_select_mux_cpu/pc_out[4]_i_1/O
                         net (fo=9, routed)           1.483    58.602    unified_memory_cpu/byte_write[1].BRAM_reg_3_1_5[2]
    RAMB36_X0Y14         RAMB36E1                                     r  unified_memory_cpu/byte_write[1].BRAM_reg_0_1/ADDRBWRADDR[4]
  -------------------------------------------------------------------    -------------------

                         (clock sysclk rise edge)    60.000    60.000 r  
    K17                                               0.000    60.000 r  sysclk (IN)
                         net (fo=0)                   0.000    60.000    sysclk
    K17                  IBUF (Prop_ibuf_I_O)         1.421    61.421 r  sysclk_IBUF_inst/O
                         net (fo=1, routed)           1.880    63.301    sysclk_IBUF
    BUFGCTRL_X0Y16       BUFG (Prop_bufg_I_O)         0.091    63.392 r  sysclk_IBUF_BUFG_inst/O
                         net (fo=2153, routed)        1.523    64.915    unified_memory_cpu/sysclk_IBUF_BUFG
    RAMB36_X0Y14         RAMB36E1                                     r  unified_memory_cpu/byte_write[1].BRAM_reg_0_1/CLKBWRCLK
                         clock pessimism              0.291    65.206    
                         clock uncertainty           -0.035    65.171    
    RAMB36_X0Y14         RAMB36E1 (Setup_ramb36e1_CLKBWRCLK_ADDRBWRADDR[4])
                                                     -0.566    64.605    unified_memory_cpu/byte_write[1].BRAM_reg_0_1
  -------------------------------------------------------------------
                         required time                         64.605    
                         arrival time                         -58.602    
  -------------------------------------------------------------------
                         slack                                  6.003    

Slack (MET) :             6.010ns  (required time - arrival time)
  Source:                 unified_memory_cpu/byte_write[1].BRAM_reg_2_1/CLKARDCLK
                            (falling edge-triggered cell RAMB36E1 clocked by sysclk  {rise@0.000ns fall@30.000ns period=60.000ns})
  Destination:            unified_memory_cpu/byte_write[1].BRAM_reg_2_0/ADDRBWRADDR[5]
                            (rising edge-triggered cell RAMB36E1 clocked by sysclk  {rise@0.000ns fall@30.000ns period=60.000ns})
  Path Group:             sysclk
  Path Type:              Setup (Max at Slow Process Corner)
  Requirement:            30.000ns  (sysclk rise@60.000ns - sysclk fall@30.000ns)
  Data Path Delay:        23.035ns  (logic 6.129ns (26.608%)  route 16.906ns (73.392%))
  Logic Levels:           21  (CARRY4=3 LUT2=1 LUT3=2 LUT5=6 LUT6=9)
  Clock Path Skew:        -0.151ns (DCD - SCD + CPR)
    Destination Clock Delay (DCD):    4.928ns = ( 64.928 - 60.000 ) 
    Source Clock Delay      (SCD):    5.370ns = ( 35.370 - 30.000 ) 
    Clock Pessimism Removal (CPR):    0.291ns
  Clock Uncertainty:      0.035ns  ((TSJ^2 + TIJ^2)^1/2 + DJ) / 2 + PE
    Total System Jitter     (TSJ):    0.071ns
    Total Input Jitter      (TIJ):    0.000ns
    Discrete Jitter          (DJ):    0.000ns
    Phase Error              (PE):    0.000ns

    Location             Delay type                Incr(ns)  Path(ns)    Netlist Resource(s)
  -------------------------------------------------------------------    -------------------
                         (clock sysclk fall edge)    30.000    30.000 f  
    K17                                               0.000    30.000 f  sysclk (IN)
                         net (fo=0)                   0.000    30.000    sysclk
    K17                  IBUF (Prop_ibuf_I_O)         1.492    31.492 f  sysclk_IBUF_inst/O
                         net (fo=1, routed)           2.076    33.568    sysclk_IBUF
    BUFGCTRL_X0Y16       BUFG (Prop_bufg_I_O)         0.101    33.669 f  sysclk_IBUF_BUFG_inst/O
                         net (fo=2153, routed)        1.701    35.370    unified_memory_cpu/byte_write[1].BRAM_reg_0_0_2
    RAMB36_X1Y10         RAMB36E1                                     r  unified_memory_cpu/byte_write[1].BRAM_reg_2_1/CLKARDCLK  (IS_INVERTED)
  -------------------------------------------------------------------    -------------------
    RAMB36_X1Y10         RAMB36E1 (Prop_ramb36e1_CLKARDCLK_DOADO[3])
                                                      2.454    37.824 f  unified_memory_cpu/byte_write[1].BRAM_reg_2_1/DOADO[3]
                         net (fo=3, routed)           2.192    40.016    unified_memory_cpu/r_data[23]
    SLICE_X6Y60          LUT3 (Prop_lut3_I1_O)        0.152    40.168 f  unified_memory_cpu/byte_write[1].BRAM_reg_0_1_i_8/O
                         net (fo=8, routed)           0.503    40.672    unified_memory_cpu/mem_acc_in[23]
    SLICE_X6Y61          LUT5 (Prop_lut5_I2_O)        0.348    41.020 f  unified_memory_cpu/byte_write[1].BRAM_reg_1_0_i_17/O
                         net (fo=1, routed)           0.496    41.516    unified_memory_cpu/byte_write[1].BRAM_reg_1_0_i_17_n_0
    SLICE_X6Y61          LUT6 (Prop_lut6_I1_O)        0.124    41.640 f  unified_memory_cpu/byte_write[1].BRAM_reg_1_0_i_9/O
                         net (fo=10, routed)          0.740    42.380    unified_memory_cpu/byte_write[1].BRAM_reg_1_0_i_9_n_0
    SLICE_X9Y63          LUT6 (Prop_lut6_I4_O)        0.124    42.504 f  unified_memory_cpu/byte_write[1].BRAM_reg_1_0_i_1/O
                         net (fo=5, routed)           1.616    44.121    rf_write_select_mux_cpu/mem_acc_out[11]
    SLICE_X29Y75         LUT6 (Prop_lut6_I4_O)        0.124    44.245 f  rf_write_select_mux_cpu/product0__0_i_58/O
                         net (fo=1, routed)           0.791    45.035    rf_write_select_mux_cpu/product0__0_i_58_n_0
    SLICE_X26Y71         LUT6 (Prop_lut6_I0_O)        0.124    45.159 f  rf_write_select_mux_cpu/product0__0_i_23/O
                         net (fo=3, routed)           0.875    46.034    rf_write_select_mux_cpu/bypass_csr_ready_reg_34
    SLICE_X23Y67         LUT5 (Prop_lut5_I1_O)        0.150    46.184 f  rf_write_select_mux_cpu/i__carry__0_i_28/O
                         net (fo=7, routed)           0.788    46.972    rf_write_select_mux_cpu/i__carry__0_i_28_n_0
    SLICE_X19Y65         LUT5 (Prop_lut5_I4_O)        0.326    47.298 r  rf_write_select_mux_cpu/i__carry__0_i_16/O
                         net (fo=2, routed)           0.310    47.608    rf_write_select_mux_cpu/i__carry__0_i_16_n_0
    SLICE_X19Y64         LUT6 (Prop_lut6_I0_O)        0.326    47.934 r  rf_write_select_mux_cpu/i__carry__0_i_11__0/O
                         net (fo=1, routed)           0.615    48.549    rf_write_select_mux_cpu/i__carry__0_i_11__0_n_0
    SLICE_X19Y65         LUT2 (Prop_lut2_I0_O)        0.124    48.673 r  rf_write_select_mux_cpu/i__carry__0_i_3/O
                         net (fo=2, routed)           0.522    49.195    alu_cpu/comparison_unit_in_alu/comp_result_bf2_inferred__3/i__carry__1_0[1]
    SLICE_X18Y67         CARRY4 (Prop_carry4_DI[1]_CO[3])
                                                      0.507    49.702 r  alu_cpu/comparison_unit_in_alu/comp_result_bf2_inferred__3/i__carry__0/CO[3]
                         net (fo=1, routed)           0.000    49.702    alu_cpu/comparison_unit_in_alu/comp_result_bf2_inferred__3/i__carry__0_n_0
    SLICE_X18Y68         CARRY4 (Prop_carry4_CI_CO[3])
                                                      0.114    49.816 r  alu_cpu/comparison_unit_in_alu/comp_result_bf2_inferred__3/i__carry__1/CO[3]
                         net (fo=1, routed)           0.000    49.816    alu_cpu/comparison_unit_in_alu/comp_result_bf2_inferred__3/i__carry__1_n_0
    SLICE_X18Y69         CARRY4 (Prop_carry4_CI_CO[3])
                                                      0.114    49.930 r  alu_cpu/comparison_unit_in_alu/comp_result_bf2_inferred__3/i__carry__2/CO[3]
                         net (fo=1, routed)           0.911    50.841    rf_write_select_mux_cpu/make_nop_id_i_3_0[0]
    SLICE_X17Y70         LUT6 (Prop_lut6_I0_O)        0.124    50.965 r  rf_write_select_mux_cpu/make_nop_id_i_5/O
                         net (fo=1, routed)           0.433    51.398    rf_write_select_mux_cpu/make_nop_id_i_5_n_0
    SLICE_X17Y70         LUT5 (Prop_lut5_I4_O)        0.124    51.522 r  rf_write_select_mux_cpu/make_nop_id_i_3/O
                         net (fo=4, routed)           0.535    52.058    unified_memory_cpu/comp_result[0]
    SLICE_X9Y70          LUT6 (Prop_lut6_I2_O)        0.124    52.182 r  unified_memory_cpu/alu_result_me[0]_i_3/O
                         net (fo=1, routed)           0.763    52.945    rf_write_select_mux_cpu/alu_result_me_reg[0]
    SLICE_X14Y70         LUT6 (Prop_lut6_I5_O)        0.124    53.069 r  rf_write_select_mux_cpu/alu_result_me[0]_i_1/O
                         net (fo=12, routed)          0.972    54.041    rf_write_select_mux_cpu/D[0]
    SLICE_X12Y60         LUT6 (Prop_lut6_I2_O)        0.124    54.165 r  rf_write_select_mux_cpu/byte_write[1].BRAM_reg_0_i_24/O
                         net (fo=139, routed)         1.145    55.310    rf_write_select_mux_cpu/is_misaligned0
    SLICE_X21Y59         LUT5 (Prop_lut5_I2_O)        0.124    55.434 r  rf_write_select_mux_cpu/pc_out[31]_i_3/O
                         net (fo=32, routed)          0.676    56.111    rf_write_select_mux_cpu/csr_sel0
    SLICE_X25Y65         LUT5 (Prop_lut5_I1_O)        0.124    56.235 r  rf_write_select_mux_cpu/pc_out[5]_i_2/O
                         net (fo=1, routed)           0.575    56.810    rf_write_select_mux_cpu/pc_counter_cpu/pc_target[5]
    SLICE_X25Y65         LUT3 (Prop_lut3_I0_O)        0.150    56.960 r  rf_write_select_mux_cpu/pc_out[5]_i_1/O
                         net (fo=9, routed)           1.446    58.405    unified_memory_cpu/byte_write[1].BRAM_reg_3_1_5[3]
    RAMB36_X0Y10         RAMB36E1                                     r  unified_memory_cpu/byte_write[1].BRAM_reg_2_0/ADDRBWRADDR[5]
  -------------------------------------------------------------------    -------------------

                         (clock sysclk rise edge)    60.000    60.000 r  
    K17                                               0.000    60.000 r  sysclk (IN)
                         net (fo=0)                   0.000    60.000    sysclk
    K17                  IBUF (Prop_ibuf_I_O)         1.421    61.421 r  sysclk_IBUF_inst/O
                         net (fo=1, routed)           1.880    63.301    sysclk_IBUF
    BUFGCTRL_X0Y16       BUFG (Prop_bufg_I_O)         0.091    63.392 r  sysclk_IBUF_BUFG_inst/O
                         net (fo=2153, routed)        1.536    64.928    unified_memory_cpu/sysclk_IBUF_BUFG
    RAMB36_X0Y10         RAMB36E1                                     r  unified_memory_cpu/byte_write[1].BRAM_reg_2_0/CLKBWRCLK
                         clock pessimism              0.291    65.219    
                         clock uncertainty           -0.035    65.184    
    RAMB36_X0Y10         RAMB36E1 (Setup_ramb36e1_CLKBWRCLK_ADDRBWRADDR[5])
                                                     -0.768    64.416    unified_memory_cpu/byte_write[1].BRAM_reg_2_0
  -------------------------------------------------------------------
                         required time                         64.416    
                         arrival time                         -58.405    
  -------------------------------------------------------------------
                         slack                                  6.010    

Slack (MET) :             6.017ns  (required time - arrival time)
  Source:                 unified_memory_cpu/byte_write[1].BRAM_reg_2_1/CLKARDCLK
                            (falling edge-triggered cell RAMB36E1 clocked by sysclk  {rise@0.000ns fall@30.000ns period=60.000ns})
  Destination:            unified_memory_cpu/byte_write[1].BRAM_reg_0_1/ADDRBWRADDR[5]
                            (rising edge-triggered cell RAMB36E1 clocked by sysclk  {rise@0.000ns fall@30.000ns period=60.000ns})
  Path Group:             sysclk
  Path Type:              Setup (Max at Slow Process Corner)
  Requirement:            30.000ns  (sysclk rise@60.000ns - sysclk fall@30.000ns)
  Data Path Delay:        23.016ns  (logic 6.129ns (26.630%)  route 16.887ns (73.370%))
  Logic Levels:           21  (CARRY4=3 LUT2=1 LUT3=2 LUT5=6 LUT6=9)
  Clock Path Skew:        -0.164ns (DCD - SCD + CPR)
    Destination Clock Delay (DCD):    4.915ns = ( 64.915 - 60.000 ) 
    Source Clock Delay      (SCD):    5.370ns = ( 35.370 - 30.000 ) 
    Clock Pessimism Removal (CPR):    0.291ns
  Clock Uncertainty:      0.035ns  ((TSJ^2 + TIJ^2)^1/2 + DJ) / 2 + PE
    Total System Jitter     (TSJ):    0.071ns
    Total Input Jitter      (TIJ):    0.000ns
    Discrete Jitter          (DJ):    0.000ns
    Phase Error              (PE):    0.000ns

    Location             Delay type                Incr(ns)  Path(ns)    Netlist Resource(s)
  -------------------------------------------------------------------    -------------------
                         (clock sysclk fall edge)    30.000    30.000 f  
    K17                                               0.000    30.000 f  sysclk (IN)
                         net (fo=0)                   0.000    30.000    sysclk
    K17                  IBUF (Prop_ibuf_I_O)         1.492    31.492 f  sysclk_IBUF_inst/O
                         net (fo=1, routed)           2.076    33.568    sysclk_IBUF
    BUFGCTRL_X0Y16       BUFG (Prop_bufg_I_O)         0.101    33.669 f  sysclk_IBUF_BUFG_inst/O
                         net (fo=2153, routed)        1.701    35.370    unified_memory_cpu/byte_write[1].BRAM_reg_0_0_2
    RAMB36_X1Y10         RAMB36E1                                     r  unified_memory_cpu/byte_write[1].BRAM_reg_2_1/CLKARDCLK  (IS_INVERTED)
  -------------------------------------------------------------------    -------------------
    RAMB36_X1Y10         RAMB36E1 (Prop_ramb36e1_CLKARDCLK_DOADO[3])
                                                      2.454    37.824 f  unified_memory_cpu/byte_write[1].BRAM_reg_2_1/DOADO[3]
                         net (fo=3, routed)           2.192    40.016    unified_memory_cpu/r_data[23]
    SLICE_X6Y60          LUT3 (Prop_lut3_I1_O)        0.152    40.168 f  unified_memory_cpu/byte_write[1].BRAM_reg_0_1_i_8/O
                         net (fo=8, routed)           0.503    40.672    unified_memory_cpu/mem_acc_in[23]
    SLICE_X6Y61          LUT5 (Prop_lut5_I2_O)        0.348    41.020 f  unified_memory_cpu/byte_write[1].BRAM_reg_1_0_i_17/O
                         net (fo=1, routed)           0.496    41.516    unified_memory_cpu/byte_write[1].BRAM_reg_1_0_i_17_n_0
    SLICE_X6Y61          LUT6 (Prop_lut6_I1_O)        0.124    41.640 f  unified_memory_cpu/byte_write[1].BRAM_reg_1_0_i_9/O
                         net (fo=10, routed)          0.740    42.380    unified_memory_cpu/byte_write[1].BRAM_reg_1_0_i_9_n_0
    SLICE_X9Y63          LUT6 (Prop_lut6_I4_O)        0.124    42.504 f  unified_memory_cpu/byte_write[1].BRAM_reg_1_0_i_1/O
                         net (fo=5, routed)           1.616    44.121    rf_write_select_mux_cpu/mem_acc_out[11]
    SLICE_X29Y75         LUT6 (Prop_lut6_I4_O)        0.124    44.245 f  rf_write_select_mux_cpu/product0__0_i_58/O
                         net (fo=1, routed)           0.791    45.035    rf_write_select_mux_cpu/product0__0_i_58_n_0
    SLICE_X26Y71         LUT6 (Prop_lut6_I0_O)        0.124    45.159 f  rf_write_select_mux_cpu/product0__0_i_23/O
                         net (fo=3, routed)           0.875    46.034    rf_write_select_mux_cpu/bypass_csr_ready_reg_34
    SLICE_X23Y67         LUT5 (Prop_lut5_I1_O)        0.150    46.184 f  rf_write_select_mux_cpu/i__carry__0_i_28/O
                         net (fo=7, routed)           0.788    46.972    rf_write_select_mux_cpu/i__carry__0_i_28_n_0
    SLICE_X19Y65         LUT5 (Prop_lut5_I4_O)        0.326    47.298 r  rf_write_select_mux_cpu/i__carry__0_i_16/O
                         net (fo=2, routed)           0.310    47.608    rf_write_select_mux_cpu/i__carry__0_i_16_n_0
    SLICE_X19Y64         LUT6 (Prop_lut6_I0_O)        0.326    47.934 r  rf_write_select_mux_cpu/i__carry__0_i_11__0/O
                         net (fo=1, routed)           0.615    48.549    rf_write_select_mux_cpu/i__carry__0_i_11__0_n_0
    SLICE_X19Y65         LUT2 (Prop_lut2_I0_O)        0.124    48.673 r  rf_write_select_mux_cpu/i__carry__0_i_3/O
                         net (fo=2, routed)           0.522    49.195    alu_cpu/comparison_unit_in_alu/comp_result_bf2_inferred__3/i__carry__1_0[1]
    SLICE_X18Y67         CARRY4 (Prop_carry4_DI[1]_CO[3])
                                                      0.507    49.702 r  alu_cpu/comparison_unit_in_alu/comp_result_bf2_inferred__3/i__carry__0/CO[3]
                         net (fo=1, routed)           0.000    49.702    alu_cpu/comparison_unit_in_alu/comp_result_bf2_inferred__3/i__carry__0_n_0
    SLICE_X18Y68         CARRY4 (Prop_carry4_CI_CO[3])
                                                      0.114    49.816 r  alu_cpu/comparison_unit_in_alu/comp_result_bf2_inferred__3/i__carry__1/CO[3]
                         net (fo=1, routed)           0.000    49.816    alu_cpu/comparison_unit_in_alu/comp_result_bf2_inferred__3/i__carry__1_n_0
    SLICE_X18Y69         CARRY4 (Prop_carry4_CI_CO[3])
                                                      0.114    49.930 r  alu_cpu/comparison_unit_in_alu/comp_result_bf2_inferred__3/i__carry__2/CO[3]
                         net (fo=1, routed)           0.911    50.841    rf_write_select_mux_cpu/make_nop_id_i_3_0[0]
    SLICE_X17Y70         LUT6 (Prop_lut6_I0_O)        0.124    50.965 r  rf_write_select_mux_cpu/make_nop_id_i_5/O
                         net (fo=1, routed)           0.433    51.398    rf_write_select_mux_cpu/make_nop_id_i_5_n_0
    SLICE_X17Y70         LUT5 (Prop_lut5_I4_O)        0.124    51.522 r  rf_write_select_mux_cpu/make_nop_id_i_3/O
                         net (fo=4, routed)           0.535    52.058    unified_memory_cpu/comp_result[0]
    SLICE_X9Y70          LUT6 (Prop_lut6_I2_O)        0.124    52.182 r  unified_memory_cpu/alu_result_me[0]_i_3/O
                         net (fo=1, routed)           0.763    52.945    rf_write_select_mux_cpu/alu_result_me_reg[0]
    SLICE_X14Y70         LUT6 (Prop_lut6_I5_O)        0.124    53.069 r  rf_write_select_mux_cpu/alu_result_me[0]_i_1/O
                         net (fo=12, routed)          0.972    54.041    rf_write_select_mux_cpu/D[0]
    SLICE_X12Y60         LUT6 (Prop_lut6_I2_O)        0.124    54.165 r  rf_write_select_mux_cpu/byte_write[1].BRAM_reg_0_i_24/O
                         net (fo=139, routed)         1.145    55.310    rf_write_select_mux_cpu/is_misaligned0
    SLICE_X21Y59         LUT5 (Prop_lut5_I2_O)        0.124    55.434 r  rf_write_select_mux_cpu/pc_out[31]_i_3/O
                         net (fo=32, routed)          0.676    56.111    rf_write_select_mux_cpu/csr_sel0
    SLICE_X25Y65         LUT5 (Prop_lut5_I1_O)        0.124    56.235 r  rf_write_select_mux_cpu/pc_out[5]_i_2/O
                         net (fo=1, routed)           0.575    56.810    rf_write_select_mux_cpu/pc_counter_cpu/pc_target[5]
    SLICE_X25Y65         LUT3 (Prop_lut3_I0_O)        0.150    56.960 r  rf_write_select_mux_cpu/pc_out[5]_i_1/O
                         net (fo=9, routed)           1.426    58.386    unified_memory_cpu/byte_write[1].BRAM_reg_3_1_5[3]
    RAMB36_X0Y14         RAMB36E1                                     r  unified_memory_cpu/byte_write[1].BRAM_reg_0_1/ADDRBWRADDR[5]
  -------------------------------------------------------------------    -------------------

                         (clock sysclk rise edge)    60.000    60.000 r  
    K17                                               0.000    60.000 r  sysclk (IN)
                         net (fo=0)                   0.000    60.000    sysclk
    K17                  IBUF (Prop_ibuf_I_O)         1.421    61.421 r  sysclk_IBUF_inst/O
                         net (fo=1, routed)           1.880    63.301    sysclk_IBUF
    BUFGCTRL_X0Y16       BUFG (Prop_bufg_I_O)         0.091    63.392 r  sysclk_IBUF_BUFG_inst/O
                         net (fo=2153, routed)        1.523    64.915    unified_memory_cpu/sysclk_IBUF_BUFG
    RAMB36_X0Y14         RAMB36E1                                     r  unified_memory_cpu/byte_write[1].BRAM_reg_0_1/CLKBWRCLK
                         clock pessimism              0.291    65.206    
                         clock uncertainty           -0.035    65.171    
    RAMB36_X0Y14         RAMB36E1 (Setup_ramb36e1_CLKBWRCLK_ADDRBWRADDR[5])
                                                     -0.768    64.403    unified_memory_cpu/byte_write[1].BRAM_reg_0_1
  -------------------------------------------------------------------
                         required time                         64.403    
                         arrival time                         -58.386    
  -------------------------------------------------------------------
                         slack                                  6.017    

Slack (MET) :             6.021ns  (required time - arrival time)
  Source:                 unified_memory_cpu/byte_write[1].BRAM_reg_2_1/CLKARDCLK
                            (falling edge-triggered cell RAMB36E1 clocked by sysclk  {rise@0.000ns fall@30.000ns period=60.000ns})
  Destination:            unified_memory_cpu/byte_write[1].BRAM_reg_3_0/ADDRBWRADDR[5]
                            (rising edge-triggered cell RAMB36E1 clocked by sysclk  {rise@0.000ns fall@30.000ns period=60.000ns})
  Path Group:             sysclk
  Path Type:              Setup (Max at Slow Process Corner)
  Requirement:            30.000ns  (sysclk rise@60.000ns - sysclk fall@30.000ns)
  Data Path Delay:        23.023ns  (logic 6.129ns (26.621%)  route 16.894ns (73.379%))
  Logic Levels:           21  (CARRY4=3 LUT2=1 LUT3=2 LUT5=6 LUT6=9)
  Clock Path Skew:        -0.152ns (DCD - SCD + CPR)
    Destination Clock Delay (DCD):    4.927ns = ( 64.927 - 60.000 ) 
    Source Clock Delay      (SCD):    5.370ns = ( 35.370 - 30.000 ) 
    Clock Pessimism Removal (CPR):    0.291ns
  Clock Uncertainty:      0.035ns  ((TSJ^2 + TIJ^2)^1/2 + DJ) / 2 + PE
    Total System Jitter     (TSJ):    0.071ns
    Total Input Jitter      (TIJ):    0.000ns
    Discrete Jitter          (DJ):    0.000ns
    Phase Error              (PE):    0.000ns

    Location             Delay type                Incr(ns)  Path(ns)    Netlist Resource(s)
  -------------------------------------------------------------------    -------------------
                         (clock sysclk fall edge)    30.000    30.000 f  
    K17                                               0.000    30.000 f  sysclk (IN)
                         net (fo=0)                   0.000    30.000    sysclk
    K17                  IBUF (Prop_ibuf_I_O)         1.492    31.492 f  sysclk_IBUF_inst/O
                         net (fo=1, routed)           2.076    33.568    sysclk_IBUF
    BUFGCTRL_X0Y16       BUFG (Prop_bufg_I_O)         0.101    33.669 f  sysclk_IBUF_BUFG_inst/O
                         net (fo=2153, routed)        1.701    35.370    unified_memory_cpu/byte_write[1].BRAM_reg_0_0_2
    RAMB36_X1Y10         RAMB36E1                                     r  unified_memory_cpu/byte_write[1].BRAM_reg_2_1/CLKARDCLK  (IS_INVERTED)
  -------------------------------------------------------------------    -------------------
    RAMB36_X1Y10         RAMB36E1 (Prop_ramb36e1_CLKARDCLK_DOADO[3])
                                                      2.454    37.824 f  unified_memory_cpu/byte_write[1].BRAM_reg_2_1/DOADO[3]
                         net (fo=3, routed)           2.192    40.016    unified_memory_cpu/r_data[23]
    SLICE_X6Y60          LUT3 (Prop_lut3_I1_O)        0.152    40.168 f  unified_memory_cpu/byte_write[1].BRAM_reg_0_1_i_8/O
                         net (fo=8, routed)           0.503    40.672    unified_memory_cpu/mem_acc_in[23]
    SLICE_X6Y61          LUT5 (Prop_lut5_I2_O)        0.348    41.020 f  unified_memory_cpu/byte_write[1].BRAM_reg_1_0_i_17/O
                         net (fo=1, routed)           0.496    41.516    unified_memory_cpu/byte_write[1].BRAM_reg_1_0_i_17_n_0
    SLICE_X6Y61          LUT6 (Prop_lut6_I1_O)        0.124    41.640 f  unified_memory_cpu/byte_write[1].BRAM_reg_1_0_i_9/O
                         net (fo=10, routed)          0.740    42.380    unified_memory_cpu/byte_write[1].BRAM_reg_1_0_i_9_n_0
    SLICE_X9Y63          LUT6 (Prop_lut6_I4_O)        0.124    42.504 f  unified_memory_cpu/byte_write[1].BRAM_reg_1_0_i_1/O
                         net (fo=5, routed)           1.616    44.121    rf_write_select_mux_cpu/mem_acc_out[11]
    SLICE_X29Y75         LUT6 (Prop_lut6_I4_O)        0.124    44.245 f  rf_write_select_mux_cpu/product0__0_i_58/O
                         net (fo=1, routed)           0.791    45.035    rf_write_select_mux_cpu/product0__0_i_58_n_0
    SLICE_X26Y71         LUT6 (Prop_lut6_I0_O)        0.124    45.159 f  rf_write_select_mux_cpu/product0__0_i_23/O
                         net (fo=3, routed)           0.875    46.034    rf_write_select_mux_cpu/bypass_csr_ready_reg_34
    SLICE_X23Y67         LUT5 (Prop_lut5_I1_O)        0.150    46.184 f  rf_write_select_mux_cpu/i__carry__0_i_28/O
                         net (fo=7, routed)           0.788    46.972    rf_write_select_mux_cpu/i__carry__0_i_28_n_0
    SLICE_X19Y65         LUT5 (Prop_lut5_I4_O)        0.326    47.298 r  rf_write_select_mux_cpu/i__carry__0_i_16/O
                         net (fo=2, routed)           0.310    47.608    rf_write_select_mux_cpu/i__carry__0_i_16_n_0
    SLICE_X19Y64         LUT6 (Prop_lut6_I0_O)        0.326    47.934 r  rf_write_select_mux_cpu/i__carry__0_i_11__0/O
                         net (fo=1, routed)           0.615    48.549    rf_write_select_mux_cpu/i__carry__0_i_11__0_n_0
    SLICE_X19Y65         LUT2 (Prop_lut2_I0_O)        0.124    48.673 r  rf_write_select_mux_cpu/i__carry__0_i_3/O
                         net (fo=2, routed)           0.522    49.195    alu_cpu/comparison_unit_in_alu/comp_result_bf2_inferred__3/i__carry__1_0[1]
    SLICE_X18Y67         CARRY4 (Prop_carry4_DI[1]_CO[3])
                                                      0.507    49.702 r  alu_cpu/comparison_unit_in_alu/comp_result_bf2_inferred__3/i__carry__0/CO[3]
                         net (fo=1, routed)           0.000    49.702    alu_cpu/comparison_unit_in_alu/comp_result_bf2_inferred__3/i__carry__0_n_0
    SLICE_X18Y68         CARRY4 (Prop_carry4_CI_CO[3])
                                                      0.114    49.816 r  alu_cpu/comparison_unit_in_alu/comp_result_bf2_inferred__3/i__carry__1/CO[3]
                         net (fo=1, routed)           0.000    49.816    alu_cpu/comparison_unit_in_alu/comp_result_bf2_inferred__3/i__carry__1_n_0
    SLICE_X18Y69         CARRY4 (Prop_carry4_CI_CO[3])
                                                      0.114    49.930 r  alu_cpu/comparison_unit_in_alu/comp_result_bf2_inferred__3/i__carry__2/CO[3]
                         net (fo=1, routed)           0.911    50.841    rf_write_select_mux_cpu/make_nop_id_i_3_0[0]
    SLICE_X17Y70         LUT6 (Prop_lut6_I0_O)        0.124    50.965 r  rf_write_select_mux_cpu/make_nop_id_i_5/O
                         net (fo=1, routed)           0.433    51.398    rf_write_select_mux_cpu/make_nop_id_i_5_n_0
    SLICE_X17Y70         LUT5 (Prop_lut5_I4_O)        0.124    51.522 r  rf_write_select_mux_cpu/make_nop_id_i_3/O
                         net (fo=4, routed)           0.535    52.058    unified_memory_cpu/comp_result[0]
    SLICE_X9Y70          LUT6 (Prop_lut6_I2_O)        0.124    52.182 r  unified_memory_cpu/alu_result_me[0]_i_3/O
                         net (fo=1, routed)           0.763    52.945    rf_write_select_mux_cpu/alu_result_me_reg[0]
    SLICE_X14Y70         LUT6 (Prop_lut6_I5_O)        0.124    53.069 r  rf_write_select_mux_cpu/alu_result_me[0]_i_1/O
                         net (fo=12, routed)          0.972    54.041    rf_write_select_mux_cpu/D[0]
    SLICE_X12Y60         LUT6 (Prop_lut6_I2_O)        0.124    54.165 r  rf_write_select_mux_cpu/byte_write[1].BRAM_reg_0_i_24/O
                         net (fo=139, routed)         1.145    55.310    rf_write_select_mux_cpu/is_misaligned0
    SLICE_X21Y59         LUT5 (Prop_lut5_I2_O)        0.124    55.434 r  rf_write_select_mux_cpu/pc_out[31]_i_3/O
                         net (fo=32, routed)          0.676    56.111    rf_write_select_mux_cpu/csr_sel0
    SLICE_X25Y65         LUT5 (Prop_lut5_I1_O)        0.124    56.235 r  rf_write_select_mux_cpu/pc_out[5]_i_2/O
                         net (fo=1, routed)           0.575    56.810    rf_write_select_mux_cpu/pc_counter_cpu/pc_target[5]
    SLICE_X25Y65         LUT3 (Prop_lut3_I0_O)        0.150    56.960 r  rf_write_select_mux_cpu/pc_out[5]_i_1/O
                         net (fo=9, routed)           1.434    58.394    unified_memory_cpu/byte_write[1].BRAM_reg_3_1_5[3]
    RAMB36_X0Y11         RAMB36E1                                     r  unified_memory_cpu/byte_write[1].BRAM_reg_3_0/ADDRBWRADDR[5]
  -------------------------------------------------------------------    -------------------

                         (clock sysclk rise edge)    60.000    60.000 r  
    K17                                               0.000    60.000 r  sysclk (IN)
                         net (fo=0)                   0.000    60.000    sysclk
    K17                  IBUF (Prop_ibuf_I_O)         1.421    61.421 r  sysclk_IBUF_inst/O
                         net (fo=1, routed)           1.880    63.301    sysclk_IBUF
    BUFGCTRL_X0Y16       BUFG (Prop_bufg_I_O)         0.091    63.392 r  sysclk_IBUF_BUFG_inst/O
                         net (fo=2153, routed)        1.535    64.927    unified_memory_cpu/sysclk_IBUF_BUFG
    RAMB36_X0Y11         RAMB36E1                                     r  unified_memory_cpu/byte_write[1].BRAM_reg_3_0/CLKBWRCLK
                         clock pessimism              0.291    65.218    
                         clock uncertainty           -0.035    65.183    
    RAMB36_X0Y11         RAMB36E1 (Setup_ramb36e1_CLKBWRCLK_ADDRBWRADDR[5])
                                                     -0.768    64.415    unified_memory_cpu/byte_write[1].BRAM_reg_3_0
  -------------------------------------------------------------------
                         required time                         64.415    
                         arrival time                         -58.394    
  -------------------------------------------------------------------
                         slack                                  6.021    





Min Delay Paths
--------------------------------------------------------------------------------------
Slack (MET) :             0.063ns  (arrival time - required time)
  Source:                 pc_id_reg[31]/C
                            (rising edge-triggered cell FDRE clocked by sysclk  {rise@0.000ns fall@30.000ns period=60.000ns})
  Destination:            pc_ex_reg[31]/D
                            (rising edge-triggered cell FDRE clocked by sysclk  {rise@0.000ns fall@30.000ns period=60.000ns})
  Path Group:             sysclk
  Path Type:              Hold (Min at Fast Process Corner)
  Requirement:            0.000ns  (sysclk rise@0.000ns - sysclk rise@0.000ns)
  Data Path Delay:        0.346ns  (logic 0.128ns (36.948%)  route 0.218ns (63.052%))
  Logic Levels:           0  
  Clock Path Skew:        0.266ns (DCD - SCD - CPR)
    Destination Clock Delay (DCD):    1.973ns
    Source Clock Delay      (SCD):    1.455ns
    Clock Pessimism Removal (CPR):    0.252ns

    Location             Delay type                Incr(ns)  Path(ns)    Netlist Resource(s)
  -------------------------------------------------------------------    -------------------
                         (clock sysclk rise edge)     0.000     0.000 r  
    K17                                               0.000     0.000 r  sysclk (IN)
                         net (fo=0)                   0.000     0.000    sysclk
    K17                  IBUF (Prop_ibuf_I_O)         0.259     0.259 r  sysclk_IBUF_inst/O
                         net (fo=1, routed)           0.627     0.887    sysclk_IBUF
    BUFGCTRL_X0Y16       BUFG (Prop_bufg_I_O)         0.026     0.913 r  sysclk_IBUF_BUFG_inst/O
                         net (fo=2153, routed)        0.543     1.455    sysclk_IBUF_BUFG
    SLICE_X22Y74         FDRE                                         r  pc_id_reg[31]/C
  -------------------------------------------------------------------    -------------------
    SLICE_X22Y74         FDRE (Prop_fdre_C_Q)         0.128     1.583 r  pc_id_reg[31]/Q
                         net (fo=1, routed)           0.218     1.802    pc_id[31]
    SLICE_X21Y72         FDRE                                         r  pc_ex_reg[31]/D
  -------------------------------------------------------------------    -------------------

                         (clock sysclk rise edge)     0.000     0.000 r  
    K17                                               0.000     0.000 r  sysclk (IN)
                         net (fo=0)                   0.000     0.000    sysclk
    K17                  IBUF (Prop_ibuf_I_O)         0.447     0.447 r  sysclk_IBUF_inst/O
                         net (fo=1, routed)           0.683     1.130    sysclk_IBUF
    BUFGCTRL_X0Y16       BUFG (Prop_bufg_I_O)         0.029     1.159 r  sysclk_IBUF_BUFG_inst/O
                         net (fo=2153, routed)        0.814     1.973    sysclk_IBUF_BUFG
    SLICE_X21Y72         FDRE                                         r  pc_ex_reg[31]/C
                         clock pessimism             -0.252     1.722    
    SLICE_X21Y72         FDRE (Hold_fdre_C_D)         0.017     1.739    pc_ex_reg[31]
  -------------------------------------------------------------------
                         required time                         -1.739    
                         arrival time                           1.802    
  -------------------------------------------------------------------
                         slack                                  0.063    

Slack (MET) :             0.067ns  (arrival time - required time)
  Source:                 pc_plus4_me_reg[26]/C
                            (rising edge-triggered cell FDRE clocked by sysclk  {rise@0.000ns fall@30.000ns period=60.000ns})
  Destination:            pc_plus4_wb_reg[26]/D
                            (rising edge-triggered cell FDRE clocked by sysclk  {rise@0.000ns fall@30.000ns period=60.000ns})
  Path Group:             sysclk
  Path Type:              Hold (Min at Fast Process Corner)
  Requirement:            0.000ns  (sysclk rise@0.000ns - sysclk rise@0.000ns)
  Data Path Delay:        0.405ns  (logic 0.141ns (34.776%)  route 0.264ns (65.224%))
  Logic Levels:           0  
  Clock Path Skew:        0.266ns (DCD - SCD - CPR)
    Destination Clock Delay (DCD):    1.974ns
    Source Clock Delay      (SCD):    1.456ns
    Clock Pessimism Removal (CPR):    0.252ns

    Location             Delay type                Incr(ns)  Path(ns)    Netlist Resource(s)
  -------------------------------------------------------------------    -------------------
                         (clock sysclk rise edge)     0.000     0.000 r  
    K17                                               0.000     0.000 r  sysclk (IN)
                         net (fo=0)                   0.000     0.000    sysclk
    K17                  IBUF (Prop_ibuf_I_O)         0.259     0.259 r  sysclk_IBUF_inst/O
                         net (fo=1, routed)           0.627     0.887    sysclk_IBUF
    BUFGCTRL_X0Y16       BUFG (Prop_bufg_I_O)         0.026     0.913 r  sysclk_IBUF_BUFG_inst/O
                         net (fo=2153, routed)        0.544     1.456    sysclk_IBUF_BUFG
    SLICE_X22Y76         FDRE                                         r  pc_plus4_me_reg[26]/C
  -------------------------------------------------------------------    -------------------
    SLICE_X22Y76         FDRE (Prop_fdre_C_Q)         0.141     1.597 r  pc_plus4_me_reg[26]/Q
                         net (fo=1, routed)           0.264     1.862    pc_plus4_me[26]
    SLICE_X17Y77         FDRE                                         r  pc_plus4_wb_reg[26]/D
  -------------------------------------------------------------------    -------------------

                         (clock sysclk rise edge)     0.000     0.000 r  
    K17                                               0.000     0.000 r  sysclk (IN)
                         net (fo=0)                   0.000     0.000    sysclk
    K17                  IBUF (Prop_ibuf_I_O)         0.447     0.447 r  sysclk_IBUF_inst/O
                         net (fo=1, routed)           0.683     1.130    sysclk_IBUF
    BUFGCTRL_X0Y16       BUFG (Prop_bufg_I_O)         0.029     1.159 r  sysclk_IBUF_BUFG_inst/O
                         net (fo=2153, routed)        0.815     1.974    sysclk_IBUF_BUFG
    SLICE_X17Y77         FDRE                                         r  pc_plus4_wb_reg[26]/C
                         clock pessimism             -0.252     1.723    
    SLICE_X17Y77         FDRE (Hold_fdre_C_D)         0.072     1.795    pc_plus4_wb_reg[26]
  -------------------------------------------------------------------
                         required time                         -1.795    
                         arrival time                           1.862    
  -------------------------------------------------------------------
                         slack                                  0.067    

Slack (MET) :             0.080ns  (arrival time - required time)
  Source:                 pc_plus4_id_reg[30]/C
                            (rising edge-triggered cell FDRE clocked by sysclk  {rise@0.000ns fall@30.000ns period=60.000ns})
  Destination:            pc_plus4_ex_reg[30]/D
                            (rising edge-triggered cell FDRE clocked by sysclk  {rise@0.000ns fall@30.000ns period=60.000ns})
  Path Group:             sysclk
  Path Type:              Hold (Min at Fast Process Corner)
  Requirement:            0.000ns  (sysclk rise@0.000ns - sysclk rise@0.000ns)
  Data Path Delay:        0.411ns  (logic 0.164ns (39.877%)  route 0.247ns (60.123%))
  Logic Levels:           0  
  Clock Path Skew:        0.265ns (DCD - SCD - CPR)
    Destination Clock Delay (DCD):    1.972ns
    Source Clock Delay      (SCD):    1.455ns
    Clock Pessimism Removal (CPR):    0.252ns

    Location             Delay type                Incr(ns)  Path(ns)    Netlist Resource(s)
  -------------------------------------------------------------------    -------------------
                         (clock sysclk rise edge)     0.000     0.000 r  
    K17                                               0.000     0.000 r  sysclk (IN)
                         net (fo=0)                   0.000     0.000    sysclk
    K17                  IBUF (Prop_ibuf_I_O)         0.259     0.259 r  sysclk_IBUF_inst/O
                         net (fo=1, routed)           0.627     0.887    sysclk_IBUF
    BUFGCTRL_X0Y16       BUFG (Prop_bufg_I_O)         0.026     0.913 r  sysclk_IBUF_BUFG_inst/O
                         net (fo=2153, routed)        0.543     1.455    sysclk_IBUF_BUFG
    SLICE_X24Y75         FDRE                                         r  pc_plus4_id_reg[30]/C
  -------------------------------------------------------------------    -------------------
    SLICE_X24Y75         FDRE (Prop_fdre_C_Q)         0.164     1.619 r  pc_plus4_id_reg[30]/Q
                         net (fo=1, routed)           0.247     1.867    pc_plus4_id[30]
    SLICE_X19Y76         FDRE                                         r  pc_plus4_ex_reg[30]/D
  -------------------------------------------------------------------    -------------------

                         (clock sysclk rise edge)     0.000     0.000 r  
    K17                                               0.000     0.000 r  sysclk (IN)
                         net (fo=0)                   0.000     0.000    sysclk
    K17                  IBUF (Prop_ibuf_I_O)         0.447     0.447 r  sysclk_IBUF_inst/O
                         net (fo=1, routed)           0.683     1.130    sysclk_IBUF
    BUFGCTRL_X0Y16       BUFG (Prop_bufg_I_O)         0.029     1.159 r  sysclk_IBUF_BUFG_inst/O
                         net (fo=2153, routed)        0.813     1.972    sysclk_IBUF_BUFG
    SLICE_X19Y76         FDRE                                         r  pc_plus4_ex_reg[30]/C
                         clock pessimism             -0.252     1.721    
    SLICE_X19Y76         FDRE (Hold_fdre_C_D)         0.066     1.787    pc_plus4_ex_reg[30]
  -------------------------------------------------------------------
                         required time                         -1.787    
                         arrival time                           1.867    
  -------------------------------------------------------------------
                         slack                                  0.080    

Slack (MET) :             0.120ns  (arrival time - required time)
  Source:                 pc_plus4_id_reg[29]/C
                            (rising edge-triggered cell FDRE clocked by sysclk  {rise@0.000ns fall@30.000ns period=60.000ns})
  Destination:            pc_plus4_ex_reg[29]/D
                            (rising edge-triggered cell FDRE clocked by sysclk  {rise@0.000ns fall@30.000ns period=60.000ns})
  Path Group:             sysclk
  Path Type:              Hold (Min at Fast Process Corner)
  Requirement:            0.000ns  (sysclk rise@0.000ns - sysclk rise@0.000ns)
  Data Path Delay:        0.461ns  (logic 0.164ns (35.605%)  route 0.297ns (64.395%))
  Logic Levels:           0  
  Clock Path Skew:        0.265ns (DCD - SCD - CPR)
    Destination Clock Delay (DCD):    1.972ns
    Source Clock Delay      (SCD):    1.455ns
    Clock Pessimism Removal (CPR):    0.252ns

    Location             Delay type                Incr(ns)  Path(ns)    Netlist Resource(s)
  -------------------------------------------------------------------    -------------------
                         (clock sysclk rise edge)     0.000     0.000 r  
    K17                                               0.000     0.000 r  sysclk (IN)
                         net (fo=0)                   0.000     0.000    sysclk
    K17                  IBUF (Prop_ibuf_I_O)         0.259     0.259 r  sysclk_IBUF_inst/O
                         net (fo=1, routed)           0.627     0.887    sysclk_IBUF
    BUFGCTRL_X0Y16       BUFG (Prop_bufg_I_O)         0.026     0.913 r  sysclk_IBUF_BUFG_inst/O
                         net (fo=2153, routed)        0.543     1.455    sysclk_IBUF_BUFG
    SLICE_X24Y75         FDRE                                         r  pc_plus4_id_reg[29]/C
  -------------------------------------------------------------------    -------------------
    SLICE_X24Y75         FDRE (Prop_fdre_C_Q)         0.164     1.619 r  pc_plus4_id_reg[29]/Q
                         net (fo=1, routed)           0.297     1.916    pc_plus4_id[29]
    SLICE_X19Y76         FDRE                                         r  pc_plus4_ex_reg[29]/D
  -------------------------------------------------------------------    -------------------

                         (clock sysclk rise edge)     0.000     0.000 r  
    K17                                               0.000     0.000 r  sysclk (IN)
                         net (fo=0)                   0.000     0.000    sysclk
    K17                  IBUF (Prop_ibuf_I_O)         0.447     0.447 r  sysclk_IBUF_inst/O
                         net (fo=1, routed)           0.683     1.130    sysclk_IBUF
    BUFGCTRL_X0Y16       BUFG (Prop_bufg_I_O)         0.029     1.159 r  sysclk_IBUF_BUFG_inst/O
                         net (fo=2153, routed)        0.813     1.972    sysclk_IBUF_BUFG
    SLICE_X19Y76         FDRE                                         r  pc_plus4_ex_reg[29]/C
                         clock pessimism             -0.252     1.721    
    SLICE_X19Y76         FDRE (Hold_fdre_C_D)         0.075     1.796    pc_plus4_ex_reg[29]
  -------------------------------------------------------------------
                         required time                         -1.796    
                         arrival time                           1.916    
  -------------------------------------------------------------------
                         slack                                  0.120    

Slack (MET) :             0.134ns  (arrival time - required time)
  Source:                 pc_counter_cpu/pc_out_reg[15]/C
                            (rising edge-triggered cell FDSE clocked by sysclk  {rise@0.000ns fall@30.000ns period=60.000ns})
  Destination:            pc_id_reg[15]/D
                            (rising edge-triggered cell FDRE clocked by sysclk  {rise@0.000ns fall@30.000ns period=60.000ns})
  Path Group:             sysclk
  Path Type:              Hold (Min at Fast Process Corner)
  Requirement:            0.000ns  (sysclk rise@0.000ns - sysclk rise@0.000ns)
  Data Path Delay:        0.209ns  (logic 0.141ns (67.454%)  route 0.068ns (32.546%))
  Logic Levels:           0  
  Clock Path Skew:        0.000ns (DCD - SCD - CPR)
    Destination Clock Delay (DCD):    1.971ns
    Source Clock Delay      (SCD):    1.458ns
    Clock Pessimism Removal (CPR):    0.513ns

    Location             Delay type                Incr(ns)  Path(ns)    Netlist Resource(s)
  -------------------------------------------------------------------    -------------------
                         (clock sysclk rise edge)     0.000     0.000 r  
    K17                                               0.000     0.000 r  sysclk (IN)
                         net (fo=0)                   0.000     0.000    sysclk
    K17                  IBUF (Prop_ibuf_I_O)         0.259     0.259 r  sysclk_IBUF_inst/O
                         net (fo=1, routed)           0.627     0.887    sysclk_IBUF
    BUFGCTRL_X0Y16       BUFG (Prop_bufg_I_O)         0.026     0.913 r  sysclk_IBUF_BUFG_inst/O
                         net (fo=2153, routed)        0.546     1.458    pc_counter_cpu/sysclk_IBUF_BUFG
    SLICE_X23Y72         FDSE                                         r  pc_counter_cpu/pc_out_reg[15]/C
  -------------------------------------------------------------------    -------------------
    SLICE_X23Y72         FDSE (Prop_fdse_C_Q)         0.141     1.599 r  pc_counter_cpu/pc_out_reg[15]/Q
                         net (fo=2, routed)           0.068     1.667    pc_if[15]
    SLICE_X23Y72         FDRE                                         r  pc_id_reg[15]/D
  -------------------------------------------------------------------    -------------------

                         (clock sysclk rise edge)     0.000     0.000 r  
    K17                                               0.000     0.000 r  sysclk (IN)
                         net (fo=0)                   0.000     0.000    sysclk
    K17                  IBUF (Prop_ibuf_I_O)         0.447     0.447 r  sysclk_IBUF_inst/O
                         net (fo=1, routed)           0.683     1.130    sysclk_IBUF
    BUFGCTRL_X0Y16       BUFG (Prop_bufg_I_O)         0.029     1.159 r  sysclk_IBUF_BUFG_inst/O
                         net (fo=2153, routed)        0.812     1.971    sysclk_IBUF_BUFG
    SLICE_X23Y72         FDRE                                         r  pc_id_reg[15]/C
                         clock pessimism             -0.513     1.458    
    SLICE_X23Y72         FDRE (Hold_fdre_C_D)         0.075     1.533    pc_id_reg[15]
  -------------------------------------------------------------------
                         required time                         -1.533    
                         arrival time                           1.667    
  -------------------------------------------------------------------
                         slack                                  0.134    

Slack (MET) :             0.136ns  (arrival time - required time)
  Source:                 pc_counter_cpu/pc_out_reg[30]/C
                            (rising edge-triggered cell FDSE clocked by sysclk  {rise@0.000ns fall@30.000ns period=60.000ns})
  Destination:            pc_id_reg[30]/D
                            (rising edge-triggered cell FDRE clocked by sysclk  {rise@0.000ns fall@30.000ns period=60.000ns})
  Path Group:             sysclk
  Path Type:              Hold (Min at Fast Process Corner)
  Requirement:            0.000ns  (sysclk rise@0.000ns - sysclk rise@0.000ns)
  Data Path Delay:        0.212ns  (logic 0.141ns (66.526%)  route 0.071ns (33.474%))
  Logic Levels:           0  
  Clock Path Skew:        0.000ns (DCD - SCD - CPR)
    Destination Clock Delay (DCD):    1.968ns
    Source Clock Delay      (SCD):    1.455ns
    Clock Pessimism Removal (CPR):    0.513ns

    Location             Delay type                Incr(ns)  Path(ns)    Netlist Resource(s)
  -------------------------------------------------------------------    -------------------
                         (clock sysclk rise edge)     0.000     0.000 r  
    K17                                               0.000     0.000 r  sysclk (IN)
                         net (fo=0)                   0.000     0.000    sysclk
    K17                  IBUF (Prop_ibuf_I_O)         0.259     0.259 r  sysclk_IBUF_inst/O
                         net (fo=1, routed)           0.627     0.887    sysclk_IBUF
    BUFGCTRL_X0Y16       BUFG (Prop_bufg_I_O)         0.026     0.913 r  sysclk_IBUF_BUFG_inst/O
                         net (fo=2153, routed)        0.543     1.455    pc_counter_cpu/sysclk_IBUF_BUFG
    SLICE_X22Y74         FDSE                                         r  pc_counter_cpu/pc_out_reg[30]/C
  -------------------------------------------------------------------    -------------------
    SLICE_X22Y74         FDSE (Prop_fdse_C_Q)         0.141     1.596 r  pc_counter_cpu/pc_out_reg[30]/Q
                         net (fo=2, routed)           0.071     1.667    pc_if[30]
    SLICE_X22Y74         FDRE                                         r  pc_id_reg[30]/D
  -------------------------------------------------------------------    -------------------

                         (clock sysclk rise edge)     0.000     0.000 r  
    K17                                               0.000     0.000 r  sysclk (IN)
                         net (fo=0)                   0.000     0.000    sysclk
    K17                  IBUF (Prop_ibuf_I_O)         0.447     0.447 r  sysclk_IBUF_inst/O
                         net (fo=1, routed)           0.683     1.130    sysclk_IBUF
    BUFGCTRL_X0Y16       BUFG (Prop_bufg_I_O)         0.029     1.159 r  sysclk_IBUF_BUFG_inst/O
                         net (fo=2153, routed)        0.809     1.968    sysclk_IBUF_BUFG
    SLICE_X22Y74         FDRE                                         r  pc_id_reg[30]/C
                         clock pessimism             -0.513     1.455    
    SLICE_X22Y74         FDRE (Hold_fdre_C_D)         0.076     1.531    pc_id_reg[30]
  -------------------------------------------------------------------
                         required time                         -1.531    
                         arrival time                           1.667    
  -------------------------------------------------------------------
                         slack                                  0.136    

Slack (MET) :             0.137ns  (arrival time - required time)
  Source:                 pc_counter_cpu/pc_out_reg[31]/C
                            (rising edge-triggered cell FDSE clocked by sysclk  {rise@0.000ns fall@30.000ns period=60.000ns})
  Destination:            pc_id_reg[31]/D
                            (rising edge-triggered cell FDRE clocked by sysclk  {rise@0.000ns fall@30.000ns period=60.000ns})
  Path Group:             sysclk
  Path Type:              Hold (Min at Fast Process Corner)
  Requirement:            0.000ns  (sysclk rise@0.000ns - sysclk rise@0.000ns)
  Data Path Delay:        0.215ns  (logic 0.141ns (65.623%)  route 0.074ns (34.377%))
  Logic Levels:           0  
  Clock Path Skew:        0.000ns (DCD - SCD - CPR)
    Destination Clock Delay (DCD):    1.968ns
    Source Clock Delay      (SCD):    1.455ns
    Clock Pessimism Removal (CPR):    0.513ns

    Location             Delay type                Incr(ns)  Path(ns)    Netlist Resource(s)
  -------------------------------------------------------------------    -------------------
                         (clock sysclk rise edge)     0.000     0.000 r  
    K17                                               0.000     0.000 r  sysclk (IN)
                         net (fo=0)                   0.000     0.000    sysclk
    K17                  IBUF (Prop_ibuf_I_O)         0.259     0.259 r  sysclk_IBUF_inst/O
                         net (fo=1, routed)           0.627     0.887    sysclk_IBUF
    BUFGCTRL_X0Y16       BUFG (Prop_bufg_I_O)         0.026     0.913 r  sysclk_IBUF_BUFG_inst/O
                         net (fo=2153, routed)        0.543     1.455    pc_counter_cpu/sysclk_IBUF_BUFG
    SLICE_X22Y74         FDSE                                         r  pc_counter_cpu/pc_out_reg[31]/C
  -------------------------------------------------------------------    -------------------
    SLICE_X22Y74         FDSE (Prop_fdse_C_Q)         0.141     1.596 r  pc_counter_cpu/pc_out_reg[31]/Q
                         net (fo=2, routed)           0.074     1.670    pc_if[31]
    SLICE_X22Y74         FDRE                                         r  pc_id_reg[31]/D
  -------------------------------------------------------------------    -------------------

                         (clock sysclk rise edge)     0.000     0.000 r  
    K17                                               0.000     0.000 r  sysclk (IN)
                         net (fo=0)                   0.000     0.000    sysclk
    K17                  IBUF (Prop_ibuf_I_O)         0.447     0.447 r  sysclk_IBUF_inst/O
                         net (fo=1, routed)           0.683     1.130    sysclk_IBUF
    BUFGCTRL_X0Y16       BUFG (Prop_bufg_I_O)         0.029     1.159 r  sysclk_IBUF_BUFG_inst/O
                         net (fo=2153, routed)        0.809     1.968    sysclk_IBUF_BUFG
    SLICE_X22Y74         FDRE                                         r  pc_id_reg[31]/C
                         clock pessimism             -0.513     1.455    
    SLICE_X22Y74         FDRE (Hold_fdre_C_D)         0.078     1.533    pc_id_reg[31]
  -------------------------------------------------------------------
                         required time                         -1.533    
                         arrival time                           1.670    
  -------------------------------------------------------------------
                         slack                                  0.137    

Slack (MET) :             0.140ns  (arrival time - required time)
  Source:                 pc_plus4_ex_reg[22]/C
                            (rising edge-triggered cell FDRE clocked by sysclk  {rise@0.000ns fall@30.000ns period=60.000ns})
  Destination:            pc_plus4_me_reg[22]/D
                            (rising edge-triggered cell FDRE clocked by sysclk  {rise@0.000ns fall@30.000ns period=60.000ns})
  Path Group:             sysclk
  Path Type:              Hold (Min at Fast Process Corner)
  Requirement:            0.000ns  (sysclk rise@0.000ns - sysclk rise@0.000ns)
  Data Path Delay:        0.417ns  (logic 0.128ns (30.699%)  route 0.289ns (69.301%))
  Logic Levels:           0  
  Clock Path Skew:        0.261ns (DCD - SCD - CPR)
    Destination Clock Delay (DCD):    1.971ns
    Source Clock Delay      (SCD):    1.458ns
    Clock Pessimism Removal (CPR):    0.252ns

    Location             Delay type                Incr(ns)  Path(ns)    Netlist Resource(s)
  -------------------------------------------------------------------    -------------------
                         (clock sysclk rise edge)     0.000     0.000 r  
    K17                                               0.000     0.000 r  sysclk (IN)
                         net (fo=0)                   0.000     0.000    sysclk
    K17                  IBUF (Prop_ibuf_I_O)         0.259     0.259 r  sysclk_IBUF_inst/O
                         net (fo=1, routed)           0.627     0.887    sysclk_IBUF
    BUFGCTRL_X0Y16       BUFG (Prop_bufg_I_O)         0.026     0.913 r  sysclk_IBUF_BUFG_inst/O
                         net (fo=2153, routed)        0.546     1.458    sysclk_IBUF_BUFG
    SLICE_X22Y72         FDRE                                         r  pc_plus4_ex_reg[22]/C
  -------------------------------------------------------------------    -------------------
    SLICE_X22Y72         FDRE (Prop_fdre_C_Q)         0.128     1.586 r  pc_plus4_ex_reg[22]/Q
                         net (fo=1, routed)           0.289     1.875    pc_plus4_ex[22]
    SLICE_X19Y75         FDRE                                         r  pc_plus4_me_reg[22]/D
  -------------------------------------------------------------------    -------------------

                         (clock sysclk rise edge)     0.000     0.000 r  
    K17                                               0.000     0.000 r  sysclk (IN)
                         net (fo=0)                   0.000     0.000    sysclk
    K17                  IBUF (Prop_ibuf_I_O)         0.447     0.447 r  sysclk_IBUF_inst/O
                         net (fo=1, routed)           0.683     1.130    sysclk_IBUF
    BUFGCTRL_X0Y16       BUFG (Prop_bufg_I_O)         0.029     1.159 r  sysclk_IBUF_BUFG_inst/O
                         net (fo=2153, routed)        0.812     1.971    sysclk_IBUF_BUFG
    SLICE_X19Y75         FDRE                                         r  pc_plus4_me_reg[22]/C
                         clock pessimism             -0.252     1.720    
    SLICE_X19Y75         FDRE (Hold_fdre_C_D)         0.016     1.736    pc_plus4_me_reg[22]
  -------------------------------------------------------------------
                         required time                         -1.736    
                         arrival time                           1.875    
  -------------------------------------------------------------------
                         slack                                  0.140    

Slack (MET) :             0.140ns  (arrival time - required time)
  Source:                 pc_counter_cpu/pc_out_reg[29]/C
                            (rising edge-triggered cell FDSE clocked by sysclk  {rise@0.000ns fall@30.000ns period=60.000ns})
  Destination:            pc_id_reg[29]/D
                            (rising edge-triggered cell FDRE clocked by sysclk  {rise@0.000ns fall@30.000ns period=60.000ns})
  Path Group:             sysclk
  Path Type:              Hold (Min at Fast Process Corner)
  Requirement:            0.000ns  (sysclk rise@0.000ns - sysclk rise@0.000ns)
  Data Path Delay:        0.211ns  (logic 0.141ns (66.849%)  route 0.070ns (33.151%))
  Logic Levels:           0  
  Clock Path Skew:        0.000ns (DCD - SCD - CPR)
    Destination Clock Delay (DCD):    1.968ns
    Source Clock Delay      (SCD):    1.455ns
    Clock Pessimism Removal (CPR):    0.513ns

    Location             Delay type                Incr(ns)  Path(ns)    Netlist Resource(s)
  -------------------------------------------------------------------    -------------------
                         (clock sysclk rise edge)     0.000     0.000 r  
    K17                                               0.000     0.000 r  sysclk (IN)
                         net (fo=0)                   0.000     0.000    sysclk
    K17                  IBUF (Prop_ibuf_I_O)         0.259     0.259 r  sysclk_IBUF_inst/O
                         net (fo=1, routed)           0.627     0.887    sysclk_IBUF
    BUFGCTRL_X0Y16       BUFG (Prop_bufg_I_O)         0.026     0.913 r  sysclk_IBUF_BUFG_inst/O
                         net (fo=2153, routed)        0.543     1.455    pc_counter_cpu/sysclk_IBUF_BUFG
    SLICE_X22Y74         FDSE                                         r  pc_counter_cpu/pc_out_reg[29]/C
  -------------------------------------------------------------------    -------------------
    SLICE_X22Y74         FDSE (Prop_fdse_C_Q)         0.141     1.596 r  pc_counter_cpu/pc_out_reg[29]/Q
                         net (fo=2, routed)           0.070     1.666    pc_if[29]
    SLICE_X22Y74         FDRE                                         r  pc_id_reg[29]/D
  -------------------------------------------------------------------    -------------------

                         (clock sysclk rise edge)     0.000     0.000 r  
    K17                                               0.000     0.000 r  sysclk (IN)
                         net (fo=0)                   0.000     0.000    sysclk
    K17                  IBUF (Prop_ibuf_I_O)         0.447     0.447 r  sysclk_IBUF_inst/O
                         net (fo=1, routed)           0.683     1.130    sysclk_IBUF
    BUFGCTRL_X0Y16       BUFG (Prop_bufg_I_O)         0.029     1.159 r  sysclk_IBUF_BUFG_inst/O
                         net (fo=2153, routed)        0.809     1.968    sysclk_IBUF_BUFG
    SLICE_X22Y74         FDRE                                         r  pc_id_reg[29]/C
                         clock pessimism             -0.513     1.455    
    SLICE_X22Y74         FDRE (Hold_fdre_C_D)         0.071     1.526    pc_id_reg[29]
  -------------------------------------------------------------------
                         required time                         -1.526    
                         arrival time                           1.666    
  -------------------------------------------------------------------
                         slack                                  0.140    

Slack (MET) :             0.143ns  (arrival time - required time)
  Source:                 pc_counter_cpu/pc_out_reg[22]/C
                            (rising edge-triggered cell FDSE clocked by sysclk  {rise@0.000ns fall@30.000ns period=60.000ns})
  Destination:            pc_id_reg[22]/D
                            (rising edge-triggered cell FDRE clocked by sysclk  {rise@0.000ns fall@30.000ns period=60.000ns})
  Path Group:             sysclk
  Path Type:              Hold (Min at Fast Process Corner)
  Requirement:            0.000ns  (sysclk rise@0.000ns - sysclk rise@0.000ns)
  Data Path Delay:        0.218ns  (logic 0.141ns (64.541%)  route 0.077ns (35.459%))
  Logic Levels:           0  
  Clock Path Skew:        0.000ns (DCD - SCD - CPR)
    Destination Clock Delay (DCD):    1.969ns
    Source Clock Delay      (SCD):    1.456ns
    Clock Pessimism Removal (CPR):    0.513ns

    Location             Delay type                Incr(ns)  Path(ns)    Netlist Resource(s)
  -------------------------------------------------------------------    -------------------
                         (clock sysclk rise edge)     0.000     0.000 r  
    K17                                               0.000     0.000 r  sysclk (IN)
                         net (fo=0)                   0.000     0.000    sysclk
    K17                  IBUF (Prop_ibuf_I_O)         0.259     0.259 r  sysclk_IBUF_inst/O
                         net (fo=1, routed)           0.627     0.887    sysclk_IBUF
    BUFGCTRL_X0Y16       BUFG (Prop_bufg_I_O)         0.026     0.913 r  sysclk_IBUF_BUFG_inst/O
                         net (fo=2153, routed)        0.544     1.456    pc_counter_cpu/sysclk_IBUF_BUFG
    SLICE_X22Y73         FDSE                                         r  pc_counter_cpu/pc_out_reg[22]/C
  -------------------------------------------------------------------    -------------------
    SLICE_X22Y73         FDSE (Prop_fdse_C_Q)         0.141     1.597 r  pc_counter_cpu/pc_out_reg[22]/Q
                         net (fo=2, routed)           0.077     1.675    pc_if[22]
    SLICE_X22Y73         FDRE                                         r  pc_id_reg[22]/D
  -------------------------------------------------------------------    -------------------

                         (clock sysclk rise edge)     0.000     0.000 r  
    K17                                               0.000     0.000 r  sysclk (IN)
                         net (fo=0)                   0.000     0.000    sysclk
    K17                  IBUF (Prop_ibuf_I_O)         0.447     0.447 r  sysclk_IBUF_inst/O
                         net (fo=1, routed)           0.683     1.130    sysclk_IBUF
    BUFGCTRL_X0Y16       BUFG (Prop_bufg_I_O)         0.029     1.159 r  sysclk_IBUF_BUFG_inst/O
                         net (fo=2153, routed)        0.810     1.969    sysclk_IBUF_BUFG
    SLICE_X22Y73         FDRE                                         r  pc_id_reg[22]/C
                         clock pessimism             -0.513     1.456    
    SLICE_X22Y73         FDRE (Hold_fdre_C_D)         0.075     1.531    pc_id_reg[22]
  -------------------------------------------------------------------
                         required time                         -1.531    
                         arrival time                           1.675    
  -------------------------------------------------------------------
                         slack                                  0.143    





Pulse Width Checks
--------------------------------------------------------------------------------------
Clock Name:         sysclk
Waveform(ns):       { 0.000 30.000 }
Period(ns):         60.000
Sources:            { sysclk }

Check Type        Corner  Lib Pin             Reference Pin  Required(ns)  Actual(ns)  Slack(ns)  Location      Pin
Min Period        n/a     RAMB36E1/CLKARDCLK  n/a            2.944         60.000      57.056     RAMB36_X1Y11  csr_unit_cpu/csr_registers/byte_write[1].BRAM_reg_0/CLKARDCLK
Min Period        n/a     RAMB36E1/CLKARDCLK  n/a            2.944         60.000      57.056     RAMB36_X1Y12  csr_unit_cpu/csr_registers/byte_write[1].BRAM_reg_1/CLKARDCLK
Min Period        n/a     RAMB36E1/CLKARDCLK  n/a            2.944         60.000      57.056     RAMB36_X2Y12  csr_unit_cpu/csr_registers/byte_write[1].BRAM_reg_2/CLKARDCLK
Min Period        n/a     RAMB36E1/CLKARDCLK  n/a            2.944         60.000      57.056     RAMB36_X2Y11  csr_unit_cpu/csr_registers/byte_write[1].BRAM_reg_3/CLKARDCLK
Min Period        n/a     RAMB36E1/CLKARDCLK  n/a            2.944         60.000      57.056     RAMB36_X0Y13  unified_memory_cpu/byte_write[1].BRAM_reg_0_0/CLKARDCLK
Min Period        n/a     RAMB36E1/CLKBWRCLK  n/a            2.944         60.000      57.056     RAMB36_X0Y13  unified_memory_cpu/byte_write[1].BRAM_reg_0_0/CLKBWRCLK
Min Period        n/a     RAMB36E1/CLKARDCLK  n/a            2.944         60.000      57.056     RAMB36_X0Y14  unified_memory_cpu/byte_write[1].BRAM_reg_0_1/CLKARDCLK
Min Period        n/a     RAMB36E1/CLKBWRCLK  n/a            2.944         60.000      57.056     RAMB36_X0Y14  unified_memory_cpu/byte_write[1].BRAM_reg_0_1/CLKBWRCLK
Min Period        n/a     RAMB36E1/CLKARDCLK  n/a            2.944         60.000      57.056     RAMB36_X0Y12  unified_memory_cpu/byte_write[1].BRAM_reg_1_0/CLKARDCLK
Min Period        n/a     RAMB36E1/CLKBWRCLK  n/a            2.944         60.000      57.056     RAMB36_X0Y12  unified_memory_cpu/byte_write[1].BRAM_reg_1_0/CLKBWRCLK
Low Pulse Width   Slow    FDRE/C              n/a            0.500         30.000      29.500     SLICE_X11Y64  alu_imm_select_ex_reg/C
Low Pulse Width   Fast    FDRE/C              n/a            0.500         30.000      29.500     SLICE_X11Y64  alu_imm_select_ex_reg/C
Low Pulse Width   Slow    FDRE/C              n/a            0.500         30.000      29.500     SLICE_X9Y64   alu_imm_select_id_reg/C
Low Pulse Width   Fast    FDRE/C              n/a            0.500         30.000      29.500     SLICE_X9Y64   alu_imm_select_id_reg/C
Low Pulse Width   Slow    FDRE/C              n/a            0.500         30.000      29.500     SLICE_X12Y63  alu_opd2_me_reg[0]/C
Low Pulse Width   Fast    FDRE/C              n/a            0.500         30.000      29.500     SLICE_X12Y63  alu_opd2_me_reg[0]/C
Low Pulse Width   Slow    FDRE/C              n/a            0.500         30.000      29.500     SLICE_X13Y61  alu_opd2_me_reg[10]/C
Low Pulse Width   Fast    FDRE/C              n/a            0.500         30.000      29.500     SLICE_X13Y61  alu_opd2_me_reg[10]/C
Low Pulse Width   Slow    FDRE/C              n/a            0.500         30.000      29.500     SLICE_X10Y63  alu_opd2_me_reg[11]/C
Low Pulse Width   Fast    FDRE/C              n/a            0.500         30.000      29.500     SLICE_X10Y63  alu_opd2_me_reg[11]/C
High Pulse Width  Slow    FDRE/C              n/a            0.500         30.000      29.500     SLICE_X11Y64  alu_imm_select_ex_reg/C
High Pulse Width  Fast    FDRE/C              n/a            0.500         30.000      29.500     SLICE_X11Y64  alu_imm_select_ex_reg/C
High Pulse Width  Slow    FDRE/C              n/a            0.500         30.000      29.500     SLICE_X9Y64   alu_imm_select_id_reg/C
High Pulse Width  Fast    FDRE/C              n/a            0.500         30.000      29.500     SLICE_X9Y64   alu_imm_select_id_reg/C
High Pulse Width  Slow    FDRE/C              n/a            0.500         30.000      29.500     SLICE_X12Y63  alu_opd2_me_reg[0]/C
High Pulse Width  Fast    FDRE/C              n/a            0.500         30.000      29.500     SLICE_X12Y63  alu_opd2_me_reg[0]/C
High Pulse Width  Slow    FDRE/C              n/a            0.500         30.000      29.500     SLICE_X13Y61  alu_opd2_me_reg[10]/C
High Pulse Width  Fast    FDRE/C              n/a            0.500         30.000      29.500     SLICE_X13Y61  alu_opd2_me_reg[10]/C
High Pulse Width  Slow    FDRE/C              n/a            0.500         30.000      29.500     SLICE_X10Y63  alu_opd2_me_reg[11]/C
High Pulse Width  Fast    FDRE/C              n/a            0.500         30.000      29.500     SLICE_X10Y63  alu_opd2_me_reg[11]/C



--------------------------------------------------------------------------------------
Path Group:  (none)
From Clock:  sysclk
  To Clock:  

Max Delay             3 Endpoints
Min Delay             3 Endpoints
--------------------------------------------------------------------------------------


Max Delay Paths
--------------------------------------------------------------------------------------
Slack:                    inf
  Source:                 unified_memory_cpu/byte_write[1].BRAM_reg_0_1/CLKBWRCLK
                            (rising edge-triggered cell RAMB36E1 clocked by sysclk  {rise@0.000ns fall@30.000ns period=60.000ns})
  Destination:            control_unit_cpu/rf_w_select_reg[1]/D
  Path Group:             (none)
  Path Type:              Max at Slow Process Corner
  Data Path Delay:        7.962ns  (logic 3.307ns (41.533%)  route 4.655ns (58.467%))
  Logic Levels:           3  (LUT3=1 LUT4=1 LUT5=1)
  Clock Uncertainty:      0.025ns  ((TSJ^2 + TIJ^2)^1/2 + DJ) / 2 + PE
    Total System Jitter     (TSJ):    0.050ns
    Total Input Jitter      (TIJ):    0.000ns
    Discrete Jitter          (DJ):    0.000ns
    Phase Error              (PE):    0.000ns

    Location             Delay type                Incr(ns)  Path(ns)    Netlist Resource(s)
  -------------------------------------------------------------------    -------------------
                         (clock sysclk rise edge)     0.000     0.000 r  
    K17                                               0.000     0.000 r  sysclk (IN)
                         net (fo=0)                   0.000     0.000    sysclk
    K17                  IBUF (Prop_ibuf_I_O)         1.492     1.492 r  sysclk_IBUF_inst/O
                         net (fo=1, routed)           2.076     3.568    sysclk_IBUF
    BUFGCTRL_X0Y16       BUFG (Prop_bufg_I_O)         0.101     3.669 r  sysclk_IBUF_BUFG_inst/O
                         net (fo=2153, routed)        1.695     5.364    unified_memory_cpu/sysclk_IBUF_BUFG
    RAMB36_X0Y14         RAMB36E1                                     r  unified_memory_cpu/byte_write[1].BRAM_reg_0_1/CLKBWRCLK
  -------------------------------------------------------------------    -------------------
    RAMB36_X0Y14         RAMB36E1 (Prop_ramb36e1_CLKBWRCLK_DOBDO[0])
                                                      2.454     7.818 r  unified_memory_cpu/byte_write[1].BRAM_reg_0_1/DOBDO[0]
                         net (fo=8, routed)           1.436     9.254    unified_memory_cpu/ram_data_a[4]
    SLICE_X6Y66          LUT5 (Prop_lut5_I4_O)        0.150     9.404 f  unified_memory_cpu/rf_w_select_reg[1]_i_6/O
                         net (fo=1, routed)           0.550     9.954    unified_memory_cpu/rf_w_select_reg[1]_i_6_n_0
    SLICE_X7Y66          LUT3 (Prop_lut3_I2_O)        0.343    10.297 r  unified_memory_cpu/rf_w_select_reg[1]_i_3/O
                         net (fo=21, routed)          1.803    12.101    unified_memory_cpu/rf_w_select_reg[1]_i_3_n_0
    SLICE_X14Y60         LUT4 (Prop_lut4_I0_O)        0.360    12.461 r  unified_memory_cpu/rf_w_select_reg[1]_i_1/O
                         net (fo=1, routed)           0.866    13.327    control_unit_cpu/rf_w_select_id_reg[1][1]
    SLICE_X7Y64          LDCE                                         r  control_unit_cpu/rf_w_select_reg[1]/D
  -------------------------------------------------------------------    -------------------

Slack:                    inf
  Source:                 branch_ex_reg_lopt_replica/C
                            (rising edge-triggered cell FDRE clocked by sysclk  {rise@0.000ns fall@30.000ns period=60.000ns})
  Destination:            led
                            (output port)
  Path Group:             (none)
  Path Type:              Max at Slow Process Corner
  Data Path Delay:        6.789ns  (logic 3.987ns (58.726%)  route 2.802ns (41.274%))
  Logic Levels:           1  (OBUF=1)
  Clock Uncertainty:      0.025ns  ((TSJ^2 + TIJ^2)^1/2 + DJ) / 2 + PE
    Total System Jitter     (TSJ):    0.050ns
    Total Input Jitter      (TIJ):    0.000ns
    Discrete Jitter          (DJ):    0.000ns
    Phase Error              (PE):    0.000ns

    Location             Delay type                Incr(ns)  Path(ns)    Netlist Resource(s)
  -------------------------------------------------------------------    -------------------
                         (clock sysclk rise edge)     0.000     0.000 r  
    K17                                               0.000     0.000 r  sysclk (IN)
                         net (fo=0)                   0.000     0.000    sysclk
    K17                  IBUF (Prop_ibuf_I_O)         1.492     1.492 r  sysclk_IBUF_inst/O
                         net (fo=1, routed)           2.076     3.568    sysclk_IBUF
    BUFGCTRL_X0Y16       BUFG (Prop_bufg_I_O)         0.101     3.669 r  sysclk_IBUF_BUFG_inst/O
                         net (fo=2153, routed)        1.659     5.328    sysclk_IBUF_BUFG
    SLICE_X15Y61         FDRE                                         r  branch_ex_reg_lopt_replica/C
  -------------------------------------------------------------------    -------------------
    SLICE_X15Y61         FDRE (Prop_fdre_C_Q)         0.456     5.784 r  branch_ex_reg_lopt_replica/Q
                         net (fo=1, routed)           2.802     8.586    branch_ex_reg_lopt_replica_1
    M14                  OBUF (Prop_obuf_I_O)         3.531    12.117 r  led_OBUF_inst/O
                         net (fo=0)                   0.000    12.117    led
    M14                                                               r  led (OUT)
  -------------------------------------------------------------------    -------------------

Slack:                    inf
  Source:                 unified_memory_cpu/byte_write[1].BRAM_reg_0_1/CLKBWRCLK
                            (rising edge-triggered cell RAMB36E1 clocked by sysclk  {rise@0.000ns fall@30.000ns period=60.000ns})
  Destination:            control_unit_cpu/rf_w_select_reg[0]/D
  Path Group:             (none)
  Path Type:              Max at Slow Process Corner
  Data Path Delay:        6.390ns  (logic 3.279ns (51.315%)  route 3.111ns (48.685%))
  Logic Levels:           3  (LUT3=1 LUT5=1 LUT6=1)
  Clock Uncertainty:      0.025ns  ((TSJ^2 + TIJ^2)^1/2 + DJ) / 2 + PE
    Total System Jitter     (TSJ):    0.050ns
    Total Input Jitter      (TIJ):    0.000ns
    Discrete Jitter          (DJ):    0.000ns
    Phase Error              (PE):    0.000ns

    Location             Delay type                Incr(ns)  Path(ns)    Netlist Resource(s)
  -------------------------------------------------------------------    -------------------
                         (clock sysclk rise edge)     0.000     0.000 r  
    K17                                               0.000     0.000 r  sysclk (IN)
                         net (fo=0)                   0.000     0.000    sysclk
    K17                  IBUF (Prop_ibuf_I_O)         1.492     1.492 r  sysclk_IBUF_inst/O
                         net (fo=1, routed)           2.076     3.568    sysclk_IBUF
    BUFGCTRL_X0Y16       BUFG (Prop_bufg_I_O)         0.101     3.669 r  sysclk_IBUF_BUFG_inst/O
                         net (fo=2153, routed)        1.695     5.364    unified_memory_cpu/sysclk_IBUF_BUFG
    RAMB36_X0Y14         RAMB36E1                                     r  unified_memory_cpu/byte_write[1].BRAM_reg_0_1/CLKBWRCLK
  -------------------------------------------------------------------    -------------------
    RAMB36_X0Y14         RAMB36E1 (Prop_ramb36e1_CLKBWRCLK_DOBDO[0])
                                                      2.454     7.818 r  unified_memory_cpu/byte_write[1].BRAM_reg_0_1/DOBDO[0]
                         net (fo=8, routed)           1.436     9.254    unified_memory_cpu/ram_data_a[4]
    SLICE_X6Y66          LUT5 (Prop_lut5_I4_O)        0.150     9.404 f  unified_memory_cpu/rf_w_select_reg[1]_i_6/O
                         net (fo=1, routed)           0.550     9.954    unified_memory_cpu/rf_w_select_reg[1]_i_6_n_0
    SLICE_X7Y66          LUT3 (Prop_lut3_I2_O)        0.343    10.297 r  unified_memory_cpu/rf_w_select_reg[1]_i_3/O
                         net (fo=21, routed)          0.793    11.090    unified_memory_cpu/rf_w_select_reg[1]_i_3_n_0
    SLICE_X7Y65          LUT6 (Prop_lut6_I0_O)        0.332    11.422 r  unified_memory_cpu/rf_w_select_reg[0]_i_1/O
                         net (fo=1, routed)           0.332    11.754    control_unit_cpu/rf_w_select_id_reg[1][0]
    SLICE_X6Y65          LDCE                                         r  control_unit_cpu/rf_w_select_reg[0]/D
  -------------------------------------------------------------------    -------------------





Min Delay Paths
--------------------------------------------------------------------------------------
Slack:                    inf
  Source:                 unified_memory_cpu/byte_write[1].BRAM_reg_0_1/CLKBWRCLK
                            (rising edge-triggered cell RAMB36E1 clocked by sysclk  {rise@0.000ns fall@30.000ns period=60.000ns})
  Destination:            control_unit_cpu/rf_w_select_reg[0]/D
  Path Group:             (none)
  Path Type:              Min at Fast Process Corner
  Data Path Delay:        1.145ns  (logic 0.630ns (55.027%)  route 0.515ns (44.973%))
  Logic Levels:           1  (LUT6=1)
  Clock Uncertainty:      0.025ns  ((TSJ^2 + TIJ^2)^1/2 + DJ) / 2 + PE
    Total System Jitter     (TSJ):    0.050ns
    Total Input Jitter      (TIJ):    0.000ns
    Discrete Jitter          (DJ):    0.000ns
    Phase Error              (PE):    0.000ns

    Location             Delay type                Incr(ns)  Path(ns)    Netlist Resource(s)
  -------------------------------------------------------------------    -------------------
                         (clock sysclk rise edge)     0.000     0.000 r  
    K17                                               0.000     0.000 r  sysclk (IN)
                         net (fo=0)                   0.000     0.000    sysclk
    K17                  IBUF (Prop_ibuf_I_O)         0.259     0.259 r  sysclk_IBUF_inst/O
                         net (fo=1, routed)           0.627     0.887    sysclk_IBUF
    BUFGCTRL_X0Y16       BUFG (Prop_bufg_I_O)         0.026     0.913 r  sysclk_IBUF_BUFG_inst/O
                         net (fo=2153, routed)        0.594     1.507    unified_memory_cpu/sysclk_IBUF_BUFG
    RAMB36_X0Y14         RAMB36E1                                     r  unified_memory_cpu/byte_write[1].BRAM_reg_0_1/CLKBWRCLK
  -------------------------------------------------------------------    -------------------
    RAMB36_X0Y14         RAMB36E1 (Prop_ramb36e1_CLKBWRCLK_DOBDO[1])
                                                      0.585     2.092 f  unified_memory_cpu/byte_write[1].BRAM_reg_0_1/DOBDO[1]
                         net (fo=18, routed)          0.403     2.495    unified_memory_cpu/ram_data_a[5]
    SLICE_X7Y65          LUT6 (Prop_lut6_I5_O)        0.045     2.540 r  unified_memory_cpu/rf_w_select_reg[0]_i_1/O
                         net (fo=1, routed)           0.112     2.652    control_unit_cpu/rf_w_select_id_reg[1][0]
    SLICE_X6Y65          LDCE                                         r  control_unit_cpu/rf_w_select_reg[0]/D
  -------------------------------------------------------------------    -------------------

Slack:                    inf
  Source:                 unified_memory_cpu/byte_write[1].BRAM_reg_1_1/CLKBWRCLK
                            (rising edge-triggered cell RAMB36E1 clocked by sysclk  {rise@0.000ns fall@30.000ns period=60.000ns})
  Destination:            control_unit_cpu/rf_w_select_reg[1]/D
  Path Group:             (none)
  Path Type:              Min at Fast Process Corner
  Data Path Delay:        1.811ns  (logic 0.627ns (34.625%)  route 1.184ns (65.375%))
  Logic Levels:           1  (LUT4=1)
  Clock Uncertainty:      0.025ns  ((TSJ^2 + TIJ^2)^1/2 + DJ) / 2 + PE
    Total System Jitter     (TSJ):    0.050ns
    Total Input Jitter      (TIJ):    0.000ns
    Discrete Jitter          (DJ):    0.000ns
    Phase Error              (PE):    0.000ns

    Location             Delay type                Incr(ns)  Path(ns)    Netlist Resource(s)
  -------------------------------------------------------------------    -------------------
                         (clock sysclk rise edge)     0.000     0.000 r  
    K17                                               0.000     0.000 r  sysclk (IN)
                         net (fo=0)                   0.000     0.000    sysclk
    K17                  IBUF (Prop_ibuf_I_O)         0.259     0.259 r  sysclk_IBUF_inst/O
                         net (fo=1, routed)           0.627     0.887    sysclk_IBUF
    BUFGCTRL_X0Y16       BUFG (Prop_bufg_I_O)         0.026     0.913 r  sysclk_IBUF_BUFG_inst/O
                         net (fo=2153, routed)        0.591     1.504    unified_memory_cpu/sysclk_IBUF_BUFG
    RAMB36_X1Y14         RAMB36E1                                     r  unified_memory_cpu/byte_write[1].BRAM_reg_1_1/CLKBWRCLK
  -------------------------------------------------------------------    -------------------
    RAMB36_X1Y14         RAMB36E1 (Prop_ramb36e1_CLKBWRCLK_DOBDO[1])
                                                      0.585     2.089 r  unified_memory_cpu/byte_write[1].BRAM_reg_1_1/DOBDO[1]
                         net (fo=37, routed)          0.849     2.938    unified_memory_cpu/ram_data_a[13]
    SLICE_X14Y60         LUT4 (Prop_lut4_I1_O)        0.042     2.980 r  unified_memory_cpu/rf_w_select_reg[1]_i_1/O
                         net (fo=1, routed)           0.335     3.315    control_unit_cpu/rf_w_select_id_reg[1][1]
    SLICE_X7Y64          LDCE                                         r  control_unit_cpu/rf_w_select_reg[1]/D
  -------------------------------------------------------------------    -------------------

Slack:                    inf
  Source:                 branch_ex_reg_lopt_replica/C
                            (rising edge-triggered cell FDRE clocked by sysclk  {rise@0.000ns fall@30.000ns period=60.000ns})
  Destination:            led
                            (output port)
  Path Group:             (none)
  Path Type:              Min at Fast Process Corner
  Data Path Delay:        2.273ns  (logic 1.373ns (60.399%)  route 0.900ns (39.601%))
  Logic Levels:           1  (OBUF=1)
  Clock Uncertainty:      0.025ns  ((TSJ^2 + TIJ^2)^1/2 + DJ) / 2 + PE
    Total System Jitter     (TSJ):    0.050ns
    Total Input Jitter      (TIJ):    0.000ns
    Discrete Jitter          (DJ):    0.000ns
    Phase Error              (PE):    0.000ns

    Location             Delay type                Incr(ns)  Path(ns)    Netlist Resource(s)
  -------------------------------------------------------------------    -------------------
                         (clock sysclk rise edge)     0.000     0.000 r  
    K17                                               0.000     0.000 r  sysclk (IN)
                         net (fo=0)                   0.000     0.000    sysclk
    K17                  IBUF (Prop_ibuf_I_O)         0.259     0.259 r  sysclk_IBUF_inst/O
                         net (fo=1, routed)           0.627     0.887    sysclk_IBUF
    BUFGCTRL_X0Y16       BUFG (Prop_bufg_I_O)         0.026     0.913 r  sysclk_IBUF_BUFG_inst/O
                         net (fo=2153, routed)        0.557     1.469    sysclk_IBUF_BUFG
    SLICE_X15Y61         FDRE                                         r  branch_ex_reg_lopt_replica/C
  -------------------------------------------------------------------    -------------------
    SLICE_X15Y61         FDRE (Prop_fdre_C_Q)         0.141     1.610 r  branch_ex_reg_lopt_replica/Q
                         net (fo=1, routed)           0.900     2.511    branch_ex_reg_lopt_replica_1
    M14                  OBUF (Prop_obuf_I_O)         1.232     3.743 r  led_OBUF_inst/O
                         net (fo=0)                   0.000     3.743    led
    M14                                                               r  led (OUT)
  -------------------------------------------------------------------    -------------------





--------------------------------------------------------------------------------------
Path Group:  (none)
From Clock:  
  To Clock:  sysclk

Max Delay          2131 Endpoints
Min Delay          2131 Endpoints
--------------------------------------------------------------------------------------


Max Delay Paths
--------------------------------------------------------------------------------------
Slack:                    inf
  Source:                 rst
                            (input port)
  Destination:            opd1_ex_reg[21]/R
                            (rising edge-triggered cell FDRE clocked by sysclk  {rise@0.000ns fall@30.000ns period=60.000ns})
  Path Group:             (none)
  Path Type:              Setup (Max at Slow Process Corner)
  Data Path Delay:        13.511ns  (logic 1.613ns (11.937%)  route 11.898ns (88.063%))
  Logic Levels:           2  (IBUF=1 LUT2=1)
  Clock Path Skew:        4.875ns (DCD - SCD + CPR)
    Destination Clock Delay (DCD):    4.875ns
    Source Clock Delay      (SCD):    0.000ns
    Clock Pessimism Removal (CPR):    0.000ns
  Clock Uncertainty:      0.025ns  ((TSJ^2 + TIJ^2)^1/2 + DJ) / 2 + PE
    Total System Jitter     (TSJ):    0.050ns
    Total Input Jitter      (TIJ):    0.000ns
    Discrete Jitter          (DJ):    0.000ns
    Phase Error              (PE):    0.000ns

    Location             Delay type                Incr(ns)  Path(ns)    Netlist Resource(s)
  -------------------------------------------------------------------    -------------------
    K18                                               0.000     0.000 r  rst (IN)
                         net (fo=0)                   0.000     0.000    rst
    K18                  IBUF (Prop_ibuf_I_O)         1.489     1.489 r  rst_IBUF_inst/O
                         net (fo=1829, routed)        6.688     8.177    rst_IBUF
    SLICE_X6Y65          LUT2 (Prop_lut2_I0_O)        0.124     8.301 r  branch_ex_i_1/O
                         net (fo=254, routed)         5.210    13.511    instr_ex0
    SLICE_X26Y88         FDRE                                         r  opd1_ex_reg[21]/R
  -------------------------------------------------------------------    -------------------

                         (clock sysclk rise edge)     0.000     0.000 r  
    K17                                               0.000     0.000 r  sysclk (IN)
                         net (fo=0)                   0.000     0.000    sysclk
    K17                  IBUF (Prop_ibuf_I_O)         1.421     1.421 r  sysclk_IBUF_inst/O
                         net (fo=1, routed)           1.880     3.301    sysclk_IBUF
    BUFGCTRL_X0Y16       BUFG (Prop_bufg_I_O)         0.091     3.392 r  sysclk_IBUF_BUFG_inst/O
                         net (fo=2153, routed)        1.483     4.875    sysclk_IBUF_BUFG
    SLICE_X26Y88         FDRE                                         r  opd1_ex_reg[21]/C

Slack:                    inf
  Source:                 rst
                            (input port)
  Destination:            opd2_ex_reg[21]/R
                            (rising edge-triggered cell FDRE clocked by sysclk  {rise@0.000ns fall@30.000ns period=60.000ns})
  Path Group:             (none)
  Path Type:              Setup (Max at Slow Process Corner)
  Data Path Delay:        13.511ns  (logic 1.613ns (11.937%)  route 11.898ns (88.063%))
  Logic Levels:           2  (IBUF=1 LUT2=1)
  Clock Path Skew:        4.875ns (DCD - SCD + CPR)
    Destination Clock Delay (DCD):    4.875ns
    Source Clock Delay      (SCD):    0.000ns
    Clock Pessimism Removal (CPR):    0.000ns
  Clock Uncertainty:      0.025ns  ((TSJ^2 + TIJ^2)^1/2 + DJ) / 2 + PE
    Total System Jitter     (TSJ):    0.050ns
    Total Input Jitter      (TIJ):    0.000ns
    Discrete Jitter          (DJ):    0.000ns
    Phase Error              (PE):    0.000ns

    Location             Delay type                Incr(ns)  Path(ns)    Netlist Resource(s)
  -------------------------------------------------------------------    -------------------
    K18                                               0.000     0.000 r  rst (IN)
                         net (fo=0)                   0.000     0.000    rst
    K18                  IBUF (Prop_ibuf_I_O)         1.489     1.489 r  rst_IBUF_inst/O
                         net (fo=1829, routed)        6.688     8.177    rst_IBUF
    SLICE_X6Y65          LUT2 (Prop_lut2_I0_O)        0.124     8.301 r  branch_ex_i_1/O
                         net (fo=254, routed)         5.210    13.511    instr_ex0
    SLICE_X26Y88         FDRE                                         r  opd2_ex_reg[21]/R
  -------------------------------------------------------------------    -------------------

                         (clock sysclk rise edge)     0.000     0.000 r  
    K17                                               0.000     0.000 r  sysclk (IN)
                         net (fo=0)                   0.000     0.000    sysclk
    K17                  IBUF (Prop_ibuf_I_O)         1.421     1.421 r  sysclk_IBUF_inst/O
                         net (fo=1, routed)           1.880     3.301    sysclk_IBUF
    BUFGCTRL_X0Y16       BUFG (Prop_bufg_I_O)         0.091     3.392 r  sysclk_IBUF_BUFG_inst/O
                         net (fo=2153, routed)        1.483     4.875    sysclk_IBUF_BUFG
    SLICE_X26Y88         FDRE                                         r  opd2_ex_reg[21]/C

Slack:                    inf
  Source:                 rst
                            (input port)
  Destination:            opd2_ex_reg[24]/R
                            (rising edge-triggered cell FDRE clocked by sysclk  {rise@0.000ns fall@30.000ns period=60.000ns})
  Path Group:             (none)
  Path Type:              Setup (Max at Slow Process Corner)
  Data Path Delay:        13.511ns  (logic 1.613ns (11.937%)  route 11.898ns (88.063%))
  Logic Levels:           2  (IBUF=1 LUT2=1)
  Clock Path Skew:        4.875ns (DCD - SCD + CPR)
    Destination Clock Delay (DCD):    4.875ns
    Source Clock Delay      (SCD):    0.000ns
    Clock Pessimism Removal (CPR):    0.000ns
  Clock Uncertainty:      0.025ns  ((TSJ^2 + TIJ^2)^1/2 + DJ) / 2 + PE
    Total System Jitter     (TSJ):    0.050ns
    Total Input Jitter      (TIJ):    0.000ns
    Discrete Jitter          (DJ):    0.000ns
    Phase Error              (PE):    0.000ns

    Location             Delay type                Incr(ns)  Path(ns)    Netlist Resource(s)
  -------------------------------------------------------------------    -------------------
    K18                                               0.000     0.000 r  rst (IN)
                         net (fo=0)                   0.000     0.000    rst
    K18                  IBUF (Prop_ibuf_I_O)         1.489     1.489 r  rst_IBUF_inst/O
                         net (fo=1829, routed)        6.688     8.177    rst_IBUF
    SLICE_X6Y65          LUT2 (Prop_lut2_I0_O)        0.124     8.301 r  branch_ex_i_1/O
                         net (fo=254, routed)         5.210    13.511    instr_ex0
    SLICE_X26Y88         FDRE                                         r  opd2_ex_reg[24]/R
  -------------------------------------------------------------------    -------------------

                         (clock sysclk rise edge)     0.000     0.000 r  
    K17                                               0.000     0.000 r  sysclk (IN)
                         net (fo=0)                   0.000     0.000    sysclk
    K17                  IBUF (Prop_ibuf_I_O)         1.421     1.421 r  sysclk_IBUF_inst/O
                         net (fo=1, routed)           1.880     3.301    sysclk_IBUF
    BUFGCTRL_X0Y16       BUFG (Prop_bufg_I_O)         0.091     3.392 r  sysclk_IBUF_BUFG_inst/O
                         net (fo=2153, routed)        1.483     4.875    sysclk_IBUF_BUFG
    SLICE_X26Y88         FDRE                                         r  opd2_ex_reg[24]/C

Slack:                    inf
  Source:                 rst
                            (input port)
  Destination:            opd3_ex_reg[24]/R
                            (rising edge-triggered cell FDRE clocked by sysclk  {rise@0.000ns fall@30.000ns period=60.000ns})
  Path Group:             (none)
  Path Type:              Setup (Max at Slow Process Corner)
  Data Path Delay:        13.511ns  (logic 1.613ns (11.937%)  route 11.898ns (88.063%))
  Logic Levels:           2  (IBUF=1 LUT2=1)
  Clock Path Skew:        4.875ns (DCD - SCD + CPR)
    Destination Clock Delay (DCD):    4.875ns
    Source Clock Delay      (SCD):    0.000ns
    Clock Pessimism Removal (CPR):    0.000ns
  Clock Uncertainty:      0.025ns  ((TSJ^2 + TIJ^2)^1/2 + DJ) / 2 + PE
    Total System Jitter     (TSJ):    0.050ns
    Total Input Jitter      (TIJ):    0.000ns
    Discrete Jitter          (DJ):    0.000ns
    Phase Error              (PE):    0.000ns

    Location             Delay type                Incr(ns)  Path(ns)    Netlist Resource(s)
  -------------------------------------------------------------------    -------------------
    K18                                               0.000     0.000 r  rst (IN)
                         net (fo=0)                   0.000     0.000    rst
    K18                  IBUF (Prop_ibuf_I_O)         1.489     1.489 r  rst_IBUF_inst/O
                         net (fo=1829, routed)        6.688     8.177    rst_IBUF
    SLICE_X6Y65          LUT2 (Prop_lut2_I0_O)        0.124     8.301 r  branch_ex_i_1/O
                         net (fo=254, routed)         5.210    13.511    instr_ex0
    SLICE_X26Y88         FDRE                                         r  opd3_ex_reg[24]/R
  -------------------------------------------------------------------    -------------------

                         (clock sysclk rise edge)     0.000     0.000 r  
    K17                                               0.000     0.000 r  sysclk (IN)
                         net (fo=0)                   0.000     0.000    sysclk
    K17                  IBUF (Prop_ibuf_I_O)         1.421     1.421 r  sysclk_IBUF_inst/O
                         net (fo=1, routed)           1.880     3.301    sysclk_IBUF
    BUFGCTRL_X0Y16       BUFG (Prop_bufg_I_O)         0.091     3.392 r  sysclk_IBUF_BUFG_inst/O
                         net (fo=2153, routed)        1.483     4.875    sysclk_IBUF_BUFG
    SLICE_X26Y88         FDRE                                         r  opd3_ex_reg[24]/C

Slack:                    inf
  Source:                 rst
                            (input port)
  Destination:            opd1_ex_reg[31]/R
                            (rising edge-triggered cell FDRE clocked by sysclk  {rise@0.000ns fall@30.000ns period=60.000ns})
  Path Group:             (none)
  Path Type:              Setup (Max at Slow Process Corner)
  Data Path Delay:        12.944ns  (logic 1.613ns (12.460%)  route 11.332ns (87.540%))
  Logic Levels:           2  (IBUF=1 LUT2=1)
  Clock Path Skew:        4.872ns (DCD - SCD + CPR)
    Destination Clock Delay (DCD):    4.872ns
    Source Clock Delay      (SCD):    0.000ns
    Clock Pessimism Removal (CPR):    0.000ns
  Clock Uncertainty:      0.025ns  ((TSJ^2 + TIJ^2)^1/2 + DJ) / 2 + PE
    Total System Jitter     (TSJ):    0.050ns
    Total Input Jitter      (TIJ):    0.000ns
    Discrete Jitter          (DJ):    0.000ns
    Phase Error              (PE):    0.000ns

    Location             Delay type                Incr(ns)  Path(ns)    Netlist Resource(s)
  -------------------------------------------------------------------    -------------------
    K18                                               0.000     0.000 r  rst (IN)
                         net (fo=0)                   0.000     0.000    rst
    K18                  IBUF (Prop_ibuf_I_O)         1.489     1.489 r  rst_IBUF_inst/O
                         net (fo=1829, routed)        6.688     8.177    rst_IBUF
    SLICE_X6Y65          LUT2 (Prop_lut2_I0_O)        0.124     8.301 r  branch_ex_i_1/O
                         net (fo=254, routed)         4.644    12.944    instr_ex0
    SLICE_X24Y89         FDRE                                         r  opd1_ex_reg[31]/R
  -------------------------------------------------------------------    -------------------

                         (clock sysclk rise edge)     0.000     0.000 r  
    K17                                               0.000     0.000 r  sysclk (IN)
                         net (fo=0)                   0.000     0.000    sysclk
    K17                  IBUF (Prop_ibuf_I_O)         1.421     1.421 r  sysclk_IBUF_inst/O
                         net (fo=1, routed)           1.880     3.301    sysclk_IBUF
    BUFGCTRL_X0Y16       BUFG (Prop_bufg_I_O)         0.091     3.392 r  sysclk_IBUF_BUFG_inst/O
                         net (fo=2153, routed)        1.480     4.872    sysclk_IBUF_BUFG
    SLICE_X24Y89         FDRE                                         r  opd1_ex_reg[31]/C

Slack:                    inf
  Source:                 rst
                            (input port)
  Destination:            opd2_ex_reg[31]/R
                            (rising edge-triggered cell FDRE clocked by sysclk  {rise@0.000ns fall@30.000ns period=60.000ns})
  Path Group:             (none)
  Path Type:              Setup (Max at Slow Process Corner)
  Data Path Delay:        12.944ns  (logic 1.613ns (12.460%)  route 11.332ns (87.540%))
  Logic Levels:           2  (IBUF=1 LUT2=1)
  Clock Path Skew:        4.872ns (DCD - SCD + CPR)
    Destination Clock Delay (DCD):    4.872ns
    Source Clock Delay      (SCD):    0.000ns
    Clock Pessimism Removal (CPR):    0.000ns
  Clock Uncertainty:      0.025ns  ((TSJ^2 + TIJ^2)^1/2 + DJ) / 2 + PE
    Total System Jitter     (TSJ):    0.050ns
    Total Input Jitter      (TIJ):    0.000ns
    Discrete Jitter          (DJ):    0.000ns
    Phase Error              (PE):    0.000ns

    Location             Delay type                Incr(ns)  Path(ns)    Netlist Resource(s)
  -------------------------------------------------------------------    -------------------
    K18                                               0.000     0.000 r  rst (IN)
                         net (fo=0)                   0.000     0.000    rst
    K18                  IBUF (Prop_ibuf_I_O)         1.489     1.489 r  rst_IBUF_inst/O
                         net (fo=1829, routed)        6.688     8.177    rst_IBUF
    SLICE_X6Y65          LUT2 (Prop_lut2_I0_O)        0.124     8.301 r  branch_ex_i_1/O
                         net (fo=254, routed)         4.644    12.944    instr_ex0
    SLICE_X24Y89         FDRE                                         r  opd2_ex_reg[31]/R
  -------------------------------------------------------------------    -------------------

                         (clock sysclk rise edge)     0.000     0.000 r  
    K17                                               0.000     0.000 r  sysclk (IN)
                         net (fo=0)                   0.000     0.000    sysclk
    K17                  IBUF (Prop_ibuf_I_O)         1.421     1.421 r  sysclk_IBUF_inst/O
                         net (fo=1, routed)           1.880     3.301    sysclk_IBUF
    BUFGCTRL_X0Y16       BUFG (Prop_bufg_I_O)         0.091     3.392 r  sysclk_IBUF_BUFG_inst/O
                         net (fo=2153, routed)        1.480     4.872    sysclk_IBUF_BUFG
    SLICE_X24Y89         FDRE                                         r  opd2_ex_reg[31]/C

Slack:                    inf
  Source:                 rst
                            (input port)
  Destination:            opd3_ex_reg[21]/R
                            (rising edge-triggered cell FDRE clocked by sysclk  {rise@0.000ns fall@30.000ns period=60.000ns})
  Path Group:             (none)
  Path Type:              Setup (Max at Slow Process Corner)
  Data Path Delay:        12.944ns  (logic 1.613ns (12.460%)  route 11.332ns (87.540%))
  Logic Levels:           2  (IBUF=1 LUT2=1)
  Clock Path Skew:        4.872ns (DCD - SCD + CPR)
    Destination Clock Delay (DCD):    4.872ns
    Source Clock Delay      (SCD):    0.000ns
    Clock Pessimism Removal (CPR):    0.000ns
  Clock Uncertainty:      0.025ns  ((TSJ^2 + TIJ^2)^1/2 + DJ) / 2 + PE
    Total System Jitter     (TSJ):    0.050ns
    Total Input Jitter      (TIJ):    0.000ns
    Discrete Jitter          (DJ):    0.000ns
    Phase Error              (PE):    0.000ns

    Location             Delay type                Incr(ns)  Path(ns)    Netlist Resource(s)
  -------------------------------------------------------------------    -------------------
    K18                                               0.000     0.000 r  rst (IN)
                         net (fo=0)                   0.000     0.000    rst
    K18                  IBUF (Prop_ibuf_I_O)         1.489     1.489 r  rst_IBUF_inst/O
                         net (fo=1829, routed)        6.688     8.177    rst_IBUF
    SLICE_X6Y65          LUT2 (Prop_lut2_I0_O)        0.124     8.301 r  branch_ex_i_1/O
                         net (fo=254, routed)         4.644    12.944    instr_ex0
    SLICE_X24Y89         FDRE                                         r  opd3_ex_reg[21]/R
  -------------------------------------------------------------------    -------------------

                         (clock sysclk rise edge)     0.000     0.000 r  
    K17                                               0.000     0.000 r  sysclk (IN)
                         net (fo=0)                   0.000     0.000    sysclk
    K17                  IBUF (Prop_ibuf_I_O)         1.421     1.421 r  sysclk_IBUF_inst/O
                         net (fo=1, routed)           1.880     3.301    sysclk_IBUF
    BUFGCTRL_X0Y16       BUFG (Prop_bufg_I_O)         0.091     3.392 r  sysclk_IBUF_BUFG_inst/O
                         net (fo=2153, routed)        1.480     4.872    sysclk_IBUF_BUFG
    SLICE_X24Y89         FDRE                                         r  opd3_ex_reg[21]/C

Slack:                    inf
  Source:                 rst
                            (input port)
  Destination:            opd3_ex_reg[31]/R
                            (rising edge-triggered cell FDRE clocked by sysclk  {rise@0.000ns fall@30.000ns period=60.000ns})
  Path Group:             (none)
  Path Type:              Setup (Max at Slow Process Corner)
  Data Path Delay:        12.944ns  (logic 1.613ns (12.460%)  route 11.332ns (87.540%))
  Logic Levels:           2  (IBUF=1 LUT2=1)
  Clock Path Skew:        4.872ns (DCD - SCD + CPR)
    Destination Clock Delay (DCD):    4.872ns
    Source Clock Delay      (SCD):    0.000ns
    Clock Pessimism Removal (CPR):    0.000ns
  Clock Uncertainty:      0.025ns  ((TSJ^2 + TIJ^2)^1/2 + DJ) / 2 + PE
    Total System Jitter     (TSJ):    0.050ns
    Total Input Jitter      (TIJ):    0.000ns
    Discrete Jitter          (DJ):    0.000ns
    Phase Error              (PE):    0.000ns

    Location             Delay type                Incr(ns)  Path(ns)    Netlist Resource(s)
  -------------------------------------------------------------------    -------------------
    K18                                               0.000     0.000 r  rst (IN)
                         net (fo=0)                   0.000     0.000    rst
    K18                  IBUF (Prop_ibuf_I_O)         1.489     1.489 r  rst_IBUF_inst/O
                         net (fo=1829, routed)        6.688     8.177    rst_IBUF
    SLICE_X6Y65          LUT2 (Prop_lut2_I0_O)        0.124     8.301 r  branch_ex_i_1/O
                         net (fo=254, routed)         4.644    12.944    instr_ex0
    SLICE_X24Y89         FDRE                                         r  opd3_ex_reg[31]/R
  -------------------------------------------------------------------    -------------------

                         (clock sysclk rise edge)     0.000     0.000 r  
    K17                                               0.000     0.000 r  sysclk (IN)
                         net (fo=0)                   0.000     0.000    sysclk
    K17                  IBUF (Prop_ibuf_I_O)         1.421     1.421 r  sysclk_IBUF_inst/O
                         net (fo=1, routed)           1.880     3.301    sysclk_IBUF
    BUFGCTRL_X0Y16       BUFG (Prop_bufg_I_O)         0.091     3.392 r  sysclk_IBUF_BUFG_inst/O
                         net (fo=2153, routed)        1.480     4.872    sysclk_IBUF_BUFG
    SLICE_X24Y89         FDRE                                         r  opd3_ex_reg[31]/C

Slack:                    inf
  Source:                 rst
                            (input port)
  Destination:            opd2_ex_reg[25]/R
                            (rising edge-triggered cell FDRE clocked by sysclk  {rise@0.000ns fall@30.000ns period=60.000ns})
  Path Group:             (none)
  Path Type:              Setup (Max at Slow Process Corner)
  Data Path Delay:        12.855ns  (logic 1.613ns (12.547%)  route 11.242ns (87.453%))
  Logic Levels:           2  (IBUF=1 LUT2=1)
  Clock Path Skew:        4.878ns (DCD - SCD + CPR)
    Destination Clock Delay (DCD):    4.878ns
    Source Clock Delay      (SCD):    0.000ns
    Clock Pessimism Removal (CPR):    0.000ns
  Clock Uncertainty:      0.025ns  ((TSJ^2 + TIJ^2)^1/2 + DJ) / 2 + PE
    Total System Jitter     (TSJ):    0.050ns
    Total Input Jitter      (TIJ):    0.000ns
    Discrete Jitter          (DJ):    0.000ns
    Phase Error              (PE):    0.000ns

    Location             Delay type                Incr(ns)  Path(ns)    Netlist Resource(s)
  -------------------------------------------------------------------    -------------------
    K18                                               0.000     0.000 r  rst (IN)
                         net (fo=0)                   0.000     0.000    rst
    K18                  IBUF (Prop_ibuf_I_O)         1.489     1.489 r  rst_IBUF_inst/O
                         net (fo=1829, routed)        6.688     8.177    rst_IBUF
    SLICE_X6Y65          LUT2 (Prop_lut2_I0_O)        0.124     8.301 r  branch_ex_i_1/O
                         net (fo=254, routed)         4.554    12.855    instr_ex0
    SLICE_X15Y89         FDRE                                         r  opd2_ex_reg[25]/R
  -------------------------------------------------------------------    -------------------

                         (clock sysclk rise edge)     0.000     0.000 r  
    K17                                               0.000     0.000 r  sysclk (IN)
                         net (fo=0)                   0.000     0.000    sysclk
    K17                  IBUF (Prop_ibuf_I_O)         1.421     1.421 r  sysclk_IBUF_inst/O
                         net (fo=1, routed)           1.880     3.301    sysclk_IBUF
    BUFGCTRL_X0Y16       BUFG (Prop_bufg_I_O)         0.091     3.392 r  sysclk_IBUF_BUFG_inst/O
                         net (fo=2153, routed)        1.486     4.878    sysclk_IBUF_BUFG
    SLICE_X15Y89         FDRE                                         r  opd2_ex_reg[25]/C

Slack:                    inf
  Source:                 rst
                            (input port)
  Destination:            opd2_ex_reg[26]/R
                            (rising edge-triggered cell FDRE clocked by sysclk  {rise@0.000ns fall@30.000ns period=60.000ns})
  Path Group:             (none)
  Path Type:              Setup (Max at Slow Process Corner)
  Data Path Delay:        12.855ns  (logic 1.613ns (12.547%)  route 11.242ns (87.453%))
  Logic Levels:           2  (IBUF=1 LUT2=1)
  Clock Path Skew:        4.878ns (DCD - SCD + CPR)
    Destination Clock Delay (DCD):    4.878ns
    Source Clock Delay      (SCD):    0.000ns
    Clock Pessimism Removal (CPR):    0.000ns
  Clock Uncertainty:      0.025ns  ((TSJ^2 + TIJ^2)^1/2 + DJ) / 2 + PE
    Total System Jitter     (TSJ):    0.050ns
    Total Input Jitter      (TIJ):    0.000ns
    Discrete Jitter          (DJ):    0.000ns
    Phase Error              (PE):    0.000ns

    Location             Delay type                Incr(ns)  Path(ns)    Netlist Resource(s)
  -------------------------------------------------------------------    -------------------
    K18                                               0.000     0.000 r  rst (IN)
                         net (fo=0)                   0.000     0.000    rst
    K18                  IBUF (Prop_ibuf_I_O)         1.489     1.489 r  rst_IBUF_inst/O
                         net (fo=1829, routed)        6.688     8.177    rst_IBUF
    SLICE_X6Y65          LUT2 (Prop_lut2_I0_O)        0.124     8.301 r  branch_ex_i_1/O
                         net (fo=254, routed)         4.554    12.855    instr_ex0
    SLICE_X15Y89         FDRE                                         r  opd2_ex_reg[26]/R
  -------------------------------------------------------------------    -------------------

                         (clock sysclk rise edge)     0.000     0.000 r  
    K17                                               0.000     0.000 r  sysclk (IN)
                         net (fo=0)                   0.000     0.000    sysclk
    K17                  IBUF (Prop_ibuf_I_O)         1.421     1.421 r  sysclk_IBUF_inst/O
                         net (fo=1, routed)           1.880     3.301    sysclk_IBUF
    BUFGCTRL_X0Y16       BUFG (Prop_bufg_I_O)         0.091     3.392 r  sysclk_IBUF_BUFG_inst/O
                         net (fo=2153, routed)        1.486     4.878    sysclk_IBUF_BUFG
    SLICE_X15Y89         FDRE                                         r  opd2_ex_reg[26]/C





Min Delay Paths
--------------------------------------------------------------------------------------
Slack:                    inf
  Source:                 control_unit_cpu/rf_w_select_reg[1]/G
                            (positive level-sensitive latch)
  Destination:            rf_w_select_id_reg[1]/D
                            (rising edge-triggered cell FDRE clocked by sysclk  {rise@0.000ns fall@30.000ns period=60.000ns})
  Path Group:             (none)
  Path Type:              Hold (Min at Fast Process Corner)
  Data Path Delay:        0.270ns  (logic 0.158ns (58.517%)  route 0.112ns (41.483%))
  Logic Levels:           1  (LDCE=1)
  Clock Uncertainty:      0.025ns  ((TSJ^2 + TIJ^2)^1/2 + DJ) / 2 + PE
    Total System Jitter     (TSJ):    0.050ns
    Total Input Jitter      (TIJ):    0.000ns
    Discrete Jitter          (DJ):    0.000ns
    Phase Error              (PE):    0.000ns

    Location             Delay type                Incr(ns)  Path(ns)    Netlist Resource(s)
  -------------------------------------------------------------------    -------------------
    SLICE_X7Y64          LDCE                         0.000     0.000 r  control_unit_cpu/rf_w_select_reg[1]/G
    SLICE_X7Y64          LDCE (EnToQ_ldce_G_Q)        0.158     0.158 r  control_unit_cpu/rf_w_select_reg[1]/Q
                         net (fo=1, routed)           0.112     0.270    ctrl_rf_w_select_out[1]
    SLICE_X7Y65          FDRE                                         r  rf_w_select_id_reg[1]/D
  -------------------------------------------------------------------    -------------------

                         (clock sysclk rise edge)     0.000     0.000 r  
    K17                                               0.000     0.000 r  sysclk (IN)
                         net (fo=0)                   0.000     0.000    sysclk
    K17                  IBUF (Prop_ibuf_I_O)         0.447     0.447 r  sysclk_IBUF_inst/O
                         net (fo=1, routed)           0.683     1.130    sysclk_IBUF
    BUFGCTRL_X0Y16       BUFG (Prop_bufg_I_O)         0.029     1.159 r  sysclk_IBUF_BUFG_inst/O
                         net (fo=2153, routed)        0.825     1.984    sysclk_IBUF_BUFG
    SLICE_X7Y65          FDRE                                         r  rf_w_select_id_reg[1]/C

Slack:                    inf
  Source:                 control_unit_cpu/rf_w_select_reg[0]/G
                            (positive level-sensitive latch)
  Destination:            rf_w_select_id_reg[0]/D
                            (rising edge-triggered cell FDRE clocked by sysclk  {rise@0.000ns fall@30.000ns period=60.000ns})
  Path Group:             (none)
  Path Type:              Hold (Min at Fast Process Corner)
  Data Path Delay:        0.294ns  (logic 0.178ns (60.494%)  route 0.116ns (39.506%))
  Logic Levels:           1  (LDCE=1)
  Clock Uncertainty:      0.025ns  ((TSJ^2 + TIJ^2)^1/2 + DJ) / 2 + PE
    Total System Jitter     (TSJ):    0.050ns
    Total Input Jitter      (TIJ):    0.000ns
    Discrete Jitter          (DJ):    0.000ns
    Phase Error              (PE):    0.000ns

    Location             Delay type                Incr(ns)  Path(ns)    Netlist Resource(s)
  -------------------------------------------------------------------    -------------------
    SLICE_X6Y65          LDCE                         0.000     0.000 r  control_unit_cpu/rf_w_select_reg[0]/G
    SLICE_X6Y65          LDCE (EnToQ_ldce_G_Q)        0.178     0.178 r  control_unit_cpu/rf_w_select_reg[0]/Q
                         net (fo=1, routed)           0.116     0.294    ctrl_rf_w_select_out[0]
    SLICE_X7Y66          FDRE                                         r  rf_w_select_id_reg[0]/D
  -------------------------------------------------------------------    -------------------

                         (clock sysclk rise edge)     0.000     0.000 r  
    K17                                               0.000     0.000 r  sysclk (IN)
                         net (fo=0)                   0.000     0.000    sysclk
    K17                  IBUF (Prop_ibuf_I_O)         0.447     0.447 r  sysclk_IBUF_inst/O
                         net (fo=1, routed)           0.683     1.130    sysclk_IBUF
    BUFGCTRL_X0Y16       BUFG (Prop_bufg_I_O)         0.029     1.159 r  sysclk_IBUF_BUFG_inst/O
                         net (fo=2153, routed)        0.824     1.983    sysclk_IBUF_BUFG
    SLICE_X7Y66          FDRE                                         r  rf_w_select_id_reg[0]/C

Slack:                    inf
  Source:                 rst
                            (input port)
  Destination:            register_file_cpu/rf_reg[29][7]/R
                            (rising edge-triggered cell FDRE clocked by sysclk  {rise@0.000ns fall@30.000ns period=60.000ns})
  Path Group:             (none)
  Path Type:              Hold (Min at Fast Process Corner)
  Data Path Delay:        0.648ns  (logic 0.257ns (39.591%)  route 0.392ns (60.409%))
  Logic Levels:           1  (IBUF=1)
  Clock Path Skew:        2.001ns (DCD - SCD - CPR)
    Destination Clock Delay (DCD):    2.001ns
    Source Clock Delay      (SCD):    0.000ns
    Clock Pessimism Removal (CPR):    -0.000ns

    Location             Delay type                Incr(ns)  Path(ns)    Netlist Resource(s)
  -------------------------------------------------------------------    -------------------
    K18                                               0.000     0.000 r  rst (IN)
                         net (fo=0)                   0.000     0.000    rst
    K18                  IBUF (Prop_ibuf_I_O)         0.257     0.257 r  rst_IBUF_inst/O
                         net (fo=1829, routed)        0.392     0.648    register_file_cpu/rst_IBUF
    SLICE_X41Y75         FDRE                                         r  register_file_cpu/rf_reg[29][7]/R
  -------------------------------------------------------------------    -------------------

                         (clock sysclk rise edge)     0.000     0.000 r  
    K17                                               0.000     0.000 r  sysclk (IN)
                         net (fo=0)                   0.000     0.000    sysclk
    K17                  IBUF (Prop_ibuf_I_O)         0.447     0.447 r  sysclk_IBUF_inst/O
                         net (fo=1, routed)           0.683     1.130    sysclk_IBUF
    BUFGCTRL_X0Y16       BUFG (Prop_bufg_I_O)         0.029     1.159 r  sysclk_IBUF_BUFG_inst/O
                         net (fo=2153, routed)        0.842     2.001    register_file_cpu/sysclk_IBUF_BUFG
    SLICE_X41Y75         FDRE                                         r  register_file_cpu/rf_reg[29][7]/C

Slack:                    inf
  Source:                 rst
                            (input port)
  Destination:            register_file_cpu/rf_reg[25][7]/R
                            (rising edge-triggered cell FDRE clocked by sysclk  {rise@0.000ns fall@30.000ns period=60.000ns})
  Path Group:             (none)
  Path Type:              Hold (Min at Fast Process Corner)
  Data Path Delay:        0.653ns  (logic 0.257ns (39.327%)  route 0.396ns (60.673%))
  Logic Levels:           1  (IBUF=1)
  Clock Path Skew:        2.001ns (DCD - SCD - CPR)
    Destination Clock Delay (DCD):    2.001ns
    Source Clock Delay      (SCD):    0.000ns
    Clock Pessimism Removal (CPR):    -0.000ns

    Location             Delay type                Incr(ns)  Path(ns)    Netlist Resource(s)
  -------------------------------------------------------------------    -------------------
    K18                                               0.000     0.000 r  rst (IN)
                         net (fo=0)                   0.000     0.000    rst
    K18                  IBUF (Prop_ibuf_I_O)         0.257     0.257 r  rst_IBUF_inst/O
                         net (fo=1829, routed)        0.396     0.653    register_file_cpu/rst_IBUF
    SLICE_X40Y75         FDRE                                         r  register_file_cpu/rf_reg[25][7]/R
  -------------------------------------------------------------------    -------------------

                         (clock sysclk rise edge)     0.000     0.000 r  
    K17                                               0.000     0.000 r  sysclk (IN)
                         net (fo=0)                   0.000     0.000    sysclk
    K17                  IBUF (Prop_ibuf_I_O)         0.447     0.447 r  sysclk_IBUF_inst/O
                         net (fo=1, routed)           0.683     1.130    sysclk_IBUF
    BUFGCTRL_X0Y16       BUFG (Prop_bufg_I_O)         0.029     1.159 r  sysclk_IBUF_BUFG_inst/O
                         net (fo=2153, routed)        0.842     2.001    register_file_cpu/sysclk_IBUF_BUFG
    SLICE_X40Y75         FDRE                                         r  register_file_cpu/rf_reg[25][7]/C

Slack:                    inf
  Source:                 rst
                            (input port)
  Destination:            register_file_cpu/rf_reg[20][7]/R
                            (rising edge-triggered cell FDRE clocked by sysclk  {rise@0.000ns fall@30.000ns period=60.000ns})
  Path Group:             (none)
  Path Type:              Hold (Min at Fast Process Corner)
  Data Path Delay:        0.738ns  (logic 0.257ns (34.776%)  route 0.481ns (65.224%))
  Logic Levels:           1  (IBUF=1)
  Clock Path Skew:        2.001ns (DCD - SCD - CPR)
    Destination Clock Delay (DCD):    2.001ns
    Source Clock Delay      (SCD):    0.000ns
    Clock Pessimism Removal (CPR):    -0.000ns

    Location             Delay type                Incr(ns)  Path(ns)    Netlist Resource(s)
  -------------------------------------------------------------------    -------------------
    K18                                               0.000     0.000 r  rst (IN)
                         net (fo=0)                   0.000     0.000    rst
    K18                  IBUF (Prop_ibuf_I_O)         0.257     0.257 r  rst_IBUF_inst/O
                         net (fo=1829, routed)        0.481     0.738    register_file_cpu/rst_IBUF
    SLICE_X41Y74         FDRE                                         r  register_file_cpu/rf_reg[20][7]/R
  -------------------------------------------------------------------    -------------------

                         (clock sysclk rise edge)     0.000     0.000 r  
    K17                                               0.000     0.000 r  sysclk (IN)
                         net (fo=0)                   0.000     0.000    sysclk
    K17                  IBUF (Prop_ibuf_I_O)         0.447     0.447 r  sysclk_IBUF_inst/O
                         net (fo=1, routed)           0.683     1.130    sysclk_IBUF
    BUFGCTRL_X0Y16       BUFG (Prop_bufg_I_O)         0.029     1.159 r  sysclk_IBUF_BUFG_inst/O
                         net (fo=2153, routed)        0.842     2.001    register_file_cpu/sysclk_IBUF_BUFG
    SLICE_X41Y74         FDRE                                         r  register_file_cpu/rf_reg[20][7]/C

Slack:                    inf
  Source:                 rst
                            (input port)
  Destination:            register_file_cpu/rf_reg[27][7]/R
                            (rising edge-triggered cell FDRE clocked by sysclk  {rise@0.000ns fall@30.000ns period=60.000ns})
  Path Group:             (none)
  Path Type:              Hold (Min at Fast Process Corner)
  Data Path Delay:        0.742ns  (logic 0.257ns (34.573%)  route 0.486ns (65.427%))
  Logic Levels:           1  (IBUF=1)
  Clock Path Skew:        2.001ns (DCD - SCD - CPR)
    Destination Clock Delay (DCD):    2.001ns
    Source Clock Delay      (SCD):    0.000ns
    Clock Pessimism Removal (CPR):    -0.000ns

    Location             Delay type                Incr(ns)  Path(ns)    Netlist Resource(s)
  -------------------------------------------------------------------    -------------------
    K18                                               0.000     0.000 r  rst (IN)
                         net (fo=0)                   0.000     0.000    rst
    K18                  IBUF (Prop_ibuf_I_O)         0.257     0.257 r  rst_IBUF_inst/O
                         net (fo=1829, routed)        0.486     0.742    register_file_cpu/rst_IBUF
    SLICE_X40Y74         FDRE                                         r  register_file_cpu/rf_reg[27][7]/R
  -------------------------------------------------------------------    -------------------

                         (clock sysclk rise edge)     0.000     0.000 r  
    K17                                               0.000     0.000 r  sysclk (IN)
                         net (fo=0)                   0.000     0.000    sysclk
    K17                  IBUF (Prop_ibuf_I_O)         0.447     0.447 r  sysclk_IBUF_inst/O
                         net (fo=1, routed)           0.683     1.130    sysclk_IBUF
    BUFGCTRL_X0Y16       BUFG (Prop_bufg_I_O)         0.029     1.159 r  sysclk_IBUF_BUFG_inst/O
                         net (fo=2153, routed)        0.842     2.001    register_file_cpu/sysclk_IBUF_BUFG
    SLICE_X40Y74         FDRE                                         r  register_file_cpu/rf_reg[27][7]/C

Slack:                    inf
  Source:                 rst
                            (input port)
  Destination:            register_file_cpu/rf_reg[3][7]/R
                            (rising edge-triggered cell FDRE clocked by sysclk  {rise@0.000ns fall@30.000ns period=60.000ns})
  Path Group:             (none)
  Path Type:              Hold (Min at Fast Process Corner)
  Data Path Delay:        0.757ns  (logic 0.257ns (33.883%)  route 0.501ns (66.117%))
  Logic Levels:           1  (IBUF=1)
  Clock Path Skew:        1.999ns (DCD - SCD - CPR)
    Destination Clock Delay (DCD):    1.999ns
    Source Clock Delay      (SCD):    0.000ns
    Clock Pessimism Removal (CPR):    -0.000ns

    Location             Delay type                Incr(ns)  Path(ns)    Netlist Resource(s)
  -------------------------------------------------------------------    -------------------
    K18                                               0.000     0.000 r  rst (IN)
                         net (fo=0)                   0.000     0.000    rst
    K18                  IBUF (Prop_ibuf_I_O)         0.257     0.257 r  rst_IBUF_inst/O
                         net (fo=1829, routed)        0.501     0.757    register_file_cpu/rst_IBUF
    SLICE_X37Y75         FDRE                                         r  register_file_cpu/rf_reg[3][7]/R
  -------------------------------------------------------------------    -------------------

                         (clock sysclk rise edge)     0.000     0.000 r  
    K17                                               0.000     0.000 r  sysclk (IN)
                         net (fo=0)                   0.000     0.000    sysclk
    K17                  IBUF (Prop_ibuf_I_O)         0.447     0.447 r  sysclk_IBUF_inst/O
                         net (fo=1, routed)           0.683     1.130    sysclk_IBUF
    BUFGCTRL_X0Y16       BUFG (Prop_bufg_I_O)         0.029     1.159 r  sysclk_IBUF_BUFG_inst/O
                         net (fo=2153, routed)        0.840     1.999    register_file_cpu/sysclk_IBUF_BUFG
    SLICE_X37Y75         FDRE                                         r  register_file_cpu/rf_reg[3][7]/C

Slack:                    inf
  Source:                 rst
                            (input port)
  Destination:            register_file_cpu/rf_reg[27][2]/R
                            (rising edge-triggered cell FDRE clocked by sysclk  {rise@0.000ns fall@30.000ns period=60.000ns})
  Path Group:             (none)
  Path Type:              Hold (Min at Fast Process Corner)
  Data Path Delay:        0.762ns  (logic 0.257ns (33.690%)  route 0.505ns (66.310%))
  Logic Levels:           1  (IBUF=1)
  Clock Path Skew:        1.999ns (DCD - SCD - CPR)
    Destination Clock Delay (DCD):    1.999ns
    Source Clock Delay      (SCD):    0.000ns
    Clock Pessimism Removal (CPR):    -0.000ns

    Location             Delay type                Incr(ns)  Path(ns)    Netlist Resource(s)
  -------------------------------------------------------------------    -------------------
    K18                                               0.000     0.000 r  rst (IN)
                         net (fo=0)                   0.000     0.000    rst
    K18                  IBUF (Prop_ibuf_I_O)         0.257     0.257 r  rst_IBUF_inst/O
                         net (fo=1829, routed)        0.505     0.762    register_file_cpu/rst_IBUF
    SLICE_X36Y75         FDRE                                         r  register_file_cpu/rf_reg[27][2]/R
  -------------------------------------------------------------------    -------------------

                         (clock sysclk rise edge)     0.000     0.000 r  
    K17                                               0.000     0.000 r  sysclk (IN)
                         net (fo=0)                   0.000     0.000    sysclk
    K17                  IBUF (Prop_ibuf_I_O)         0.447     0.447 r  sysclk_IBUF_inst/O
                         net (fo=1, routed)           0.683     1.130    sysclk_IBUF
    BUFGCTRL_X0Y16       BUFG (Prop_bufg_I_O)         0.029     1.159 r  sysclk_IBUF_BUFG_inst/O
                         net (fo=2153, routed)        0.840     1.999    register_file_cpu/sysclk_IBUF_BUFG
    SLICE_X36Y75         FDRE                                         r  register_file_cpu/rf_reg[27][2]/C

Slack:                    inf
  Source:                 rst
                            (input port)
  Destination:            register_file_cpu/rf_reg[31][7]/R
                            (rising edge-triggered cell FDRE clocked by sysclk  {rise@0.000ns fall@30.000ns period=60.000ns})
  Path Group:             (none)
  Path Type:              Hold (Min at Fast Process Corner)
  Data Path Delay:        0.780ns  (logic 0.257ns (32.894%)  route 0.524ns (67.106%))
  Logic Levels:           1  (IBUF=1)
  Clock Path Skew:        2.002ns (DCD - SCD - CPR)
    Destination Clock Delay (DCD):    2.002ns
    Source Clock Delay      (SCD):    0.000ns
    Clock Pessimism Removal (CPR):    -0.000ns

    Location             Delay type                Incr(ns)  Path(ns)    Netlist Resource(s)
  -------------------------------------------------------------------    -------------------
    K18                                               0.000     0.000 r  rst (IN)
                         net (fo=0)                   0.000     0.000    rst
    K18                  IBUF (Prop_ibuf_I_O)         0.257     0.257 r  rst_IBUF_inst/O
                         net (fo=1829, routed)        0.524     0.780    register_file_cpu/rst_IBUF
    SLICE_X41Y76         FDRE                                         r  register_file_cpu/rf_reg[31][7]/R
  -------------------------------------------------------------------    -------------------

                         (clock sysclk rise edge)     0.000     0.000 r  
    K17                                               0.000     0.000 r  sysclk (IN)
                         net (fo=0)                   0.000     0.000    sysclk
    K17                  IBUF (Prop_ibuf_I_O)         0.447     0.447 r  sysclk_IBUF_inst/O
                         net (fo=1, routed)           0.683     1.130    sysclk_IBUF
    BUFGCTRL_X0Y16       BUFG (Prop_bufg_I_O)         0.029     1.159 r  sysclk_IBUF_BUFG_inst/O
                         net (fo=2153, routed)        0.843     2.002    register_file_cpu/sysclk_IBUF_BUFG
    SLICE_X41Y76         FDRE                                         r  register_file_cpu/rf_reg[31][7]/C

Slack:                    inf
  Source:                 rst
                            (input port)
  Destination:            register_file_cpu/rf_reg[21][7]/R
                            (rising edge-triggered cell FDRE clocked by sysclk  {rise@0.000ns fall@30.000ns period=60.000ns})
  Path Group:             (none)
  Path Type:              Hold (Min at Fast Process Corner)
  Data Path Delay:        0.785ns  (logic 0.257ns (32.712%)  route 0.528ns (67.288%))
  Logic Levels:           1  (IBUF=1)
  Clock Path Skew:        2.002ns (DCD - SCD - CPR)
    Destination Clock Delay (DCD):    2.002ns
    Source Clock Delay      (SCD):    0.000ns
    Clock Pessimism Removal (CPR):    -0.000ns

    Location             Delay type                Incr(ns)  Path(ns)    Netlist Resource(s)
  -------------------------------------------------------------------    -------------------
    K18                                               0.000     0.000 r  rst (IN)
                         net (fo=0)                   0.000     0.000    rst
    K18                  IBUF (Prop_ibuf_I_O)         0.257     0.257 r  rst_IBUF_inst/O
                         net (fo=1829, routed)        0.528     0.785    register_file_cpu/rst_IBUF
    SLICE_X40Y76         FDRE                                         r  register_file_cpu/rf_reg[21][7]/R
  -------------------------------------------------------------------    -------------------

                         (clock sysclk rise edge)     0.000     0.000 r  
    K17                                               0.000     0.000 r  sysclk (IN)
                         net (fo=0)                   0.000     0.000    sysclk
    K17                  IBUF (Prop_ibuf_I_O)         0.447     0.447 r  sysclk_IBUF_inst/O
                         net (fo=1, routed)           0.683     1.130    sysclk_IBUF
    BUFGCTRL_X0Y16       BUFG (Prop_bufg_I_O)         0.029     1.159 r  sysclk_IBUF_BUFG_inst/O
                         net (fo=2153, routed)        0.843     2.002    register_file_cpu/sysclk_IBUF_BUFG
    SLICE_X40Y76         FDRE                                         r  register_file_cpu/rf_reg[21][7]/C





