Copyright 1986-2022 Xilinx, Inc. All Rights Reserved. Copyright 2022-2025 Advanced Micro Devices, Inc. All Rights Reserved.
---------------------------------------------------------------------------------------------------------------------------------------------------------------------------------------------------------------------
| Tool Version : Vivado v.2025.1 (win64) Build 6140274 Thu May 22 00:12:29 MDT 2025
| Date         : Sat Apr 11 17:26:55 2026
| Host         : LAPTOP-9H0QSNOD running 64-bit major release  (build 9200)
| Command      : report_timing_summary -max_paths 10 -routable_nets -report_unconstrained -file cpu_timing_summary_routed.rpt -pb cpu_timing_summary_routed.pb -rpx cpu_timing_summary_routed.rpx -warn_on_violation
| Design       : cpu
| Device       : 7z010-clg400
| Speed File   : -1  PRODUCTION 1.12 2019-11-22
| Design State : Routed
---------------------------------------------------------------------------------------------------------------------------------------------------------------------------------------------------------------------

Timing Summary Report

------------------------------------------------------------------------------------------------
| Timer Settings
| --------------
------------------------------------------------------------------------------------------------

  Enable Multi Corner Analysis               :  Yes
  Enable Pessimism Removal                   :  Yes
  Pessimism Removal Resolution               :  Nearest Common Node
  Enable Input Delay Default Clock           :  No
  Enable Preset / Clear Arcs                 :  No
  Disable Flight Delays                      :  No
  Ignore I/O Paths                           :  No
  Timing Early Launch at Borrowing Latches   :  No
  Borrow Time for Max Delay Exceptions       :  Yes
  Merge Timing Exceptions                    :  Yes
  Inter-SLR Compensation                     :  Conservative

  Corner  Analyze    Analyze    
  Name    Max Paths  Min Paths  
  ------  ---------  ---------  
  Slow    Yes        Yes        
  Fast    Yes        Yes        


------------------------------------------------------------------------------------------------
| Report Methodology
| ------------------
------------------------------------------------------------------------------------------------

Rule       Severity  Description                                 Violations  
---------  --------  ------------------------------------------  ----------  
SYNTH-6    Warning   Timing of a RAM block might be sub-optimal  12          
SYNTH-15   Warning   Byte wide write enable not inferred         8           
TIMING-18  Warning   Missing input or output delay               2           

Note: This report is based on the most recent report_methodology run and may not be up-to-date. Run report_methodology on the current design for the latest report.



check_timing report

Table of Contents
-----------------
1. checking no_clock (0)
2. checking constant_clock (0)
3. checking pulse_width_clock (0)
4. checking unconstrained_internal_endpoints (0)
5. checking no_input_delay (1)
6. checking no_output_delay (1)
7. checking multiple_clock (0)
8. checking generated_clocks (0)
9. checking loops (0)
10. checking partial_input_delay (0)
11. checking partial_output_delay (0)
12. checking latch_loops (0)

1. checking no_clock (0)
------------------------
 There are 0 register/latch pins with no clock.


2. checking constant_clock (0)
------------------------------
 There are 0 register/latch pins with constant_clock.


3. checking pulse_width_clock (0)
---------------------------------
 There are 0 register/latch pins which need pulse_width check


4. checking unconstrained_internal_endpoints (0)
------------------------------------------------
 There are 0 pins that are not constrained for maximum delay.

 There are 0 pins that are not constrained for maximum delay due to constant clock.


5. checking no_input_delay (1)
------------------------------
 There is 1 input port with no input delay specified. (HIGH)

 There are 0 input ports with no input delay but user has a false path constraint.


6. checking no_output_delay (1)
-------------------------------
 There is 1 port with no output delay specified. (HIGH)

 There are 0 ports with no output delay but user has a false path constraint

 There are 0 ports with no output delay but with a timing clock defined on it or propagating through it


7. checking multiple_clock (0)
------------------------------
 There are 0 register/latch pins with multiple clocks.


8. checking generated_clocks (0)
--------------------------------
 There are 0 generated clocks that are not connected to a clock source.


9. checking loops (0)
---------------------
 There are 0 combinational loops in the design.


10. checking partial_input_delay (0)
------------------------------------
 There are 0 input ports with partial input delay specified.


11. checking partial_output_delay (0)
-------------------------------------
 There are 0 ports with partial output delay specified.


12. checking latch_loops (0)
----------------------------
 There are 0 combinational latch loops in the design through latch input



------------------------------------------------------------------------------------------------
| Design Timing Summary
| ---------------------
------------------------------------------------------------------------------------------------

    WNS(ns)      TNS(ns)  TNS Failing Endpoints  TNS Total Endpoints      WHS(ns)      THS(ns)  THS Failing Endpoints  THS Total Endpoints     WPWS(ns)     TPWS(ns)  TPWS Failing Endpoints  TPWS Total Endpoints  
    -------      -------  ---------------------  -------------------      -------      -------  ---------------------  -------------------     --------     --------  ----------------------  --------------------  
      8.926        0.000                      0                 3719        0.024        0.000                      0                 3719       29.020        0.000                       0                  1985  


All user specified timing constraints are met.


------------------------------------------------------------------------------------------------
| Clock Summary
| -------------
------------------------------------------------------------------------------------------------

Clock   Waveform(ns)       Period(ns)      Frequency(MHz)
-----   ------------       ----------      --------------
sysclk  {0.000 30.000}     60.000          16.667          


------------------------------------------------------------------------------------------------
| Intra Clock Table
| -----------------
------------------------------------------------------------------------------------------------

Clock             WNS(ns)      TNS(ns)  TNS Failing Endpoints  TNS Total Endpoints      WHS(ns)      THS(ns)  THS Failing Endpoints  THS Total Endpoints     WPWS(ns)     TPWS(ns)  TPWS Failing Endpoints  TPWS Total Endpoints  
-----             -------      -------  ---------------------  -------------------      -------      -------  ---------------------  -------------------     --------     --------  ----------------------  --------------------  
sysclk              8.926        0.000                      0                 3719        0.024        0.000                      0                 3719       29.020        0.000                       0                  1985  


------------------------------------------------------------------------------------------------
| Inter Clock Table
| -----------------
------------------------------------------------------------------------------------------------

From Clock    To Clock          WNS(ns)      TNS(ns)  TNS Failing Endpoints  TNS Total Endpoints      WHS(ns)      THS(ns)  THS Failing Endpoints  THS Total Endpoints  
----------    --------          -------      -------  ---------------------  -------------------      -------      -------  ---------------------  -------------------  


------------------------------------------------------------------------------------------------
| Other Path Groups Table
| -----------------------
------------------------------------------------------------------------------------------------

Path Group    From Clock    To Clock          WNS(ns)      TNS(ns)  TNS Failing Endpoints  TNS Total Endpoints      WHS(ns)      THS(ns)  THS Failing Endpoints  THS Total Endpoints  
----------    ----------    --------          -------      -------  ---------------------  -------------------      -------      -------  ---------------------  -------------------  


------------------------------------------------------------------------------------------------
| User Ignored Path Table
| -----------------------
------------------------------------------------------------------------------------------------

Path Group    From Clock    To Clock    
----------    ----------    --------    


------------------------------------------------------------------------------------------------
| Unconstrained Path Table
| ------------------------
------------------------------------------------------------------------------------------------

Path Group    From Clock    To Clock    
----------    ----------    --------    
(none)        sysclk                      
(none)                      sysclk        


------------------------------------------------------------------------------------------------
| Timing Details
| --------------
------------------------------------------------------------------------------------------------


---------------------------------------------------------------------------------------------------
From Clock:  sysclk
  To Clock:  sysclk

Setup :            0  Failing Endpoints,  Worst Slack        8.926ns,  Total Violation        0.000ns
Hold  :            0  Failing Endpoints,  Worst Slack        0.024ns,  Total Violation        0.000ns
PW    :            0  Failing Endpoints,  Worst Slack       29.020ns,  Total Violation        0.000ns
---------------------------------------------------------------------------------------------------


Max Delay Paths
--------------------------------------------------------------------------------------
Slack (MET) :             8.926ns  (required time - arrival time)
  Source:                 unified_memory_cpu/byte_write[1].BRAM_reg_2_1/CLKARDCLK
                            (falling edge-triggered cell RAMB36E1 clocked by sysclk  {rise@0.000ns fall@30.000ns period=60.000ns})
  Destination:            csr_unit_cpu/spec_csr_registers_reg[7][24]/CE
                            (rising edge-triggered cell FDRE clocked by sysclk  {rise@0.000ns fall@30.000ns period=60.000ns})
  Path Group:             sysclk
  Path Type:              Setup (Max at Slow Process Corner)
  Requirement:            30.000ns  (sysclk rise@60.000ns - sysclk fall@30.000ns)
  Data Path Delay:        20.638ns  (logic 5.875ns (28.467%)  route 14.763ns (71.533%))
  Logic Levels:           20  (CARRY4=3 LUT3=3 LUT4=1 LUT5=3 LUT6=10)
  Clock Path Skew:        -0.196ns (DCD - SCD + CPR)
    Destination Clock Delay (DCD):    4.873ns = ( 64.873 - 60.000 ) 
    Source Clock Delay      (SCD):    5.359ns = ( 35.359 - 30.000 ) 
    Clock Pessimism Removal (CPR):    0.291ns
  Clock Uncertainty:      0.035ns  ((TSJ^2 + TIJ^2)^1/2 + DJ) / 2 + PE
    Total System Jitter     (TSJ):    0.071ns
    Total Input Jitter      (TIJ):    0.000ns
    Discrete Jitter          (DJ):    0.000ns
    Phase Error              (PE):    0.000ns

    Location             Delay type                Incr(ns)  Path(ns)    Netlist Resource(s)
  -------------------------------------------------------------------    -------------------
                         (clock sysclk fall edge)    30.000    30.000 f  
    K17                                               0.000    30.000 f  sysclk (IN)
                         net (fo=0)                   0.000    30.000    sysclk
    K17                  IBUF (Prop_ibuf_I_O)         1.492    31.492 f  sysclk_IBUF_inst/O
                         net (fo=1, routed)           2.076    33.568    sysclk_IBUF
    BUFGCTRL_X0Y16       BUFG (Prop_bufg_I_O)         0.101    33.669 f  sysclk_IBUF_BUFG_inst/O
                         net (fo=1984, routed)        1.690    35.359    unified_memory_cpu/byte_write[1].BRAM_reg_0_0_3
    RAMB36_X1Y13         RAMB36E1                                     r  unified_memory_cpu/byte_write[1].BRAM_reg_2_1/CLKARDCLK  (IS_INVERTED)
  -------------------------------------------------------------------    -------------------
    RAMB36_X1Y13         RAMB36E1 (Prop_ramb36e1_CLKARDCLK_DOADO[3])
                                                      2.454    37.813 f  unified_memory_cpu/byte_write[1].BRAM_reg_2_1/DOADO[3]
                         net (fo=3, routed)           1.327    39.140    unified_memory_cpu/r_data[23]
    SLICE_X29Y69         LUT3 (Prop_lut3_I1_O)        0.152    39.292 f  unified_memory_cpu/byte_write[1].BRAM_reg_0_1_i_8/O
                         net (fo=8, routed)           0.743    40.035    unified_memory_cpu/mem_acc_in[23]
    SLICE_X30Y70         LUT5 (Prop_lut5_I2_O)        0.332    40.367 f  unified_memory_cpu/byte_write[1].BRAM_reg_1_0_i_17/O
                         net (fo=1, routed)           0.496    40.863    unified_memory_cpu/byte_write[1].BRAM_reg_1_0_i_17_n_0
    SLICE_X30Y70         LUT6 (Prop_lut6_I1_O)        0.124    40.987 f  unified_memory_cpu/byte_write[1].BRAM_reg_1_0_i_9/O
                         net (fo=10, routed)          0.690    41.677    unified_memory_cpu/byte_write[1].BRAM_reg_1_0_i_9_n_0
    SLICE_X29Y71         LUT6 (Prop_lut6_I4_O)        0.124    41.801 f  unified_memory_cpu/byte_write[1].BRAM_reg_1_1_i_1/O
                         net (fo=4, routed)           1.459    43.260    rf_write_select_mux_cpu/dinb[6]
    SLICE_X16Y85         LUT6 (Prop_lut6_I4_O)        0.124    43.384 f  rf_write_select_mux_cpu/i__carry__0_i_34/O
                         net (fo=1, routed)           0.292    43.676    rf_write_select_mux_cpu/i__carry__0_i_34_n_0
    SLICE_X17Y84         LUT6 (Prop_lut6_I0_O)        0.124    43.800 f  rf_write_select_mux_cpu/i__carry__0_i_25/O
                         net (fo=3, routed)           1.033    44.832    rf_write_select_mux_cpu/bypass_csr_ready_reg_1
    SLICE_X17Y78         LUT5 (Prop_lut5_I1_O)        0.150    44.982 f  rf_write_select_mux_cpu/i__carry__0_i_10/O
                         net (fo=7, routed)           0.937    45.919    rf_write_select_mux_cpu/i__carry__0_i_10_n_0
    SLICE_X25Y79         LUT4 (Prop_lut4_I0_O)        0.326    46.245 r  rf_write_select_mux_cpu/i__carry__0_i_1/O
                         net (fo=2, routed)           0.524    46.769    alu_cpu/comparison_unit_in_alu/comp_result_bf2_inferred__3/i__carry__1_0[3]
    SLICE_X22Y79         CARRY4 (Prop_carry4_DI[3]_CO[3])
                                                      0.385    47.154 r  alu_cpu/comparison_unit_in_alu/comp_result_bf2_inferred__3/i__carry__0/CO[3]
                         net (fo=1, routed)           0.000    47.154    alu_cpu/comparison_unit_in_alu/comp_result_bf2_inferred__3/i__carry__0_n_0
    SLICE_X22Y80         CARRY4 (Prop_carry4_CI_CO[3])
                                                      0.114    47.268 r  alu_cpu/comparison_unit_in_alu/comp_result_bf2_inferred__3/i__carry__1/CO[3]
                         net (fo=1, routed)           0.000    47.268    alu_cpu/comparison_unit_in_alu/comp_result_bf2_inferred__3/i__carry__1_n_0
    SLICE_X22Y81         CARRY4 (Prop_carry4_CI_CO[3])
                                                      0.114    47.382 f  alu_cpu/comparison_unit_in_alu/comp_result_bf2_inferred__3/i__carry__2/CO[3]
                         net (fo=1, routed)           0.912    48.294    rf_write_select_mux_cpu/make_nop_id_i_3_0[0]
    SLICE_X21Y78         LUT6 (Prop_lut6_I0_O)        0.124    48.418 f  rf_write_select_mux_cpu/make_nop_id_i_5/O
                         net (fo=1, routed)           0.154    48.572    rf_write_select_mux_cpu/make_nop_id_i_5_n_0
    SLICE_X21Y78         LUT5 (Prop_lut5_I4_O)        0.124    48.696 f  rf_write_select_mux_cpu/make_nop_id_i_3/O
                         net (fo=4, routed)           0.652    49.348    unified_memory_cpu/comp_result[0]
    SLICE_X13Y75         LUT6 (Prop_lut6_I5_O)        0.124    49.472 f  unified_memory_cpu/alu_result_bypass_buffer_ex[0]_i_4/O
                         net (fo=1, routed)           0.433    49.905    unified_memory_cpu/alu_result_bypass_buffer_ex[0]_i_4_n_0
    SLICE_X13Y75         LUT6 (Prop_lut6_I5_O)        0.124    50.029 f  unified_memory_cpu/alu_result_bypass_buffer_ex[0]_i_1/O
                         net (fo=19, routed)          1.114    51.142    unified_memory_cpu/D[0]
    SLICE_X24Y68         LUT6 (Prop_lut6_I1_O)        0.124    51.266 f  unified_memory_cpu/byte_write[1].BRAM_reg_0_i_24/O
                         net (fo=126, routed)         0.651    51.917    control_unit_cpu/spec_csr_registers_reg[5][31]
    SLICE_X14Y68         LUT6 (Prop_lut6_I4_O)        0.124    52.041 r  control_unit_cpu/spec_csr_registers[0][31]_i_5/O
                         net (fo=2, routed)           0.656    52.697    control_unit_cpu/spec_csr_registers[0][31]_i_5_n_0
    SLICE_X10Y68         LUT3 (Prop_lut3_I0_O)        0.124    52.821 r  control_unit_cpu/spec_csr_registers[0][31]_i_2/O
                         net (fo=4, routed)           0.668    53.489    control_unit_cpu/spec_csr_registers[0][31]_i_2_n_0
    SLICE_X11Y68         LUT3 (Prop_lut3_I0_O)        0.152    53.641 r  control_unit_cpu/spec_csr_registers[1][31]_i_3/O
                         net (fo=8, routed)           0.813    54.454    control_unit_cpu/spec_csr_registers[1][31]_i_3_n_0
    SLICE_X16Y68         LUT6 (Prop_lut6_I2_O)        0.332    54.786 r  control_unit_cpu/spec_csr_registers[7][31]_i_1/O
                         net (fo=32, routed)          1.212    55.997    csr_unit_cpu/spec_csr_registers_reg[7][31]_1[0]
    SLICE_X7Y78          FDRE                                         r  csr_unit_cpu/spec_csr_registers_reg[7][24]/CE
  -------------------------------------------------------------------    -------------------

                         (clock sysclk rise edge)    60.000    60.000 r  
    K17                                               0.000    60.000 r  sysclk (IN)
                         net (fo=0)                   0.000    60.000    sysclk
    K17                  IBUF (Prop_ibuf_I_O)         1.421    61.421 r  sysclk_IBUF_inst/O
                         net (fo=1, routed)           1.880    63.301    sysclk_IBUF
    BUFGCTRL_X0Y16       BUFG (Prop_bufg_I_O)         0.091    63.392 r  sysclk_IBUF_BUFG_inst/O
                         net (fo=1984, routed)        1.481    64.873    csr_unit_cpu/sysclk_IBUF_BUFG
    SLICE_X7Y78          FDRE                                         r  csr_unit_cpu/spec_csr_registers_reg[7][24]/C
                         clock pessimism              0.291    65.163    
                         clock uncertainty           -0.035    65.128    
    SLICE_X7Y78          FDRE (Setup_fdre_C_CE)      -0.205    64.923    csr_unit_cpu/spec_csr_registers_reg[7][24]
  -------------------------------------------------------------------
                         required time                         64.923    
                         arrival time                         -55.997    
  -------------------------------------------------------------------
                         slack                                  8.926    

Slack (MET) :             8.926ns  (required time - arrival time)
  Source:                 unified_memory_cpu/byte_write[1].BRAM_reg_2_1/CLKARDCLK
                            (falling edge-triggered cell RAMB36E1 clocked by sysclk  {rise@0.000ns fall@30.000ns period=60.000ns})
  Destination:            csr_unit_cpu/spec_csr_registers_reg[7][25]/CE
                            (rising edge-triggered cell FDRE clocked by sysclk  {rise@0.000ns fall@30.000ns period=60.000ns})
  Path Group:             sysclk
  Path Type:              Setup (Max at Slow Process Corner)
  Requirement:            30.000ns  (sysclk rise@60.000ns - sysclk fall@30.000ns)
  Data Path Delay:        20.638ns  (logic 5.875ns (28.467%)  route 14.763ns (71.533%))
  Logic Levels:           20  (CARRY4=3 LUT3=3 LUT4=1 LUT5=3 LUT6=10)
  Clock Path Skew:        -0.196ns (DCD - SCD + CPR)
    Destination Clock Delay (DCD):    4.873ns = ( 64.873 - 60.000 ) 
    Source Clock Delay      (SCD):    5.359ns = ( 35.359 - 30.000 ) 
    Clock Pessimism Removal (CPR):    0.291ns
  Clock Uncertainty:      0.035ns  ((TSJ^2 + TIJ^2)^1/2 + DJ) / 2 + PE
    Total System Jitter     (TSJ):    0.071ns
    Total Input Jitter      (TIJ):    0.000ns
    Discrete Jitter          (DJ):    0.000ns
    Phase Error              (PE):    0.000ns

    Location             Delay type                Incr(ns)  Path(ns)    Netlist Resource(s)
  -------------------------------------------------------------------    -------------------
                         (clock sysclk fall edge)    30.000    30.000 f  
    K17                                               0.000    30.000 f  sysclk (IN)
                         net (fo=0)                   0.000    30.000    sysclk
    K17                  IBUF (Prop_ibuf_I_O)         1.492    31.492 f  sysclk_IBUF_inst/O
                         net (fo=1, routed)           2.076    33.568    sysclk_IBUF
    BUFGCTRL_X0Y16       BUFG (Prop_bufg_I_O)         0.101    33.669 f  sysclk_IBUF_BUFG_inst/O
                         net (fo=1984, routed)        1.690    35.359    unified_memory_cpu/byte_write[1].BRAM_reg_0_0_3
    RAMB36_X1Y13         RAMB36E1                                     r  unified_memory_cpu/byte_write[1].BRAM_reg_2_1/CLKARDCLK  (IS_INVERTED)
  -------------------------------------------------------------------    -------------------
    RAMB36_X1Y13         RAMB36E1 (Prop_ramb36e1_CLKARDCLK_DOADO[3])
                                                      2.454    37.813 f  unified_memory_cpu/byte_write[1].BRAM_reg_2_1/DOADO[3]
                         net (fo=3, routed)           1.327    39.140    unified_memory_cpu/r_data[23]
    SLICE_X29Y69         LUT3 (Prop_lut3_I1_O)        0.152    39.292 f  unified_memory_cpu/byte_write[1].BRAM_reg_0_1_i_8/O
                         net (fo=8, routed)           0.743    40.035    unified_memory_cpu/mem_acc_in[23]
    SLICE_X30Y70         LUT5 (Prop_lut5_I2_O)        0.332    40.367 f  unified_memory_cpu/byte_write[1].BRAM_reg_1_0_i_17/O
                         net (fo=1, routed)           0.496    40.863    unified_memory_cpu/byte_write[1].BRAM_reg_1_0_i_17_n_0
    SLICE_X30Y70         LUT6 (Prop_lut6_I1_O)        0.124    40.987 f  unified_memory_cpu/byte_write[1].BRAM_reg_1_0_i_9/O
                         net (fo=10, routed)          0.690    41.677    unified_memory_cpu/byte_write[1].BRAM_reg_1_0_i_9_n_0
    SLICE_X29Y71         LUT6 (Prop_lut6_I4_O)        0.124    41.801 f  unified_memory_cpu/byte_write[1].BRAM_reg_1_1_i_1/O
                         net (fo=4, routed)           1.459    43.260    rf_write_select_mux_cpu/dinb[6]
    SLICE_X16Y85         LUT6 (Prop_lut6_I4_O)        0.124    43.384 f  rf_write_select_mux_cpu/i__carry__0_i_34/O
                         net (fo=1, routed)           0.292    43.676    rf_write_select_mux_cpu/i__carry__0_i_34_n_0
    SLICE_X17Y84         LUT6 (Prop_lut6_I0_O)        0.124    43.800 f  rf_write_select_mux_cpu/i__carry__0_i_25/O
                         net (fo=3, routed)           1.033    44.832    rf_write_select_mux_cpu/bypass_csr_ready_reg_1
    SLICE_X17Y78         LUT5 (Prop_lut5_I1_O)        0.150    44.982 f  rf_write_select_mux_cpu/i__carry__0_i_10/O
                         net (fo=7, routed)           0.937    45.919    rf_write_select_mux_cpu/i__carry__0_i_10_n_0
    SLICE_X25Y79         LUT4 (Prop_lut4_I0_O)        0.326    46.245 r  rf_write_select_mux_cpu/i__carry__0_i_1/O
                         net (fo=2, routed)           0.524    46.769    alu_cpu/comparison_unit_in_alu/comp_result_bf2_inferred__3/i__carry__1_0[3]
    SLICE_X22Y79         CARRY4 (Prop_carry4_DI[3]_CO[3])
                                                      0.385    47.154 r  alu_cpu/comparison_unit_in_alu/comp_result_bf2_inferred__3/i__carry__0/CO[3]
                         net (fo=1, routed)           0.000    47.154    alu_cpu/comparison_unit_in_alu/comp_result_bf2_inferred__3/i__carry__0_n_0
    SLICE_X22Y80         CARRY4 (Prop_carry4_CI_CO[3])
                                                      0.114    47.268 r  alu_cpu/comparison_unit_in_alu/comp_result_bf2_inferred__3/i__carry__1/CO[3]
                         net (fo=1, routed)           0.000    47.268    alu_cpu/comparison_unit_in_alu/comp_result_bf2_inferred__3/i__carry__1_n_0
    SLICE_X22Y81         CARRY4 (Prop_carry4_CI_CO[3])
                                                      0.114    47.382 f  alu_cpu/comparison_unit_in_alu/comp_result_bf2_inferred__3/i__carry__2/CO[3]
                         net (fo=1, routed)           0.912    48.294    rf_write_select_mux_cpu/make_nop_id_i_3_0[0]
    SLICE_X21Y78         LUT6 (Prop_lut6_I0_O)        0.124    48.418 f  rf_write_select_mux_cpu/make_nop_id_i_5/O
                         net (fo=1, routed)           0.154    48.572    rf_write_select_mux_cpu/make_nop_id_i_5_n_0
    SLICE_X21Y78         LUT5 (Prop_lut5_I4_O)        0.124    48.696 f  rf_write_select_mux_cpu/make_nop_id_i_3/O
                         net (fo=4, routed)           0.652    49.348    unified_memory_cpu/comp_result[0]
    SLICE_X13Y75         LUT6 (Prop_lut6_I5_O)        0.124    49.472 f  unified_memory_cpu/alu_result_bypass_buffer_ex[0]_i_4/O
                         net (fo=1, routed)           0.433    49.905    unified_memory_cpu/alu_result_bypass_buffer_ex[0]_i_4_n_0
    SLICE_X13Y75         LUT6 (Prop_lut6_I5_O)        0.124    50.029 f  unified_memory_cpu/alu_result_bypass_buffer_ex[0]_i_1/O
                         net (fo=19, routed)          1.114    51.142    unified_memory_cpu/D[0]
    SLICE_X24Y68         LUT6 (Prop_lut6_I1_O)        0.124    51.266 f  unified_memory_cpu/byte_write[1].BRAM_reg_0_i_24/O
                         net (fo=126, routed)         0.651    51.917    control_unit_cpu/spec_csr_registers_reg[5][31]
    SLICE_X14Y68         LUT6 (Prop_lut6_I4_O)        0.124    52.041 r  control_unit_cpu/spec_csr_registers[0][31]_i_5/O
                         net (fo=2, routed)           0.656    52.697    control_unit_cpu/spec_csr_registers[0][31]_i_5_n_0
    SLICE_X10Y68         LUT3 (Prop_lut3_I0_O)        0.124    52.821 r  control_unit_cpu/spec_csr_registers[0][31]_i_2/O
                         net (fo=4, routed)           0.668    53.489    control_unit_cpu/spec_csr_registers[0][31]_i_2_n_0
    SLICE_X11Y68         LUT3 (Prop_lut3_I0_O)        0.152    53.641 r  control_unit_cpu/spec_csr_registers[1][31]_i_3/O
                         net (fo=8, routed)           0.813    54.454    control_unit_cpu/spec_csr_registers[1][31]_i_3_n_0
    SLICE_X16Y68         LUT6 (Prop_lut6_I2_O)        0.332    54.786 r  control_unit_cpu/spec_csr_registers[7][31]_i_1/O
                         net (fo=32, routed)          1.212    55.997    csr_unit_cpu/spec_csr_registers_reg[7][31]_1[0]
    SLICE_X7Y78          FDRE                                         r  csr_unit_cpu/spec_csr_registers_reg[7][25]/CE
  -------------------------------------------------------------------    -------------------

                         (clock sysclk rise edge)    60.000    60.000 r  
    K17                                               0.000    60.000 r  sysclk (IN)
                         net (fo=0)                   0.000    60.000    sysclk
    K17                  IBUF (Prop_ibuf_I_O)         1.421    61.421 r  sysclk_IBUF_inst/O
                         net (fo=1, routed)           1.880    63.301    sysclk_IBUF
    BUFGCTRL_X0Y16       BUFG (Prop_bufg_I_O)         0.091    63.392 r  sysclk_IBUF_BUFG_inst/O
                         net (fo=1984, routed)        1.481    64.873    csr_unit_cpu/sysclk_IBUF_BUFG
    SLICE_X7Y78          FDRE                                         r  csr_unit_cpu/spec_csr_registers_reg[7][25]/C
                         clock pessimism              0.291    65.163    
                         clock uncertainty           -0.035    65.128    
    SLICE_X7Y78          FDRE (Setup_fdre_C_CE)      -0.205    64.923    csr_unit_cpu/spec_csr_registers_reg[7][25]
  -------------------------------------------------------------------
                         required time                         64.923    
                         arrival time                         -55.997    
  -------------------------------------------------------------------
                         slack                                  8.926    

Slack (MET) :             9.001ns  (required time - arrival time)
  Source:                 unified_memory_cpu/byte_write[1].BRAM_reg_2_1/CLKARDCLK
                            (falling edge-triggered cell RAMB36E1 clocked by sysclk  {rise@0.000ns fall@30.000ns period=60.000ns})
  Destination:            csr_unit_cpu/spec_csr_registers_reg[6][17]/CE
                            (rising edge-triggered cell FDRE clocked by sysclk  {rise@0.000ns fall@30.000ns period=60.000ns})
  Path Group:             sysclk
  Path Type:              Setup (Max at Slow Process Corner)
  Requirement:            30.000ns  (sysclk rise@60.000ns - sysclk fall@30.000ns)
  Data Path Delay:        20.596ns  (logic 5.875ns (28.525%)  route 14.721ns (71.475%))
  Logic Levels:           20  (CARRY4=3 LUT3=3 LUT4=1 LUT5=3 LUT6=10)
  Clock Path Skew:        -0.199ns (DCD - SCD + CPR)
    Destination Clock Delay (DCD):    4.870ns = ( 64.870 - 60.000 ) 
    Source Clock Delay      (SCD):    5.359ns = ( 35.359 - 30.000 ) 
    Clock Pessimism Removal (CPR):    0.291ns
  Clock Uncertainty:      0.035ns  ((TSJ^2 + TIJ^2)^1/2 + DJ) / 2 + PE
    Total System Jitter     (TSJ):    0.071ns
    Total Input Jitter      (TIJ):    0.000ns
    Discrete Jitter          (DJ):    0.000ns
    Phase Error              (PE):    0.000ns

    Location             Delay type                Incr(ns)  Path(ns)    Netlist Resource(s)
  -------------------------------------------------------------------    -------------------
                         (clock sysclk fall edge)    30.000    30.000 f  
    K17                                               0.000    30.000 f  sysclk (IN)
                         net (fo=0)                   0.000    30.000    sysclk
    K17                  IBUF (Prop_ibuf_I_O)         1.492    31.492 f  sysclk_IBUF_inst/O
                         net (fo=1, routed)           2.076    33.568    sysclk_IBUF
    BUFGCTRL_X0Y16       BUFG (Prop_bufg_I_O)         0.101    33.669 f  sysclk_IBUF_BUFG_inst/O
                         net (fo=1984, routed)        1.690    35.359    unified_memory_cpu/byte_write[1].BRAM_reg_0_0_3
    RAMB36_X1Y13         RAMB36E1                                     r  unified_memory_cpu/byte_write[1].BRAM_reg_2_1/CLKARDCLK  (IS_INVERTED)
  -------------------------------------------------------------------    -------------------
    RAMB36_X1Y13         RAMB36E1 (Prop_ramb36e1_CLKARDCLK_DOADO[3])
                                                      2.454    37.813 f  unified_memory_cpu/byte_write[1].BRAM_reg_2_1/DOADO[3]
                         net (fo=3, routed)           1.327    39.140    unified_memory_cpu/r_data[23]
    SLICE_X29Y69         LUT3 (Prop_lut3_I1_O)        0.152    39.292 f  unified_memory_cpu/byte_write[1].BRAM_reg_0_1_i_8/O
                         net (fo=8, routed)           0.743    40.035    unified_memory_cpu/mem_acc_in[23]
    SLICE_X30Y70         LUT5 (Prop_lut5_I2_O)        0.332    40.367 f  unified_memory_cpu/byte_write[1].BRAM_reg_1_0_i_17/O
                         net (fo=1, routed)           0.496    40.863    unified_memory_cpu/byte_write[1].BRAM_reg_1_0_i_17_n_0
    SLICE_X30Y70         LUT6 (Prop_lut6_I1_O)        0.124    40.987 f  unified_memory_cpu/byte_write[1].BRAM_reg_1_0_i_9/O
                         net (fo=10, routed)          0.690    41.677    unified_memory_cpu/byte_write[1].BRAM_reg_1_0_i_9_n_0
    SLICE_X29Y71         LUT6 (Prop_lut6_I4_O)        0.124    41.801 f  unified_memory_cpu/byte_write[1].BRAM_reg_1_1_i_1/O
                         net (fo=4, routed)           1.459    43.260    rf_write_select_mux_cpu/dinb[6]
    SLICE_X16Y85         LUT6 (Prop_lut6_I4_O)        0.124    43.384 f  rf_write_select_mux_cpu/i__carry__0_i_34/O
                         net (fo=1, routed)           0.292    43.676    rf_write_select_mux_cpu/i__carry__0_i_34_n_0
    SLICE_X17Y84         LUT6 (Prop_lut6_I0_O)        0.124    43.800 f  rf_write_select_mux_cpu/i__carry__0_i_25/O
                         net (fo=3, routed)           1.033    44.832    rf_write_select_mux_cpu/bypass_csr_ready_reg_1
    SLICE_X17Y78         LUT5 (Prop_lut5_I1_O)        0.150    44.982 f  rf_write_select_mux_cpu/i__carry__0_i_10/O
                         net (fo=7, routed)           0.937    45.919    rf_write_select_mux_cpu/i__carry__0_i_10_n_0
    SLICE_X25Y79         LUT4 (Prop_lut4_I0_O)        0.326    46.245 r  rf_write_select_mux_cpu/i__carry__0_i_1/O
                         net (fo=2, routed)           0.524    46.769    alu_cpu/comparison_unit_in_alu/comp_result_bf2_inferred__3/i__carry__1_0[3]
    SLICE_X22Y79         CARRY4 (Prop_carry4_DI[3]_CO[3])
                                                      0.385    47.154 r  alu_cpu/comparison_unit_in_alu/comp_result_bf2_inferred__3/i__carry__0/CO[3]
                         net (fo=1, routed)           0.000    47.154    alu_cpu/comparison_unit_in_alu/comp_result_bf2_inferred__3/i__carry__0_n_0
    SLICE_X22Y80         CARRY4 (Prop_carry4_CI_CO[3])
                                                      0.114    47.268 r  alu_cpu/comparison_unit_in_alu/comp_result_bf2_inferred__3/i__carry__1/CO[3]
                         net (fo=1, routed)           0.000    47.268    alu_cpu/comparison_unit_in_alu/comp_result_bf2_inferred__3/i__carry__1_n_0
    SLICE_X22Y81         CARRY4 (Prop_carry4_CI_CO[3])
                                                      0.114    47.382 f  alu_cpu/comparison_unit_in_alu/comp_result_bf2_inferred__3/i__carry__2/CO[3]
                         net (fo=1, routed)           0.912    48.294    rf_write_select_mux_cpu/make_nop_id_i_3_0[0]
    SLICE_X21Y78         LUT6 (Prop_lut6_I0_O)        0.124    48.418 f  rf_write_select_mux_cpu/make_nop_id_i_5/O
                         net (fo=1, routed)           0.154    48.572    rf_write_select_mux_cpu/make_nop_id_i_5_n_0
    SLICE_X21Y78         LUT5 (Prop_lut5_I4_O)        0.124    48.696 f  rf_write_select_mux_cpu/make_nop_id_i_3/O
                         net (fo=4, routed)           0.652    49.348    unified_memory_cpu/comp_result[0]
    SLICE_X13Y75         LUT6 (Prop_lut6_I5_O)        0.124    49.472 f  unified_memory_cpu/alu_result_bypass_buffer_ex[0]_i_4/O
                         net (fo=1, routed)           0.433    49.905    unified_memory_cpu/alu_result_bypass_buffer_ex[0]_i_4_n_0
    SLICE_X13Y75         LUT6 (Prop_lut6_I5_O)        0.124    50.029 f  unified_memory_cpu/alu_result_bypass_buffer_ex[0]_i_1/O
                         net (fo=19, routed)          1.114    51.142    unified_memory_cpu/D[0]
    SLICE_X24Y68         LUT6 (Prop_lut6_I1_O)        0.124    51.266 f  unified_memory_cpu/byte_write[1].BRAM_reg_0_i_24/O
                         net (fo=126, routed)         0.651    51.917    control_unit_cpu/spec_csr_registers_reg[5][31]
    SLICE_X14Y68         LUT6 (Prop_lut6_I4_O)        0.124    52.041 r  control_unit_cpu/spec_csr_registers[0][31]_i_5/O
                         net (fo=2, routed)           0.656    52.697    control_unit_cpu/spec_csr_registers[0][31]_i_5_n_0
    SLICE_X10Y68         LUT3 (Prop_lut3_I0_O)        0.124    52.821 r  control_unit_cpu/spec_csr_registers[0][31]_i_2/O
                         net (fo=4, routed)           0.668    53.489    control_unit_cpu/spec_csr_registers[0][31]_i_2_n_0
    SLICE_X11Y68         LUT3 (Prop_lut3_I0_O)        0.152    53.641 r  control_unit_cpu/spec_csr_registers[1][31]_i_3/O
                         net (fo=8, routed)           0.795    54.435    control_unit_cpu/spec_csr_registers[1][31]_i_3_n_0
    SLICE_X16Y69         LUT6 (Prop_lut6_I1_O)        0.332    54.767 r  control_unit_cpu/spec_csr_registers[6][31]_i_1/O
                         net (fo=32, routed)          1.188    55.955    csr_unit_cpu/spec_csr_registers_reg[6][31]_1[0]
    SLICE_X6Y76          FDRE                                         r  csr_unit_cpu/spec_csr_registers_reg[6][17]/CE
  -------------------------------------------------------------------    -------------------

                         (clock sysclk rise edge)    60.000    60.000 r  
    K17                                               0.000    60.000 r  sysclk (IN)
                         net (fo=0)                   0.000    60.000    sysclk
    K17                  IBUF (Prop_ibuf_I_O)         1.421    61.421 r  sysclk_IBUF_inst/O
                         net (fo=1, routed)           1.880    63.301    sysclk_IBUF
    BUFGCTRL_X0Y16       BUFG (Prop_bufg_I_O)         0.091    63.392 r  sysclk_IBUF_BUFG_inst/O
                         net (fo=1984, routed)        1.478    64.870    csr_unit_cpu/sysclk_IBUF_BUFG
    SLICE_X6Y76          FDRE                                         r  csr_unit_cpu/spec_csr_registers_reg[6][17]/C
                         clock pessimism              0.291    65.160    
                         clock uncertainty           -0.035    65.125    
    SLICE_X6Y76          FDRE (Setup_fdre_C_CE)      -0.169    64.956    csr_unit_cpu/spec_csr_registers_reg[6][17]
  -------------------------------------------------------------------
                         required time                         64.956    
                         arrival time                         -55.955    
  -------------------------------------------------------------------
                         slack                                  9.001    

Slack (MET) :             9.001ns  (required time - arrival time)
  Source:                 unified_memory_cpu/byte_write[1].BRAM_reg_2_1/CLKARDCLK
                            (falling edge-triggered cell RAMB36E1 clocked by sysclk  {rise@0.000ns fall@30.000ns period=60.000ns})
  Destination:            csr_unit_cpu/spec_csr_registers_reg[6][22]/CE
                            (rising edge-triggered cell FDRE clocked by sysclk  {rise@0.000ns fall@30.000ns period=60.000ns})
  Path Group:             sysclk
  Path Type:              Setup (Max at Slow Process Corner)
  Requirement:            30.000ns  (sysclk rise@60.000ns - sysclk fall@30.000ns)
  Data Path Delay:        20.596ns  (logic 5.875ns (28.525%)  route 14.721ns (71.475%))
  Logic Levels:           20  (CARRY4=3 LUT3=3 LUT4=1 LUT5=3 LUT6=10)
  Clock Path Skew:        -0.199ns (DCD - SCD + CPR)
    Destination Clock Delay (DCD):    4.870ns = ( 64.870 - 60.000 ) 
    Source Clock Delay      (SCD):    5.359ns = ( 35.359 - 30.000 ) 
    Clock Pessimism Removal (CPR):    0.291ns
  Clock Uncertainty:      0.035ns  ((TSJ^2 + TIJ^2)^1/2 + DJ) / 2 + PE
    Total System Jitter     (TSJ):    0.071ns
    Total Input Jitter      (TIJ):    0.000ns
    Discrete Jitter          (DJ):    0.000ns
    Phase Error              (PE):    0.000ns

    Location             Delay type                Incr(ns)  Path(ns)    Netlist Resource(s)
  -------------------------------------------------------------------    -------------------
                         (clock sysclk fall edge)    30.000    30.000 f  
    K17                                               0.000    30.000 f  sysclk (IN)
                         net (fo=0)                   0.000    30.000    sysclk
    K17                  IBUF (Prop_ibuf_I_O)         1.492    31.492 f  sysclk_IBUF_inst/O
                         net (fo=1, routed)           2.076    33.568    sysclk_IBUF
    BUFGCTRL_X0Y16       BUFG (Prop_bufg_I_O)         0.101    33.669 f  sysclk_IBUF_BUFG_inst/O
                         net (fo=1984, routed)        1.690    35.359    unified_memory_cpu/byte_write[1].BRAM_reg_0_0_3
    RAMB36_X1Y13         RAMB36E1                                     r  unified_memory_cpu/byte_write[1].BRAM_reg_2_1/CLKARDCLK  (IS_INVERTED)
  -------------------------------------------------------------------    -------------------
    RAMB36_X1Y13         RAMB36E1 (Prop_ramb36e1_CLKARDCLK_DOADO[3])
                                                      2.454    37.813 f  unified_memory_cpu/byte_write[1].BRAM_reg_2_1/DOADO[3]
                         net (fo=3, routed)           1.327    39.140    unified_memory_cpu/r_data[23]
    SLICE_X29Y69         LUT3 (Prop_lut3_I1_O)        0.152    39.292 f  unified_memory_cpu/byte_write[1].BRAM_reg_0_1_i_8/O
                         net (fo=8, routed)           0.743    40.035    unified_memory_cpu/mem_acc_in[23]
    SLICE_X30Y70         LUT5 (Prop_lut5_I2_O)        0.332    40.367 f  unified_memory_cpu/byte_write[1].BRAM_reg_1_0_i_17/O
                         net (fo=1, routed)           0.496    40.863    unified_memory_cpu/byte_write[1].BRAM_reg_1_0_i_17_n_0
    SLICE_X30Y70         LUT6 (Prop_lut6_I1_O)        0.124    40.987 f  unified_memory_cpu/byte_write[1].BRAM_reg_1_0_i_9/O
                         net (fo=10, routed)          0.690    41.677    unified_memory_cpu/byte_write[1].BRAM_reg_1_0_i_9_n_0
    SLICE_X29Y71         LUT6 (Prop_lut6_I4_O)        0.124    41.801 f  unified_memory_cpu/byte_write[1].BRAM_reg_1_1_i_1/O
                         net (fo=4, routed)           1.459    43.260    rf_write_select_mux_cpu/dinb[6]
    SLICE_X16Y85         LUT6 (Prop_lut6_I4_O)        0.124    43.384 f  rf_write_select_mux_cpu/i__carry__0_i_34/O
                         net (fo=1, routed)           0.292    43.676    rf_write_select_mux_cpu/i__carry__0_i_34_n_0
    SLICE_X17Y84         LUT6 (Prop_lut6_I0_O)        0.124    43.800 f  rf_write_select_mux_cpu/i__carry__0_i_25/O
                         net (fo=3, routed)           1.033    44.832    rf_write_select_mux_cpu/bypass_csr_ready_reg_1
    SLICE_X17Y78         LUT5 (Prop_lut5_I1_O)        0.150    44.982 f  rf_write_select_mux_cpu/i__carry__0_i_10/O
                         net (fo=7, routed)           0.937    45.919    rf_write_select_mux_cpu/i__carry__0_i_10_n_0
    SLICE_X25Y79         LUT4 (Prop_lut4_I0_O)        0.326    46.245 r  rf_write_select_mux_cpu/i__carry__0_i_1/O
                         net (fo=2, routed)           0.524    46.769    alu_cpu/comparison_unit_in_alu/comp_result_bf2_inferred__3/i__carry__1_0[3]
    SLICE_X22Y79         CARRY4 (Prop_carry4_DI[3]_CO[3])
                                                      0.385    47.154 r  alu_cpu/comparison_unit_in_alu/comp_result_bf2_inferred__3/i__carry__0/CO[3]
                         net (fo=1, routed)           0.000    47.154    alu_cpu/comparison_unit_in_alu/comp_result_bf2_inferred__3/i__carry__0_n_0
    SLICE_X22Y80         CARRY4 (Prop_carry4_CI_CO[3])
                                                      0.114    47.268 r  alu_cpu/comparison_unit_in_alu/comp_result_bf2_inferred__3/i__carry__1/CO[3]
                         net (fo=1, routed)           0.000    47.268    alu_cpu/comparison_unit_in_alu/comp_result_bf2_inferred__3/i__carry__1_n_0
    SLICE_X22Y81         CARRY4 (Prop_carry4_CI_CO[3])
                                                      0.114    47.382 f  alu_cpu/comparison_unit_in_alu/comp_result_bf2_inferred__3/i__carry__2/CO[3]
                         net (fo=1, routed)           0.912    48.294    rf_write_select_mux_cpu/make_nop_id_i_3_0[0]
    SLICE_X21Y78         LUT6 (Prop_lut6_I0_O)        0.124    48.418 f  rf_write_select_mux_cpu/make_nop_id_i_5/O
                         net (fo=1, routed)           0.154    48.572    rf_write_select_mux_cpu/make_nop_id_i_5_n_0
    SLICE_X21Y78         LUT5 (Prop_lut5_I4_O)        0.124    48.696 f  rf_write_select_mux_cpu/make_nop_id_i_3/O
                         net (fo=4, routed)           0.652    49.348    unified_memory_cpu/comp_result[0]
    SLICE_X13Y75         LUT6 (Prop_lut6_I5_O)        0.124    49.472 f  unified_memory_cpu/alu_result_bypass_buffer_ex[0]_i_4/O
                         net (fo=1, routed)           0.433    49.905    unified_memory_cpu/alu_result_bypass_buffer_ex[0]_i_4_n_0
    SLICE_X13Y75         LUT6 (Prop_lut6_I5_O)        0.124    50.029 f  unified_memory_cpu/alu_result_bypass_buffer_ex[0]_i_1/O
                         net (fo=19, routed)          1.114    51.142    unified_memory_cpu/D[0]
    SLICE_X24Y68         LUT6 (Prop_lut6_I1_O)        0.124    51.266 f  unified_memory_cpu/byte_write[1].BRAM_reg_0_i_24/O
                         net (fo=126, routed)         0.651    51.917    control_unit_cpu/spec_csr_registers_reg[5][31]
    SLICE_X14Y68         LUT6 (Prop_lut6_I4_O)        0.124    52.041 r  control_unit_cpu/spec_csr_registers[0][31]_i_5/O
                         net (fo=2, routed)           0.656    52.697    control_unit_cpu/spec_csr_registers[0][31]_i_5_n_0
    SLICE_X10Y68         LUT3 (Prop_lut3_I0_O)        0.124    52.821 r  control_unit_cpu/spec_csr_registers[0][31]_i_2/O
                         net (fo=4, routed)           0.668    53.489    control_unit_cpu/spec_csr_registers[0][31]_i_2_n_0
    SLICE_X11Y68         LUT3 (Prop_lut3_I0_O)        0.152    53.641 r  control_unit_cpu/spec_csr_registers[1][31]_i_3/O
                         net (fo=8, routed)           0.795    54.435    control_unit_cpu/spec_csr_registers[1][31]_i_3_n_0
    SLICE_X16Y69         LUT6 (Prop_lut6_I1_O)        0.332    54.767 r  control_unit_cpu/spec_csr_registers[6][31]_i_1/O
                         net (fo=32, routed)          1.188    55.955    csr_unit_cpu/spec_csr_registers_reg[6][31]_1[0]
    SLICE_X6Y76          FDRE                                         r  csr_unit_cpu/spec_csr_registers_reg[6][22]/CE
  -------------------------------------------------------------------    -------------------

                         (clock sysclk rise edge)    60.000    60.000 r  
    K17                                               0.000    60.000 r  sysclk (IN)
                         net (fo=0)                   0.000    60.000    sysclk
    K17                  IBUF (Prop_ibuf_I_O)         1.421    61.421 r  sysclk_IBUF_inst/O
                         net (fo=1, routed)           1.880    63.301    sysclk_IBUF
    BUFGCTRL_X0Y16       BUFG (Prop_bufg_I_O)         0.091    63.392 r  sysclk_IBUF_BUFG_inst/O
                         net (fo=1984, routed)        1.478    64.870    csr_unit_cpu/sysclk_IBUF_BUFG
    SLICE_X6Y76          FDRE                                         r  csr_unit_cpu/spec_csr_registers_reg[6][22]/C
                         clock pessimism              0.291    65.160    
                         clock uncertainty           -0.035    65.125    
    SLICE_X6Y76          FDRE (Setup_fdre_C_CE)      -0.169    64.956    csr_unit_cpu/spec_csr_registers_reg[6][22]
  -------------------------------------------------------------------
                         required time                         64.956    
                         arrival time                         -55.955    
  -------------------------------------------------------------------
                         slack                                  9.001    

Slack (MET) :             9.001ns  (required time - arrival time)
  Source:                 unified_memory_cpu/byte_write[1].BRAM_reg_2_1/CLKARDCLK
                            (falling edge-triggered cell RAMB36E1 clocked by sysclk  {rise@0.000ns fall@30.000ns period=60.000ns})
  Destination:            csr_unit_cpu/spec_csr_registers_reg[6][23]/CE
                            (rising edge-triggered cell FDRE clocked by sysclk  {rise@0.000ns fall@30.000ns period=60.000ns})
  Path Group:             sysclk
  Path Type:              Setup (Max at Slow Process Corner)
  Requirement:            30.000ns  (sysclk rise@60.000ns - sysclk fall@30.000ns)
  Data Path Delay:        20.596ns  (logic 5.875ns (28.525%)  route 14.721ns (71.475%))
  Logic Levels:           20  (CARRY4=3 LUT3=3 LUT4=1 LUT5=3 LUT6=10)
  Clock Path Skew:        -0.199ns (DCD - SCD + CPR)
    Destination Clock Delay (DCD):    4.870ns = ( 64.870 - 60.000 ) 
    Source Clock Delay      (SCD):    5.359ns = ( 35.359 - 30.000 ) 
    Clock Pessimism Removal (CPR):    0.291ns
  Clock Uncertainty:      0.035ns  ((TSJ^2 + TIJ^2)^1/2 + DJ) / 2 + PE
    Total System Jitter     (TSJ):    0.071ns
    Total Input Jitter      (TIJ):    0.000ns
    Discrete Jitter          (DJ):    0.000ns
    Phase Error              (PE):    0.000ns

    Location             Delay type                Incr(ns)  Path(ns)    Netlist Resource(s)
  -------------------------------------------------------------------    -------------------
                         (clock sysclk fall edge)    30.000    30.000 f  
    K17                                               0.000    30.000 f  sysclk (IN)
                         net (fo=0)                   0.000    30.000    sysclk
    K17                  IBUF (Prop_ibuf_I_O)         1.492    31.492 f  sysclk_IBUF_inst/O
                         net (fo=1, routed)           2.076    33.568    sysclk_IBUF
    BUFGCTRL_X0Y16       BUFG (Prop_bufg_I_O)         0.101    33.669 f  sysclk_IBUF_BUFG_inst/O
                         net (fo=1984, routed)        1.690    35.359    unified_memory_cpu/byte_write[1].BRAM_reg_0_0_3
    RAMB36_X1Y13         RAMB36E1                                     r  unified_memory_cpu/byte_write[1].BRAM_reg_2_1/CLKARDCLK  (IS_INVERTED)
  -------------------------------------------------------------------    -------------------
    RAMB36_X1Y13         RAMB36E1 (Prop_ramb36e1_CLKARDCLK_DOADO[3])
                                                      2.454    37.813 f  unified_memory_cpu/byte_write[1].BRAM_reg_2_1/DOADO[3]
                         net (fo=3, routed)           1.327    39.140    unified_memory_cpu/r_data[23]
    SLICE_X29Y69         LUT3 (Prop_lut3_I1_O)        0.152    39.292 f  unified_memory_cpu/byte_write[1].BRAM_reg_0_1_i_8/O
                         net (fo=8, routed)           0.743    40.035    unified_memory_cpu/mem_acc_in[23]
    SLICE_X30Y70         LUT5 (Prop_lut5_I2_O)        0.332    40.367 f  unified_memory_cpu/byte_write[1].BRAM_reg_1_0_i_17/O
                         net (fo=1, routed)           0.496    40.863    unified_memory_cpu/byte_write[1].BRAM_reg_1_0_i_17_n_0
    SLICE_X30Y70         LUT6 (Prop_lut6_I1_O)        0.124    40.987 f  unified_memory_cpu/byte_write[1].BRAM_reg_1_0_i_9/O
                         net (fo=10, routed)          0.690    41.677    unified_memory_cpu/byte_write[1].BRAM_reg_1_0_i_9_n_0
    SLICE_X29Y71         LUT6 (Prop_lut6_I4_O)        0.124    41.801 f  unified_memory_cpu/byte_write[1].BRAM_reg_1_1_i_1/O
                         net (fo=4, routed)           1.459    43.260    rf_write_select_mux_cpu/dinb[6]
    SLICE_X16Y85         LUT6 (Prop_lut6_I4_O)        0.124    43.384 f  rf_write_select_mux_cpu/i__carry__0_i_34/O
                         net (fo=1, routed)           0.292    43.676    rf_write_select_mux_cpu/i__carry__0_i_34_n_0
    SLICE_X17Y84         LUT6 (Prop_lut6_I0_O)        0.124    43.800 f  rf_write_select_mux_cpu/i__carry__0_i_25/O
                         net (fo=3, routed)           1.033    44.832    rf_write_select_mux_cpu/bypass_csr_ready_reg_1
    SLICE_X17Y78         LUT5 (Prop_lut5_I1_O)        0.150    44.982 f  rf_write_select_mux_cpu/i__carry__0_i_10/O
                         net (fo=7, routed)           0.937    45.919    rf_write_select_mux_cpu/i__carry__0_i_10_n_0
    SLICE_X25Y79         LUT4 (Prop_lut4_I0_O)        0.326    46.245 r  rf_write_select_mux_cpu/i__carry__0_i_1/O
                         net (fo=2, routed)           0.524    46.769    alu_cpu/comparison_unit_in_alu/comp_result_bf2_inferred__3/i__carry__1_0[3]
    SLICE_X22Y79         CARRY4 (Prop_carry4_DI[3]_CO[3])
                                                      0.385    47.154 r  alu_cpu/comparison_unit_in_alu/comp_result_bf2_inferred__3/i__carry__0/CO[3]
                         net (fo=1, routed)           0.000    47.154    alu_cpu/comparison_unit_in_alu/comp_result_bf2_inferred__3/i__carry__0_n_0
    SLICE_X22Y80         CARRY4 (Prop_carry4_CI_CO[3])
                                                      0.114    47.268 r  alu_cpu/comparison_unit_in_alu/comp_result_bf2_inferred__3/i__carry__1/CO[3]
                         net (fo=1, routed)           0.000    47.268    alu_cpu/comparison_unit_in_alu/comp_result_bf2_inferred__3/i__carry__1_n_0
    SLICE_X22Y81         CARRY4 (Prop_carry4_CI_CO[3])
                                                      0.114    47.382 f  alu_cpu/comparison_unit_in_alu/comp_result_bf2_inferred__3/i__carry__2/CO[3]
                         net (fo=1, routed)           0.912    48.294    rf_write_select_mux_cpu/make_nop_id_i_3_0[0]
    SLICE_X21Y78         LUT6 (Prop_lut6_I0_O)        0.124    48.418 f  rf_write_select_mux_cpu/make_nop_id_i_5/O
                         net (fo=1, routed)           0.154    48.572    rf_write_select_mux_cpu/make_nop_id_i_5_n_0
    SLICE_X21Y78         LUT5 (Prop_lut5_I4_O)        0.124    48.696 f  rf_write_select_mux_cpu/make_nop_id_i_3/O
                         net (fo=4, routed)           0.652    49.348    unified_memory_cpu/comp_result[0]
    SLICE_X13Y75         LUT6 (Prop_lut6_I5_O)        0.124    49.472 f  unified_memory_cpu/alu_result_bypass_buffer_ex[0]_i_4/O
                         net (fo=1, routed)           0.433    49.905    unified_memory_cpu/alu_result_bypass_buffer_ex[0]_i_4_n_0
    SLICE_X13Y75         LUT6 (Prop_lut6_I5_O)        0.124    50.029 f  unified_memory_cpu/alu_result_bypass_buffer_ex[0]_i_1/O
                         net (fo=19, routed)          1.114    51.142    unified_memory_cpu/D[0]
    SLICE_X24Y68         LUT6 (Prop_lut6_I1_O)        0.124    51.266 f  unified_memory_cpu/byte_write[1].BRAM_reg_0_i_24/O
                         net (fo=126, routed)         0.651    51.917    control_unit_cpu/spec_csr_registers_reg[5][31]
    SLICE_X14Y68         LUT6 (Prop_lut6_I4_O)        0.124    52.041 r  control_unit_cpu/spec_csr_registers[0][31]_i_5/O
                         net (fo=2, routed)           0.656    52.697    control_unit_cpu/spec_csr_registers[0][31]_i_5_n_0
    SLICE_X10Y68         LUT3 (Prop_lut3_I0_O)        0.124    52.821 r  control_unit_cpu/spec_csr_registers[0][31]_i_2/O
                         net (fo=4, routed)           0.668    53.489    control_unit_cpu/spec_csr_registers[0][31]_i_2_n_0
    SLICE_X11Y68         LUT3 (Prop_lut3_I0_O)        0.152    53.641 r  control_unit_cpu/spec_csr_registers[1][31]_i_3/O
                         net (fo=8, routed)           0.795    54.435    control_unit_cpu/spec_csr_registers[1][31]_i_3_n_0
    SLICE_X16Y69         LUT6 (Prop_lut6_I1_O)        0.332    54.767 r  control_unit_cpu/spec_csr_registers[6][31]_i_1/O
                         net (fo=32, routed)          1.188    55.955    csr_unit_cpu/spec_csr_registers_reg[6][31]_1[0]
    SLICE_X6Y76          FDRE                                         r  csr_unit_cpu/spec_csr_registers_reg[6][23]/CE
  -------------------------------------------------------------------    -------------------

                         (clock sysclk rise edge)    60.000    60.000 r  
    K17                                               0.000    60.000 r  sysclk (IN)
                         net (fo=0)                   0.000    60.000    sysclk
    K17                  IBUF (Prop_ibuf_I_O)         1.421    61.421 r  sysclk_IBUF_inst/O
                         net (fo=1, routed)           1.880    63.301    sysclk_IBUF
    BUFGCTRL_X0Y16       BUFG (Prop_bufg_I_O)         0.091    63.392 r  sysclk_IBUF_BUFG_inst/O
                         net (fo=1984, routed)        1.478    64.870    csr_unit_cpu/sysclk_IBUF_BUFG
    SLICE_X6Y76          FDRE                                         r  csr_unit_cpu/spec_csr_registers_reg[6][23]/C
                         clock pessimism              0.291    65.160    
                         clock uncertainty           -0.035    65.125    
    SLICE_X6Y76          FDRE (Setup_fdre_C_CE)      -0.169    64.956    csr_unit_cpu/spec_csr_registers_reg[6][23]
  -------------------------------------------------------------------
                         required time                         64.956    
                         arrival time                         -55.955    
  -------------------------------------------------------------------
                         slack                                  9.001    

Slack (MET) :             9.030ns  (required time - arrival time)
  Source:                 unified_memory_cpu/byte_write[1].BRAM_reg_2_1/CLKARDCLK
                            (falling edge-triggered cell RAMB36E1 clocked by sysclk  {rise@0.000ns fall@30.000ns period=60.000ns})
  Destination:            csr_unit_cpu/spec_csr_registers_reg[7][30]/CE
                            (rising edge-triggered cell FDRE clocked by sysclk  {rise@0.000ns fall@30.000ns period=60.000ns})
  Path Group:             sysclk
  Path Type:              Setup (Max at Slow Process Corner)
  Requirement:            30.000ns  (sysclk rise@60.000ns - sysclk fall@30.000ns)
  Data Path Delay:        20.535ns  (logic 5.875ns (28.610%)  route 14.660ns (71.390%))
  Logic Levels:           20  (CARRY4=3 LUT3=3 LUT4=1 LUT5=3 LUT6=10)
  Clock Path Skew:        -0.195ns (DCD - SCD + CPR)
    Destination Clock Delay (DCD):    4.874ns = ( 64.874 - 60.000 ) 
    Source Clock Delay      (SCD):    5.359ns = ( 35.359 - 30.000 ) 
    Clock Pessimism Removal (CPR):    0.291ns
  Clock Uncertainty:      0.035ns  ((TSJ^2 + TIJ^2)^1/2 + DJ) / 2 + PE
    Total System Jitter     (TSJ):    0.071ns
    Total Input Jitter      (TIJ):    0.000ns
    Discrete Jitter          (DJ):    0.000ns
    Phase Error              (PE):    0.000ns

    Location             Delay type                Incr(ns)  Path(ns)    Netlist Resource(s)
  -------------------------------------------------------------------    -------------------
                         (clock sysclk fall edge)    30.000    30.000 f  
    K17                                               0.000    30.000 f  sysclk (IN)
                         net (fo=0)                   0.000    30.000    sysclk
    K17                  IBUF (Prop_ibuf_I_O)         1.492    31.492 f  sysclk_IBUF_inst/O
                         net (fo=1, routed)           2.076    33.568    sysclk_IBUF
    BUFGCTRL_X0Y16       BUFG (Prop_bufg_I_O)         0.101    33.669 f  sysclk_IBUF_BUFG_inst/O
                         net (fo=1984, routed)        1.690    35.359    unified_memory_cpu/byte_write[1].BRAM_reg_0_0_3
    RAMB36_X1Y13         RAMB36E1                                     r  unified_memory_cpu/byte_write[1].BRAM_reg_2_1/CLKARDCLK  (IS_INVERTED)
  -------------------------------------------------------------------    -------------------
    RAMB36_X1Y13         RAMB36E1 (Prop_ramb36e1_CLKARDCLK_DOADO[3])
                                                      2.454    37.813 f  unified_memory_cpu/byte_write[1].BRAM_reg_2_1/DOADO[3]
                         net (fo=3, routed)           1.327    39.140    unified_memory_cpu/r_data[23]
    SLICE_X29Y69         LUT3 (Prop_lut3_I1_O)        0.152    39.292 f  unified_memory_cpu/byte_write[1].BRAM_reg_0_1_i_8/O
                         net (fo=8, routed)           0.743    40.035    unified_memory_cpu/mem_acc_in[23]
    SLICE_X30Y70         LUT5 (Prop_lut5_I2_O)        0.332    40.367 f  unified_memory_cpu/byte_write[1].BRAM_reg_1_0_i_17/O
                         net (fo=1, routed)           0.496    40.863    unified_memory_cpu/byte_write[1].BRAM_reg_1_0_i_17_n_0
    SLICE_X30Y70         LUT6 (Prop_lut6_I1_O)        0.124    40.987 f  unified_memory_cpu/byte_write[1].BRAM_reg_1_0_i_9/O
                         net (fo=10, routed)          0.690    41.677    unified_memory_cpu/byte_write[1].BRAM_reg_1_0_i_9_n_0
    SLICE_X29Y71         LUT6 (Prop_lut6_I4_O)        0.124    41.801 f  unified_memory_cpu/byte_write[1].BRAM_reg_1_1_i_1/O
                         net (fo=4, routed)           1.459    43.260    rf_write_select_mux_cpu/dinb[6]
    SLICE_X16Y85         LUT6 (Prop_lut6_I4_O)        0.124    43.384 f  rf_write_select_mux_cpu/i__carry__0_i_34/O
                         net (fo=1, routed)           0.292    43.676    rf_write_select_mux_cpu/i__carry__0_i_34_n_0
    SLICE_X17Y84         LUT6 (Prop_lut6_I0_O)        0.124    43.800 f  rf_write_select_mux_cpu/i__carry__0_i_25/O
                         net (fo=3, routed)           1.033    44.832    rf_write_select_mux_cpu/bypass_csr_ready_reg_1
    SLICE_X17Y78         LUT5 (Prop_lut5_I1_O)        0.150    44.982 f  rf_write_select_mux_cpu/i__carry__0_i_10/O
                         net (fo=7, routed)           0.937    45.919    rf_write_select_mux_cpu/i__carry__0_i_10_n_0
    SLICE_X25Y79         LUT4 (Prop_lut4_I0_O)        0.326    46.245 r  rf_write_select_mux_cpu/i__carry__0_i_1/O
                         net (fo=2, routed)           0.524    46.769    alu_cpu/comparison_unit_in_alu/comp_result_bf2_inferred__3/i__carry__1_0[3]
    SLICE_X22Y79         CARRY4 (Prop_carry4_DI[3]_CO[3])
                                                      0.385    47.154 r  alu_cpu/comparison_unit_in_alu/comp_result_bf2_inferred__3/i__carry__0/CO[3]
                         net (fo=1, routed)           0.000    47.154    alu_cpu/comparison_unit_in_alu/comp_result_bf2_inferred__3/i__carry__0_n_0
    SLICE_X22Y80         CARRY4 (Prop_carry4_CI_CO[3])
                                                      0.114    47.268 r  alu_cpu/comparison_unit_in_alu/comp_result_bf2_inferred__3/i__carry__1/CO[3]
                         net (fo=1, routed)           0.000    47.268    alu_cpu/comparison_unit_in_alu/comp_result_bf2_inferred__3/i__carry__1_n_0
    SLICE_X22Y81         CARRY4 (Prop_carry4_CI_CO[3])
                                                      0.114    47.382 f  alu_cpu/comparison_unit_in_alu/comp_result_bf2_inferred__3/i__carry__2/CO[3]
                         net (fo=1, routed)           0.912    48.294    rf_write_select_mux_cpu/make_nop_id_i_3_0[0]
    SLICE_X21Y78         LUT6 (Prop_lut6_I0_O)        0.124    48.418 f  rf_write_select_mux_cpu/make_nop_id_i_5/O
                         net (fo=1, routed)           0.154    48.572    rf_write_select_mux_cpu/make_nop_id_i_5_n_0
    SLICE_X21Y78         LUT5 (Prop_lut5_I4_O)        0.124    48.696 f  rf_write_select_mux_cpu/make_nop_id_i_3/O
                         net (fo=4, routed)           0.652    49.348    unified_memory_cpu/comp_result[0]
    SLICE_X13Y75         LUT6 (Prop_lut6_I5_O)        0.124    49.472 f  unified_memory_cpu/alu_result_bypass_buffer_ex[0]_i_4/O
                         net (fo=1, routed)           0.433    49.905    unified_memory_cpu/alu_result_bypass_buffer_ex[0]_i_4_n_0
    SLICE_X13Y75         LUT6 (Prop_lut6_I5_O)        0.124    50.029 f  unified_memory_cpu/alu_result_bypass_buffer_ex[0]_i_1/O
                         net (fo=19, routed)          1.114    51.142    unified_memory_cpu/D[0]
    SLICE_X24Y68         LUT6 (Prop_lut6_I1_O)        0.124    51.266 f  unified_memory_cpu/byte_write[1].BRAM_reg_0_i_24/O
                         net (fo=126, routed)         0.651    51.917    control_unit_cpu/spec_csr_registers_reg[5][31]
    SLICE_X14Y68         LUT6 (Prop_lut6_I4_O)        0.124    52.041 r  control_unit_cpu/spec_csr_registers[0][31]_i_5/O
                         net (fo=2, routed)           0.656    52.697    control_unit_cpu/spec_csr_registers[0][31]_i_5_n_0
    SLICE_X10Y68         LUT3 (Prop_lut3_I0_O)        0.124    52.821 r  control_unit_cpu/spec_csr_registers[0][31]_i_2/O
                         net (fo=4, routed)           0.668    53.489    control_unit_cpu/spec_csr_registers[0][31]_i_2_n_0
    SLICE_X11Y68         LUT3 (Prop_lut3_I0_O)        0.152    53.641 r  control_unit_cpu/spec_csr_registers[1][31]_i_3/O
                         net (fo=8, routed)           0.813    54.454    control_unit_cpu/spec_csr_registers[1][31]_i_3_n_0
    SLICE_X16Y68         LUT6 (Prop_lut6_I2_O)        0.332    54.786 r  control_unit_cpu/spec_csr_registers[7][31]_i_1/O
                         net (fo=32, routed)          1.108    55.894    csr_unit_cpu/spec_csr_registers_reg[7][31]_1[0]
    SLICE_X9Y78          FDRE                                         r  csr_unit_cpu/spec_csr_registers_reg[7][30]/CE
  -------------------------------------------------------------------    -------------------

                         (clock sysclk rise edge)    60.000    60.000 r  
    K17                                               0.000    60.000 r  sysclk (IN)
                         net (fo=0)                   0.000    60.000    sysclk
    K17                  IBUF (Prop_ibuf_I_O)         1.421    61.421 r  sysclk_IBUF_inst/O
                         net (fo=1, routed)           1.880    63.301    sysclk_IBUF
    BUFGCTRL_X0Y16       BUFG (Prop_bufg_I_O)         0.091    63.392 r  sysclk_IBUF_BUFG_inst/O
                         net (fo=1984, routed)        1.482    64.874    csr_unit_cpu/sysclk_IBUF_BUFG
    SLICE_X9Y78          FDRE                                         r  csr_unit_cpu/spec_csr_registers_reg[7][30]/C
                         clock pessimism              0.291    65.164    
                         clock uncertainty           -0.035    65.129    
    SLICE_X9Y78          FDRE (Setup_fdre_C_CE)      -0.205    64.924    csr_unit_cpu/spec_csr_registers_reg[7][30]
  -------------------------------------------------------------------
                         required time                         64.924    
                         arrival time                         -55.894    
  -------------------------------------------------------------------
                         slack                                  9.030    

Slack (MET) :             9.066ns  (required time - arrival time)
  Source:                 unified_memory_cpu/byte_write[1].BRAM_reg_2_1/CLKARDCLK
                            (falling edge-triggered cell RAMB36E1 clocked by sysclk  {rise@0.000ns fall@30.000ns period=60.000ns})
  Destination:            csr_unit_cpu/spec_csr_registers_reg[7][21]/CE
                            (rising edge-triggered cell FDRE clocked by sysclk  {rise@0.000ns fall@30.000ns period=60.000ns})
  Path Group:             sysclk
  Path Type:              Setup (Max at Slow Process Corner)
  Requirement:            30.000ns  (sysclk rise@60.000ns - sysclk fall@30.000ns)
  Data Path Delay:        20.535ns  (logic 5.875ns (28.610%)  route 14.660ns (71.390%))
  Logic Levels:           20  (CARRY4=3 LUT3=3 LUT4=1 LUT5=3 LUT6=10)
  Clock Path Skew:        -0.195ns (DCD - SCD + CPR)
    Destination Clock Delay (DCD):    4.874ns = ( 64.874 - 60.000 ) 
    Source Clock Delay      (SCD):    5.359ns = ( 35.359 - 30.000 ) 
    Clock Pessimism Removal (CPR):    0.291ns
  Clock Uncertainty:      0.035ns  ((TSJ^2 + TIJ^2)^1/2 + DJ) / 2 + PE
    Total System Jitter     (TSJ):    0.071ns
    Total Input Jitter      (TIJ):    0.000ns
    Discrete Jitter          (DJ):    0.000ns
    Phase Error              (PE):    0.000ns

    Location             Delay type                Incr(ns)  Path(ns)    Netlist Resource(s)
  -------------------------------------------------------------------    -------------------
                         (clock sysclk fall edge)    30.000    30.000 f  
    K17                                               0.000    30.000 f  sysclk (IN)
                         net (fo=0)                   0.000    30.000    sysclk
    K17                  IBUF (Prop_ibuf_I_O)         1.492    31.492 f  sysclk_IBUF_inst/O
                         net (fo=1, routed)           2.076    33.568    sysclk_IBUF
    BUFGCTRL_X0Y16       BUFG (Prop_bufg_I_O)         0.101    33.669 f  sysclk_IBUF_BUFG_inst/O
                         net (fo=1984, routed)        1.690    35.359    unified_memory_cpu/byte_write[1].BRAM_reg_0_0_3
    RAMB36_X1Y13         RAMB36E1                                     r  unified_memory_cpu/byte_write[1].BRAM_reg_2_1/CLKARDCLK  (IS_INVERTED)
  -------------------------------------------------------------------    -------------------
    RAMB36_X1Y13         RAMB36E1 (Prop_ramb36e1_CLKARDCLK_DOADO[3])
                                                      2.454    37.813 f  unified_memory_cpu/byte_write[1].BRAM_reg_2_1/DOADO[3]
                         net (fo=3, routed)           1.327    39.140    unified_memory_cpu/r_data[23]
    SLICE_X29Y69         LUT3 (Prop_lut3_I1_O)        0.152    39.292 f  unified_memory_cpu/byte_write[1].BRAM_reg_0_1_i_8/O
                         net (fo=8, routed)           0.743    40.035    unified_memory_cpu/mem_acc_in[23]
    SLICE_X30Y70         LUT5 (Prop_lut5_I2_O)        0.332    40.367 f  unified_memory_cpu/byte_write[1].BRAM_reg_1_0_i_17/O
                         net (fo=1, routed)           0.496    40.863    unified_memory_cpu/byte_write[1].BRAM_reg_1_0_i_17_n_0
    SLICE_X30Y70         LUT6 (Prop_lut6_I1_O)        0.124    40.987 f  unified_memory_cpu/byte_write[1].BRAM_reg_1_0_i_9/O
                         net (fo=10, routed)          0.690    41.677    unified_memory_cpu/byte_write[1].BRAM_reg_1_0_i_9_n_0
    SLICE_X29Y71         LUT6 (Prop_lut6_I4_O)        0.124    41.801 f  unified_memory_cpu/byte_write[1].BRAM_reg_1_1_i_1/O
                         net (fo=4, routed)           1.459    43.260    rf_write_select_mux_cpu/dinb[6]
    SLICE_X16Y85         LUT6 (Prop_lut6_I4_O)        0.124    43.384 f  rf_write_select_mux_cpu/i__carry__0_i_34/O
                         net (fo=1, routed)           0.292    43.676    rf_write_select_mux_cpu/i__carry__0_i_34_n_0
    SLICE_X17Y84         LUT6 (Prop_lut6_I0_O)        0.124    43.800 f  rf_write_select_mux_cpu/i__carry__0_i_25/O
                         net (fo=3, routed)           1.033    44.832    rf_write_select_mux_cpu/bypass_csr_ready_reg_1
    SLICE_X17Y78         LUT5 (Prop_lut5_I1_O)        0.150    44.982 f  rf_write_select_mux_cpu/i__carry__0_i_10/O
                         net (fo=7, routed)           0.937    45.919    rf_write_select_mux_cpu/i__carry__0_i_10_n_0
    SLICE_X25Y79         LUT4 (Prop_lut4_I0_O)        0.326    46.245 r  rf_write_select_mux_cpu/i__carry__0_i_1/O
                         net (fo=2, routed)           0.524    46.769    alu_cpu/comparison_unit_in_alu/comp_result_bf2_inferred__3/i__carry__1_0[3]
    SLICE_X22Y79         CARRY4 (Prop_carry4_DI[3]_CO[3])
                                                      0.385    47.154 r  alu_cpu/comparison_unit_in_alu/comp_result_bf2_inferred__3/i__carry__0/CO[3]
                         net (fo=1, routed)           0.000    47.154    alu_cpu/comparison_unit_in_alu/comp_result_bf2_inferred__3/i__carry__0_n_0
    SLICE_X22Y80         CARRY4 (Prop_carry4_CI_CO[3])
                                                      0.114    47.268 r  alu_cpu/comparison_unit_in_alu/comp_result_bf2_inferred__3/i__carry__1/CO[3]
                         net (fo=1, routed)           0.000    47.268    alu_cpu/comparison_unit_in_alu/comp_result_bf2_inferred__3/i__carry__1_n_0
    SLICE_X22Y81         CARRY4 (Prop_carry4_CI_CO[3])
                                                      0.114    47.382 f  alu_cpu/comparison_unit_in_alu/comp_result_bf2_inferred__3/i__carry__2/CO[3]
                         net (fo=1, routed)           0.912    48.294    rf_write_select_mux_cpu/make_nop_id_i_3_0[0]
    SLICE_X21Y78         LUT6 (Prop_lut6_I0_O)        0.124    48.418 f  rf_write_select_mux_cpu/make_nop_id_i_5/O
                         net (fo=1, routed)           0.154    48.572    rf_write_select_mux_cpu/make_nop_id_i_5_n_0
    SLICE_X21Y78         LUT5 (Prop_lut5_I4_O)        0.124    48.696 f  rf_write_select_mux_cpu/make_nop_id_i_3/O
                         net (fo=4, routed)           0.652    49.348    unified_memory_cpu/comp_result[0]
    SLICE_X13Y75         LUT6 (Prop_lut6_I5_O)        0.124    49.472 f  unified_memory_cpu/alu_result_bypass_buffer_ex[0]_i_4/O
                         net (fo=1, routed)           0.433    49.905    unified_memory_cpu/alu_result_bypass_buffer_ex[0]_i_4_n_0
    SLICE_X13Y75         LUT6 (Prop_lut6_I5_O)        0.124    50.029 f  unified_memory_cpu/alu_result_bypass_buffer_ex[0]_i_1/O
                         net (fo=19, routed)          1.114    51.142    unified_memory_cpu/D[0]
    SLICE_X24Y68         LUT6 (Prop_lut6_I1_O)        0.124    51.266 f  unified_memory_cpu/byte_write[1].BRAM_reg_0_i_24/O
                         net (fo=126, routed)         0.651    51.917    control_unit_cpu/spec_csr_registers_reg[5][31]
    SLICE_X14Y68         LUT6 (Prop_lut6_I4_O)        0.124    52.041 r  control_unit_cpu/spec_csr_registers[0][31]_i_5/O
                         net (fo=2, routed)           0.656    52.697    control_unit_cpu/spec_csr_registers[0][31]_i_5_n_0
    SLICE_X10Y68         LUT3 (Prop_lut3_I0_O)        0.124    52.821 r  control_unit_cpu/spec_csr_registers[0][31]_i_2/O
                         net (fo=4, routed)           0.668    53.489    control_unit_cpu/spec_csr_registers[0][31]_i_2_n_0
    SLICE_X11Y68         LUT3 (Prop_lut3_I0_O)        0.152    53.641 r  control_unit_cpu/spec_csr_registers[1][31]_i_3/O
                         net (fo=8, routed)           0.813    54.454    control_unit_cpu/spec_csr_registers[1][31]_i_3_n_0
    SLICE_X16Y68         LUT6 (Prop_lut6_I2_O)        0.332    54.786 r  control_unit_cpu/spec_csr_registers[7][31]_i_1/O
                         net (fo=32, routed)          1.108    55.894    csr_unit_cpu/spec_csr_registers_reg[7][31]_1[0]
    SLICE_X8Y78          FDRE                                         r  csr_unit_cpu/spec_csr_registers_reg[7][21]/CE
  -------------------------------------------------------------------    -------------------

                         (clock sysclk rise edge)    60.000    60.000 r  
    K17                                               0.000    60.000 r  sysclk (IN)
                         net (fo=0)                   0.000    60.000    sysclk
    K17                  IBUF (Prop_ibuf_I_O)         1.421    61.421 r  sysclk_IBUF_inst/O
                         net (fo=1, routed)           1.880    63.301    sysclk_IBUF
    BUFGCTRL_X0Y16       BUFG (Prop_bufg_I_O)         0.091    63.392 r  sysclk_IBUF_BUFG_inst/O
                         net (fo=1984, routed)        1.482    64.874    csr_unit_cpu/sysclk_IBUF_BUFG
    SLICE_X8Y78          FDRE                                         r  csr_unit_cpu/spec_csr_registers_reg[7][21]/C
                         clock pessimism              0.291    65.164    
                         clock uncertainty           -0.035    65.129    
    SLICE_X8Y78          FDRE (Setup_fdre_C_CE)      -0.169    64.960    csr_unit_cpu/spec_csr_registers_reg[7][21]
  -------------------------------------------------------------------
                         required time                         64.960    
                         arrival time                         -55.894    
  -------------------------------------------------------------------
                         slack                                  9.066    

Slack (MET) :             9.066ns  (required time - arrival time)
  Source:                 unified_memory_cpu/byte_write[1].BRAM_reg_2_1/CLKARDCLK
                            (falling edge-triggered cell RAMB36E1 clocked by sysclk  {rise@0.000ns fall@30.000ns period=60.000ns})
  Destination:            csr_unit_cpu/spec_csr_registers_reg[7][27]/CE
                            (rising edge-triggered cell FDRE clocked by sysclk  {rise@0.000ns fall@30.000ns period=60.000ns})
  Path Group:             sysclk
  Path Type:              Setup (Max at Slow Process Corner)
  Requirement:            30.000ns  (sysclk rise@60.000ns - sysclk fall@30.000ns)
  Data Path Delay:        20.535ns  (logic 5.875ns (28.610%)  route 14.660ns (71.390%))
  Logic Levels:           20  (CARRY4=3 LUT3=3 LUT4=1 LUT5=3 LUT6=10)
  Clock Path Skew:        -0.195ns (DCD - SCD + CPR)
    Destination Clock Delay (DCD):    4.874ns = ( 64.874 - 60.000 ) 
    Source Clock Delay      (SCD):    5.359ns = ( 35.359 - 30.000 ) 
    Clock Pessimism Removal (CPR):    0.291ns
  Clock Uncertainty:      0.035ns  ((TSJ^2 + TIJ^2)^1/2 + DJ) / 2 + PE
    Total System Jitter     (TSJ):    0.071ns
    Total Input Jitter      (TIJ):    0.000ns
    Discrete Jitter          (DJ):    0.000ns
    Phase Error              (PE):    0.000ns

    Location             Delay type                Incr(ns)  Path(ns)    Netlist Resource(s)
  -------------------------------------------------------------------    -------------------
                         (clock sysclk fall edge)    30.000    30.000 f  
    K17                                               0.000    30.000 f  sysclk (IN)
                         net (fo=0)                   0.000    30.000    sysclk
    K17                  IBUF (Prop_ibuf_I_O)         1.492    31.492 f  sysclk_IBUF_inst/O
                         net (fo=1, routed)           2.076    33.568    sysclk_IBUF
    BUFGCTRL_X0Y16       BUFG (Prop_bufg_I_O)         0.101    33.669 f  sysclk_IBUF_BUFG_inst/O
                         net (fo=1984, routed)        1.690    35.359    unified_memory_cpu/byte_write[1].BRAM_reg_0_0_3
    RAMB36_X1Y13         RAMB36E1                                     r  unified_memory_cpu/byte_write[1].BRAM_reg_2_1/CLKARDCLK  (IS_INVERTED)
  -------------------------------------------------------------------    -------------------
    RAMB36_X1Y13         RAMB36E1 (Prop_ramb36e1_CLKARDCLK_DOADO[3])
                                                      2.454    37.813 f  unified_memory_cpu/byte_write[1].BRAM_reg_2_1/DOADO[3]
                         net (fo=3, routed)           1.327    39.140    unified_memory_cpu/r_data[23]
    SLICE_X29Y69         LUT3 (Prop_lut3_I1_O)        0.152    39.292 f  unified_memory_cpu/byte_write[1].BRAM_reg_0_1_i_8/O
                         net (fo=8, routed)           0.743    40.035    unified_memory_cpu/mem_acc_in[23]
    SLICE_X30Y70         LUT5 (Prop_lut5_I2_O)        0.332    40.367 f  unified_memory_cpu/byte_write[1].BRAM_reg_1_0_i_17/O
                         net (fo=1, routed)           0.496    40.863    unified_memory_cpu/byte_write[1].BRAM_reg_1_0_i_17_n_0
    SLICE_X30Y70         LUT6 (Prop_lut6_I1_O)        0.124    40.987 f  unified_memory_cpu/byte_write[1].BRAM_reg_1_0_i_9/O
                         net (fo=10, routed)          0.690    41.677    unified_memory_cpu/byte_write[1].BRAM_reg_1_0_i_9_n_0
    SLICE_X29Y71         LUT6 (Prop_lut6_I4_O)        0.124    41.801 f  unified_memory_cpu/byte_write[1].BRAM_reg_1_1_i_1/O
                         net (fo=4, routed)           1.459    43.260    rf_write_select_mux_cpu/dinb[6]
    SLICE_X16Y85         LUT6 (Prop_lut6_I4_O)        0.124    43.384 f  rf_write_select_mux_cpu/i__carry__0_i_34/O
                         net (fo=1, routed)           0.292    43.676    rf_write_select_mux_cpu/i__carry__0_i_34_n_0
    SLICE_X17Y84         LUT6 (Prop_lut6_I0_O)        0.124    43.800 f  rf_write_select_mux_cpu/i__carry__0_i_25/O
                         net (fo=3, routed)           1.033    44.832    rf_write_select_mux_cpu/bypass_csr_ready_reg_1
    SLICE_X17Y78         LUT5 (Prop_lut5_I1_O)        0.150    44.982 f  rf_write_select_mux_cpu/i__carry__0_i_10/O
                         net (fo=7, routed)           0.937    45.919    rf_write_select_mux_cpu/i__carry__0_i_10_n_0
    SLICE_X25Y79         LUT4 (Prop_lut4_I0_O)        0.326    46.245 r  rf_write_select_mux_cpu/i__carry__0_i_1/O
                         net (fo=2, routed)           0.524    46.769    alu_cpu/comparison_unit_in_alu/comp_result_bf2_inferred__3/i__carry__1_0[3]
    SLICE_X22Y79         CARRY4 (Prop_carry4_DI[3]_CO[3])
                                                      0.385    47.154 r  alu_cpu/comparison_unit_in_alu/comp_result_bf2_inferred__3/i__carry__0/CO[3]
                         net (fo=1, routed)           0.000    47.154    alu_cpu/comparison_unit_in_alu/comp_result_bf2_inferred__3/i__carry__0_n_0
    SLICE_X22Y80         CARRY4 (Prop_carry4_CI_CO[3])
                                                      0.114    47.268 r  alu_cpu/comparison_unit_in_alu/comp_result_bf2_inferred__3/i__carry__1/CO[3]
                         net (fo=1, routed)           0.000    47.268    alu_cpu/comparison_unit_in_alu/comp_result_bf2_inferred__3/i__carry__1_n_0
    SLICE_X22Y81         CARRY4 (Prop_carry4_CI_CO[3])
                                                      0.114    47.382 f  alu_cpu/comparison_unit_in_alu/comp_result_bf2_inferred__3/i__carry__2/CO[3]
                         net (fo=1, routed)           0.912    48.294    rf_write_select_mux_cpu/make_nop_id_i_3_0[0]
    SLICE_X21Y78         LUT6 (Prop_lut6_I0_O)        0.124    48.418 f  rf_write_select_mux_cpu/make_nop_id_i_5/O
                         net (fo=1, routed)           0.154    48.572    rf_write_select_mux_cpu/make_nop_id_i_5_n_0
    SLICE_X21Y78         LUT5 (Prop_lut5_I4_O)        0.124    48.696 f  rf_write_select_mux_cpu/make_nop_id_i_3/O
                         net (fo=4, routed)           0.652    49.348    unified_memory_cpu/comp_result[0]
    SLICE_X13Y75         LUT6 (Prop_lut6_I5_O)        0.124    49.472 f  unified_memory_cpu/alu_result_bypass_buffer_ex[0]_i_4/O
                         net (fo=1, routed)           0.433    49.905    unified_memory_cpu/alu_result_bypass_buffer_ex[0]_i_4_n_0
    SLICE_X13Y75         LUT6 (Prop_lut6_I5_O)        0.124    50.029 f  unified_memory_cpu/alu_result_bypass_buffer_ex[0]_i_1/O
                         net (fo=19, routed)          1.114    51.142    unified_memory_cpu/D[0]
    SLICE_X24Y68         LUT6 (Prop_lut6_I1_O)        0.124    51.266 f  unified_memory_cpu/byte_write[1].BRAM_reg_0_i_24/O
                         net (fo=126, routed)         0.651    51.917    control_unit_cpu/spec_csr_registers_reg[5][31]
    SLICE_X14Y68         LUT6 (Prop_lut6_I4_O)        0.124    52.041 r  control_unit_cpu/spec_csr_registers[0][31]_i_5/O
                         net (fo=2, routed)           0.656    52.697    control_unit_cpu/spec_csr_registers[0][31]_i_5_n_0
    SLICE_X10Y68         LUT3 (Prop_lut3_I0_O)        0.124    52.821 r  control_unit_cpu/spec_csr_registers[0][31]_i_2/O
                         net (fo=4, routed)           0.668    53.489    control_unit_cpu/spec_csr_registers[0][31]_i_2_n_0
    SLICE_X11Y68         LUT3 (Prop_lut3_I0_O)        0.152    53.641 r  control_unit_cpu/spec_csr_registers[1][31]_i_3/O
                         net (fo=8, routed)           0.813    54.454    control_unit_cpu/spec_csr_registers[1][31]_i_3_n_0
    SLICE_X16Y68         LUT6 (Prop_lut6_I2_O)        0.332    54.786 r  control_unit_cpu/spec_csr_registers[7][31]_i_1/O
                         net (fo=32, routed)          1.108    55.894    csr_unit_cpu/spec_csr_registers_reg[7][31]_1[0]
    SLICE_X8Y78          FDRE                                         r  csr_unit_cpu/spec_csr_registers_reg[7][27]/CE
  -------------------------------------------------------------------    -------------------

                         (clock sysclk rise edge)    60.000    60.000 r  
    K17                                               0.000    60.000 r  sysclk (IN)
                         net (fo=0)                   0.000    60.000    sysclk
    K17                  IBUF (Prop_ibuf_I_O)         1.421    61.421 r  sysclk_IBUF_inst/O
                         net (fo=1, routed)           1.880    63.301    sysclk_IBUF
    BUFGCTRL_X0Y16       BUFG (Prop_bufg_I_O)         0.091    63.392 r  sysclk_IBUF_BUFG_inst/O
                         net (fo=1984, routed)        1.482    64.874    csr_unit_cpu/sysclk_IBUF_BUFG
    SLICE_X8Y78          FDRE                                         r  csr_unit_cpu/spec_csr_registers_reg[7][27]/C
                         clock pessimism              0.291    65.164    
                         clock uncertainty           -0.035    65.129    
    SLICE_X8Y78          FDRE (Setup_fdre_C_CE)      -0.169    64.960    csr_unit_cpu/spec_csr_registers_reg[7][27]
  -------------------------------------------------------------------
                         required time                         64.960    
                         arrival time                         -55.894    
  -------------------------------------------------------------------
                         slack                                  9.066    

Slack (MET) :             9.066ns  (required time - arrival time)
  Source:                 unified_memory_cpu/byte_write[1].BRAM_reg_2_1/CLKARDCLK
                            (falling edge-triggered cell RAMB36E1 clocked by sysclk  {rise@0.000ns fall@30.000ns period=60.000ns})
  Destination:            csr_unit_cpu/spec_csr_registers_reg[7][29]/CE
                            (rising edge-triggered cell FDRE clocked by sysclk  {rise@0.000ns fall@30.000ns period=60.000ns})
  Path Group:             sysclk
  Path Type:              Setup (Max at Slow Process Corner)
  Requirement:            30.000ns  (sysclk rise@60.000ns - sysclk fall@30.000ns)
  Data Path Delay:        20.535ns  (logic 5.875ns (28.610%)  route 14.660ns (71.390%))
  Logic Levels:           20  (CARRY4=3 LUT3=3 LUT4=1 LUT5=3 LUT6=10)
  Clock Path Skew:        -0.195ns (DCD - SCD + CPR)
    Destination Clock Delay (DCD):    4.874ns = ( 64.874 - 60.000 ) 
    Source Clock Delay      (SCD):    5.359ns = ( 35.359 - 30.000 ) 
    Clock Pessimism Removal (CPR):    0.291ns
  Clock Uncertainty:      0.035ns  ((TSJ^2 + TIJ^2)^1/2 + DJ) / 2 + PE
    Total System Jitter     (TSJ):    0.071ns
    Total Input Jitter      (TIJ):    0.000ns
    Discrete Jitter          (DJ):    0.000ns
    Phase Error              (PE):    0.000ns

    Location             Delay type                Incr(ns)  Path(ns)    Netlist Resource(s)
  -------------------------------------------------------------------    -------------------
                         (clock sysclk fall edge)    30.000    30.000 f  
    K17                                               0.000    30.000 f  sysclk (IN)
                         net (fo=0)                   0.000    30.000    sysclk
    K17                  IBUF (Prop_ibuf_I_O)         1.492    31.492 f  sysclk_IBUF_inst/O
                         net (fo=1, routed)           2.076    33.568    sysclk_IBUF
    BUFGCTRL_X0Y16       BUFG (Prop_bufg_I_O)         0.101    33.669 f  sysclk_IBUF_BUFG_inst/O
                         net (fo=1984, routed)        1.690    35.359    unified_memory_cpu/byte_write[1].BRAM_reg_0_0_3
    RAMB36_X1Y13         RAMB36E1                                     r  unified_memory_cpu/byte_write[1].BRAM_reg_2_1/CLKARDCLK  (IS_INVERTED)
  -------------------------------------------------------------------    -------------------
    RAMB36_X1Y13         RAMB36E1 (Prop_ramb36e1_CLKARDCLK_DOADO[3])
                                                      2.454    37.813 f  unified_memory_cpu/byte_write[1].BRAM_reg_2_1/DOADO[3]
                         net (fo=3, routed)           1.327    39.140    unified_memory_cpu/r_data[23]
    SLICE_X29Y69         LUT3 (Prop_lut3_I1_O)        0.152    39.292 f  unified_memory_cpu/byte_write[1].BRAM_reg_0_1_i_8/O
                         net (fo=8, routed)           0.743    40.035    unified_memory_cpu/mem_acc_in[23]
    SLICE_X30Y70         LUT5 (Prop_lut5_I2_O)        0.332    40.367 f  unified_memory_cpu/byte_write[1].BRAM_reg_1_0_i_17/O
                         net (fo=1, routed)           0.496    40.863    unified_memory_cpu/byte_write[1].BRAM_reg_1_0_i_17_n_0
    SLICE_X30Y70         LUT6 (Prop_lut6_I1_O)        0.124    40.987 f  unified_memory_cpu/byte_write[1].BRAM_reg_1_0_i_9/O
                         net (fo=10, routed)          0.690    41.677    unified_memory_cpu/byte_write[1].BRAM_reg_1_0_i_9_n_0
    SLICE_X29Y71         LUT6 (Prop_lut6_I4_O)        0.124    41.801 f  unified_memory_cpu/byte_write[1].BRAM_reg_1_1_i_1/O
                         net (fo=4, routed)           1.459    43.260    rf_write_select_mux_cpu/dinb[6]
    SLICE_X16Y85         LUT6 (Prop_lut6_I4_O)        0.124    43.384 f  rf_write_select_mux_cpu/i__carry__0_i_34/O
                         net (fo=1, routed)           0.292    43.676    rf_write_select_mux_cpu/i__carry__0_i_34_n_0
    SLICE_X17Y84         LUT6 (Prop_lut6_I0_O)        0.124    43.800 f  rf_write_select_mux_cpu/i__carry__0_i_25/O
                         net (fo=3, routed)           1.033    44.832    rf_write_select_mux_cpu/bypass_csr_ready_reg_1
    SLICE_X17Y78         LUT5 (Prop_lut5_I1_O)        0.150    44.982 f  rf_write_select_mux_cpu/i__carry__0_i_10/O
                         net (fo=7, routed)           0.937    45.919    rf_write_select_mux_cpu/i__carry__0_i_10_n_0
    SLICE_X25Y79         LUT4 (Prop_lut4_I0_O)        0.326    46.245 r  rf_write_select_mux_cpu/i__carry__0_i_1/O
                         net (fo=2, routed)           0.524    46.769    alu_cpu/comparison_unit_in_alu/comp_result_bf2_inferred__3/i__carry__1_0[3]
    SLICE_X22Y79         CARRY4 (Prop_carry4_DI[3]_CO[3])
                                                      0.385    47.154 r  alu_cpu/comparison_unit_in_alu/comp_result_bf2_inferred__3/i__carry__0/CO[3]
                         net (fo=1, routed)           0.000    47.154    alu_cpu/comparison_unit_in_alu/comp_result_bf2_inferred__3/i__carry__0_n_0
    SLICE_X22Y80         CARRY4 (Prop_carry4_CI_CO[3])
                                                      0.114    47.268 r  alu_cpu/comparison_unit_in_alu/comp_result_bf2_inferred__3/i__carry__1/CO[3]
                         net (fo=1, routed)           0.000    47.268    alu_cpu/comparison_unit_in_alu/comp_result_bf2_inferred__3/i__carry__1_n_0
    SLICE_X22Y81         CARRY4 (Prop_carry4_CI_CO[3])
                                                      0.114    47.382 f  alu_cpu/comparison_unit_in_alu/comp_result_bf2_inferred__3/i__carry__2/CO[3]
                         net (fo=1, routed)           0.912    48.294    rf_write_select_mux_cpu/make_nop_id_i_3_0[0]
    SLICE_X21Y78         LUT6 (Prop_lut6_I0_O)        0.124    48.418 f  rf_write_select_mux_cpu/make_nop_id_i_5/O
                         net (fo=1, routed)           0.154    48.572    rf_write_select_mux_cpu/make_nop_id_i_5_n_0
    SLICE_X21Y78         LUT5 (Prop_lut5_I4_O)        0.124    48.696 f  rf_write_select_mux_cpu/make_nop_id_i_3/O
                         net (fo=4, routed)           0.652    49.348    unified_memory_cpu/comp_result[0]
    SLICE_X13Y75         LUT6 (Prop_lut6_I5_O)        0.124    49.472 f  unified_memory_cpu/alu_result_bypass_buffer_ex[0]_i_4/O
                         net (fo=1, routed)           0.433    49.905    unified_memory_cpu/alu_result_bypass_buffer_ex[0]_i_4_n_0
    SLICE_X13Y75         LUT6 (Prop_lut6_I5_O)        0.124    50.029 f  unified_memory_cpu/alu_result_bypass_buffer_ex[0]_i_1/O
                         net (fo=19, routed)          1.114    51.142    unified_memory_cpu/D[0]
    SLICE_X24Y68         LUT6 (Prop_lut6_I1_O)        0.124    51.266 f  unified_memory_cpu/byte_write[1].BRAM_reg_0_i_24/O
                         net (fo=126, routed)         0.651    51.917    control_unit_cpu/spec_csr_registers_reg[5][31]
    SLICE_X14Y68         LUT6 (Prop_lut6_I4_O)        0.124    52.041 r  control_unit_cpu/spec_csr_registers[0][31]_i_5/O
                         net (fo=2, routed)           0.656    52.697    control_unit_cpu/spec_csr_registers[0][31]_i_5_n_0
    SLICE_X10Y68         LUT3 (Prop_lut3_I0_O)        0.124    52.821 r  control_unit_cpu/spec_csr_registers[0][31]_i_2/O
                         net (fo=4, routed)           0.668    53.489    control_unit_cpu/spec_csr_registers[0][31]_i_2_n_0
    SLICE_X11Y68         LUT3 (Prop_lut3_I0_O)        0.152    53.641 r  control_unit_cpu/spec_csr_registers[1][31]_i_3/O
                         net (fo=8, routed)           0.813    54.454    control_unit_cpu/spec_csr_registers[1][31]_i_3_n_0
    SLICE_X16Y68         LUT6 (Prop_lut6_I2_O)        0.332    54.786 r  control_unit_cpu/spec_csr_registers[7][31]_i_1/O
                         net (fo=32, routed)          1.108    55.894    csr_unit_cpu/spec_csr_registers_reg[7][31]_1[0]
    SLICE_X8Y78          FDRE                                         r  csr_unit_cpu/spec_csr_registers_reg[7][29]/CE
  -------------------------------------------------------------------    -------------------

                         (clock sysclk rise edge)    60.000    60.000 r  
    K17                                               0.000    60.000 r  sysclk (IN)
                         net (fo=0)                   0.000    60.000    sysclk
    K17                  IBUF (Prop_ibuf_I_O)         1.421    61.421 r  sysclk_IBUF_inst/O
                         net (fo=1, routed)           1.880    63.301    sysclk_IBUF
    BUFGCTRL_X0Y16       BUFG (Prop_bufg_I_O)         0.091    63.392 r  sysclk_IBUF_BUFG_inst/O
                         net (fo=1984, routed)        1.482    64.874    csr_unit_cpu/sysclk_IBUF_BUFG
    SLICE_X8Y78          FDRE                                         r  csr_unit_cpu/spec_csr_registers_reg[7][29]/C
                         clock pessimism              0.291    65.164    
                         clock uncertainty           -0.035    65.129    
    SLICE_X8Y78          FDRE (Setup_fdre_C_CE)      -0.169    64.960    csr_unit_cpu/spec_csr_registers_reg[7][29]
  -------------------------------------------------------------------
                         required time                         64.960    
                         arrival time                         -55.894    
  -------------------------------------------------------------------
                         slack                                  9.066    

Slack (MET) :             9.073ns  (required time - arrival time)
  Source:                 unified_memory_cpu/byte_write[1].BRAM_reg_2_1/CLKARDCLK
                            (falling edge-triggered cell RAMB36E1 clocked by sysclk  {rise@0.000ns fall@30.000ns period=60.000ns})
  Destination:            csr_unit_cpu/spec_csr_registers_reg[1][7]/D
                            (rising edge-triggered cell FDRE clocked by sysclk  {rise@0.000ns fall@30.000ns period=60.000ns})
  Path Group:             sysclk
  Path Type:              Setup (Max at Slow Process Corner)
  Requirement:            30.000ns  (sysclk rise@60.000ns - sysclk fall@30.000ns)
  Data Path Delay:        20.682ns  (logic 5.515ns (26.666%)  route 15.167ns (73.334%))
  Logic Levels:           19  (CARRY4=3 LUT3=2 LUT4=2 LUT5=4 LUT6=8)
  Clock Path Skew:        -0.194ns (DCD - SCD + CPR)
    Destination Clock Delay (DCD):    4.875ns = ( 64.875 - 60.000 ) 
    Source Clock Delay      (SCD):    5.359ns = ( 35.359 - 30.000 ) 
    Clock Pessimism Removal (CPR):    0.291ns
  Clock Uncertainty:      0.035ns  ((TSJ^2 + TIJ^2)^1/2 + DJ) / 2 + PE
    Total System Jitter     (TSJ):    0.071ns
    Total Input Jitter      (TIJ):    0.000ns
    Discrete Jitter          (DJ):    0.000ns
    Phase Error              (PE):    0.000ns

    Location             Delay type                Incr(ns)  Path(ns)    Netlist Resource(s)
  -------------------------------------------------------------------    -------------------
                         (clock sysclk fall edge)    30.000    30.000 f  
    K17                                               0.000    30.000 f  sysclk (IN)
                         net (fo=0)                   0.000    30.000    sysclk
    K17                  IBUF (Prop_ibuf_I_O)         1.492    31.492 f  sysclk_IBUF_inst/O
                         net (fo=1, routed)           2.076    33.568    sysclk_IBUF
    BUFGCTRL_X0Y16       BUFG (Prop_bufg_I_O)         0.101    33.669 f  sysclk_IBUF_BUFG_inst/O
                         net (fo=1984, routed)        1.690    35.359    unified_memory_cpu/byte_write[1].BRAM_reg_0_0_3
    RAMB36_X1Y13         RAMB36E1                                     r  unified_memory_cpu/byte_write[1].BRAM_reg_2_1/CLKARDCLK  (IS_INVERTED)
  -------------------------------------------------------------------    -------------------
    RAMB36_X1Y13         RAMB36E1 (Prop_ramb36e1_CLKARDCLK_DOADO[3])
                                                      2.454    37.813 f  unified_memory_cpu/byte_write[1].BRAM_reg_2_1/DOADO[3]
                         net (fo=3, routed)           1.327    39.140    unified_memory_cpu/r_data[23]
    SLICE_X29Y69         LUT3 (Prop_lut3_I1_O)        0.152    39.292 f  unified_memory_cpu/byte_write[1].BRAM_reg_0_1_i_8/O
                         net (fo=8, routed)           0.743    40.035    unified_memory_cpu/mem_acc_in[23]
    SLICE_X30Y70         LUT5 (Prop_lut5_I2_O)        0.332    40.367 f  unified_memory_cpu/byte_write[1].BRAM_reg_1_0_i_17/O
                         net (fo=1, routed)           0.496    40.863    unified_memory_cpu/byte_write[1].BRAM_reg_1_0_i_17_n_0
    SLICE_X30Y70         LUT6 (Prop_lut6_I1_O)        0.124    40.987 f  unified_memory_cpu/byte_write[1].BRAM_reg_1_0_i_9/O
                         net (fo=10, routed)          0.690    41.677    unified_memory_cpu/byte_write[1].BRAM_reg_1_0_i_9_n_0
    SLICE_X29Y71         LUT6 (Prop_lut6_I4_O)        0.124    41.801 f  unified_memory_cpu/byte_write[1].BRAM_reg_1_1_i_1/O
                         net (fo=4, routed)           1.459    43.260    rf_write_select_mux_cpu/dinb[6]
    SLICE_X16Y85         LUT6 (Prop_lut6_I4_O)        0.124    43.384 f  rf_write_select_mux_cpu/i__carry__0_i_34/O
                         net (fo=1, routed)           0.292    43.676    rf_write_select_mux_cpu/i__carry__0_i_34_n_0
    SLICE_X17Y84         LUT6 (Prop_lut6_I0_O)        0.124    43.800 f  rf_write_select_mux_cpu/i__carry__0_i_25/O
                         net (fo=3, routed)           1.033    44.832    rf_write_select_mux_cpu/bypass_csr_ready_reg_1
    SLICE_X17Y78         LUT5 (Prop_lut5_I1_O)        0.150    44.982 f  rf_write_select_mux_cpu/i__carry__0_i_10/O
                         net (fo=7, routed)           0.937    45.919    rf_write_select_mux_cpu/i__carry__0_i_10_n_0
    SLICE_X25Y79         LUT4 (Prop_lut4_I0_O)        0.326    46.245 r  rf_write_select_mux_cpu/i__carry__0_i_1/O
                         net (fo=2, routed)           0.524    46.769    alu_cpu/comparison_unit_in_alu/comp_result_bf2_inferred__3/i__carry__1_0[3]
    SLICE_X22Y79         CARRY4 (Prop_carry4_DI[3]_CO[3])
                                                      0.385    47.154 r  alu_cpu/comparison_unit_in_alu/comp_result_bf2_inferred__3/i__carry__0/CO[3]
                         net (fo=1, routed)           0.000    47.154    alu_cpu/comparison_unit_in_alu/comp_result_bf2_inferred__3/i__carry__0_n_0
    SLICE_X22Y80         CARRY4 (Prop_carry4_CI_CO[3])
                                                      0.114    47.268 r  alu_cpu/comparison_unit_in_alu/comp_result_bf2_inferred__3/i__carry__1/CO[3]
                         net (fo=1, routed)           0.000    47.268    alu_cpu/comparison_unit_in_alu/comp_result_bf2_inferred__3/i__carry__1_n_0
    SLICE_X22Y81         CARRY4 (Prop_carry4_CI_CO[3])
                                                      0.114    47.382 r  alu_cpu/comparison_unit_in_alu/comp_result_bf2_inferred__3/i__carry__2/CO[3]
                         net (fo=1, routed)           0.912    48.294    rf_write_select_mux_cpu/make_nop_id_i_3_0[0]
    SLICE_X21Y78         LUT6 (Prop_lut6_I0_O)        0.124    48.418 r  rf_write_select_mux_cpu/make_nop_id_i_5/O
                         net (fo=1, routed)           0.154    48.572    rf_write_select_mux_cpu/make_nop_id_i_5_n_0
    SLICE_X21Y78         LUT5 (Prop_lut5_I4_O)        0.124    48.696 r  rf_write_select_mux_cpu/make_nop_id_i_3/O
                         net (fo=4, routed)           0.652    49.348    unified_memory_cpu/comp_result[0]
    SLICE_X13Y75         LUT6 (Prop_lut6_I5_O)        0.124    49.472 r  unified_memory_cpu/alu_result_bypass_buffer_ex[0]_i_4/O
                         net (fo=1, routed)           0.433    49.905    unified_memory_cpu/alu_result_bypass_buffer_ex[0]_i_4_n_0
    SLICE_X13Y75         LUT6 (Prop_lut6_I5_O)        0.124    50.029 r  unified_memory_cpu/alu_result_bypass_buffer_ex[0]_i_1/O
                         net (fo=19, routed)          1.114    51.142    unified_memory_cpu/D[0]
    SLICE_X24Y68         LUT6 (Prop_lut6_I1_O)        0.124    51.266 r  unified_memory_cpu/byte_write[1].BRAM_reg_0_i_24/O
                         net (fo=126, routed)         1.803    53.070    control_unit_cpu/spec_csr_registers_reg[5][31]
    SLICE_X9Y73          LUT3 (Prop_lut3_I1_O)        0.124    53.194 r  control_unit_cpu/byte_write[1].BRAM_reg_0_i_26/O
                         net (fo=92, routed)          1.007    54.201    control_unit_cpu/byte_write[1].BRAM_reg_0_i_26_n_0
    SLICE_X14Y72         LUT4 (Prop_lut4_I0_O)        0.124    54.325 r  control_unit_cpu/byte_write[1].BRAM_reg_0_i_15/O
                         net (fo=7, routed)           0.984    55.309    control_unit_cpu/dinb[7]
    SLICE_X10Y70         LUT5 (Prop_lut5_I0_O)        0.124    55.433 r  control_unit_cpu/spec_csr_registers[1][7]_i_1/O
                         net (fo=1, routed)           0.608    56.041    csr_unit_cpu/spec_csr_registers_reg[1][7]_0
    SLICE_X10Y70         FDRE                                         r  csr_unit_cpu/spec_csr_registers_reg[1][7]/D
  -------------------------------------------------------------------    -------------------

                         (clock sysclk rise edge)    60.000    60.000 r  
    K17                                               0.000    60.000 r  sysclk (IN)
                         net (fo=0)                   0.000    60.000    sysclk
    K17                  IBUF (Prop_ibuf_I_O)         1.421    61.421 r  sysclk_IBUF_inst/O
                         net (fo=1, routed)           1.880    63.301    sysclk_IBUF
    BUFGCTRL_X0Y16       BUFG (Prop_bufg_I_O)         0.091    63.392 r  sysclk_IBUF_BUFG_inst/O
                         net (fo=1984, routed)        1.483    64.875    csr_unit_cpu/sysclk_IBUF_BUFG
    SLICE_X10Y70         FDRE                                         r  csr_unit_cpu/spec_csr_registers_reg[1][7]/C
                         clock pessimism              0.291    65.165    
                         clock uncertainty           -0.035    65.130    
    SLICE_X10Y70         FDRE (Setup_fdre_C_D)       -0.016    65.114    csr_unit_cpu/spec_csr_registers_reg[1][7]
  -------------------------------------------------------------------
                         required time                         65.114    
                         arrival time                         -56.041    
  -------------------------------------------------------------------
                         slack                                  9.073    





Min Delay Paths
--------------------------------------------------------------------------------------
Slack (MET) :             0.024ns  (arrival time - required time)
  Source:                 control_unit_cpu/csr_addr_id_reg[2]/C
                            (rising edge-triggered cell FDRE clocked by sysclk  {rise@0.000ns fall@30.000ns period=60.000ns})
  Destination:            control_unit_cpu/csr_addr_ex_reg[2]/D
                            (rising edge-triggered cell FDRE clocked by sysclk  {rise@0.000ns fall@30.000ns period=60.000ns})
  Path Group:             sysclk
  Path Type:              Hold (Min at Fast Process Corner)
  Requirement:            0.000ns  (sysclk rise@0.000ns - sysclk rise@0.000ns)
  Data Path Delay:        0.359ns  (logic 0.141ns (39.265%)  route 0.218ns (60.735%))
  Logic Levels:           0  
  Clock Path Skew:        0.265ns (DCD - SCD - CPR)
    Destination Clock Delay (DCD):    1.978ns
    Source Clock Delay      (SCD):    1.461ns
    Clock Pessimism Removal (CPR):    0.252ns

    Location             Delay type                Incr(ns)  Path(ns)    Netlist Resource(s)
  -------------------------------------------------------------------    -------------------
                         (clock sysclk rise edge)     0.000     0.000 r  
    K17                                               0.000     0.000 r  sysclk (IN)
                         net (fo=0)                   0.000     0.000    sysclk
    K17                  IBUF (Prop_ibuf_I_O)         0.259     0.259 r  sysclk_IBUF_inst/O
                         net (fo=1, routed)           0.627     0.887    sysclk_IBUF
    BUFGCTRL_X0Y16       BUFG (Prop_bufg_I_O)         0.026     0.913 r  sysclk_IBUF_BUFG_inst/O
                         net (fo=1984, routed)        0.549     1.461    control_unit_cpu/sysclk_IBUF_BUFG
    SLICE_X23Y68         FDRE                                         r  control_unit_cpu/csr_addr_id_reg[2]/C
  -------------------------------------------------------------------    -------------------
    SLICE_X23Y68         FDRE (Prop_fdre_C_Q)         0.141     1.602 r  control_unit_cpu/csr_addr_id_reg[2]/Q
                         net (fo=1, routed)           0.218     1.820    control_unit_cpu/csr_addr_id[2]
    SLICE_X17Y68         FDRE                                         r  control_unit_cpu/csr_addr_ex_reg[2]/D
  -------------------------------------------------------------------    -------------------

                         (clock sysclk rise edge)     0.000     0.000 r  
    K17                                               0.000     0.000 r  sysclk (IN)
                         net (fo=0)                   0.000     0.000    sysclk
    K17                  IBUF (Prop_ibuf_I_O)         0.447     0.447 r  sysclk_IBUF_inst/O
                         net (fo=1, routed)           0.683     1.130    sysclk_IBUF
    BUFGCTRL_X0Y16       BUFG (Prop_bufg_I_O)         0.029     1.159 r  sysclk_IBUF_BUFG_inst/O
                         net (fo=1984, routed)        0.819     1.978    control_unit_cpu/sysclk_IBUF_BUFG
    SLICE_X17Y68         FDRE                                         r  control_unit_cpu/csr_addr_ex_reg[2]/C
                         clock pessimism             -0.252     1.727    
    SLICE_X17Y68         FDRE (Hold_fdre_C_D)         0.070     1.797    control_unit_cpu/csr_addr_ex_reg[2]
  -------------------------------------------------------------------
                         required time                         -1.797    
                         arrival time                           1.820    
  -------------------------------------------------------------------
                         slack                                  0.024    

Slack (MET) :             0.036ns  (arrival time - required time)
  Source:                 control_unit_cpu/csr_addr_id_reg[8]/C
                            (rising edge-triggered cell FDRE clocked by sysclk  {rise@0.000ns fall@30.000ns period=60.000ns})
  Destination:            control_unit_cpu/csr_addr_ex_reg[8]/D
                            (rising edge-triggered cell FDRE clocked by sysclk  {rise@0.000ns fall@30.000ns period=60.000ns})
  Path Group:             sysclk
  Path Type:              Hold (Min at Fast Process Corner)
  Requirement:            0.000ns  (sysclk rise@0.000ns - sysclk rise@0.000ns)
  Data Path Delay:        0.318ns  (logic 0.128ns (40.245%)  route 0.190ns (59.755%))
  Logic Levels:           0  
  Clock Path Skew:        0.265ns (DCD - SCD - CPR)
    Destination Clock Delay (DCD):    1.978ns
    Source Clock Delay      (SCD):    1.461ns
    Clock Pessimism Removal (CPR):    0.252ns

    Location             Delay type                Incr(ns)  Path(ns)    Netlist Resource(s)
  -------------------------------------------------------------------    -------------------
                         (clock sysclk rise edge)     0.000     0.000 r  
    K17                                               0.000     0.000 r  sysclk (IN)
                         net (fo=0)                   0.000     0.000    sysclk
    K17                  IBUF (Prop_ibuf_I_O)         0.259     0.259 r  sysclk_IBUF_inst/O
                         net (fo=1, routed)           0.627     0.887    sysclk_IBUF
    BUFGCTRL_X0Y16       BUFG (Prop_bufg_I_O)         0.026     0.913 r  sysclk_IBUF_BUFG_inst/O
                         net (fo=1984, routed)        0.549     1.461    control_unit_cpu/sysclk_IBUF_BUFG
    SLICE_X22Y68         FDRE                                         r  control_unit_cpu/csr_addr_id_reg[8]/C
  -------------------------------------------------------------------    -------------------
    SLICE_X22Y68         FDRE (Prop_fdre_C_Q)         0.128     1.589 r  control_unit_cpu/csr_addr_id_reg[8]/Q
                         net (fo=1, routed)           0.190     1.779    control_unit_cpu/csr_addr_id[8]
    SLICE_X18Y68         FDRE                                         r  control_unit_cpu/csr_addr_ex_reg[8]/D
  -------------------------------------------------------------------    -------------------

                         (clock sysclk rise edge)     0.000     0.000 r  
    K17                                               0.000     0.000 r  sysclk (IN)
                         net (fo=0)                   0.000     0.000    sysclk
    K17                  IBUF (Prop_ibuf_I_O)         0.447     0.447 r  sysclk_IBUF_inst/O
                         net (fo=1, routed)           0.683     1.130    sysclk_IBUF
    BUFGCTRL_X0Y16       BUFG (Prop_bufg_I_O)         0.029     1.159 r  sysclk_IBUF_BUFG_inst/O
                         net (fo=1984, routed)        0.819     1.978    control_unit_cpu/sysclk_IBUF_BUFG
    SLICE_X18Y68         FDRE                                         r  control_unit_cpu/csr_addr_ex_reg[8]/C
                         clock pessimism             -0.252     1.727    
    SLICE_X18Y68         FDRE (Hold_fdre_C_D)         0.017     1.744    control_unit_cpu/csr_addr_ex_reg[8]
  -------------------------------------------------------------------
                         required time                         -1.744    
                         arrival time                           1.779    
  -------------------------------------------------------------------
                         slack                                  0.036    

Slack (MET) :             0.038ns  (arrival time - required time)
  Source:                 control_unit_cpu/csr_addr_id_reg[1]/C
                            (rising edge-triggered cell FDRE clocked by sysclk  {rise@0.000ns fall@30.000ns period=60.000ns})
  Destination:            control_unit_cpu/csr_addr_ex_reg[1]/D
                            (rising edge-triggered cell FDRE clocked by sysclk  {rise@0.000ns fall@30.000ns period=60.000ns})
  Path Group:             sysclk
  Path Type:              Hold (Min at Fast Process Corner)
  Requirement:            0.000ns  (sysclk rise@0.000ns - sysclk rise@0.000ns)
  Data Path Delay:        0.372ns  (logic 0.141ns (37.940%)  route 0.231ns (62.060%))
  Logic Levels:           0  
  Clock Path Skew:        0.267ns (DCD - SCD - CPR)
    Destination Clock Delay (DCD):    1.978ns
    Source Clock Delay      (SCD):    1.459ns
    Clock Pessimism Removal (CPR):    0.252ns

    Location             Delay type                Incr(ns)  Path(ns)    Netlist Resource(s)
  -------------------------------------------------------------------    -------------------
                         (clock sysclk rise edge)     0.000     0.000 r  
    K17                                               0.000     0.000 r  sysclk (IN)
                         net (fo=0)                   0.000     0.000    sysclk
    K17                  IBUF (Prop_ibuf_I_O)         0.259     0.259 r  sysclk_IBUF_inst/O
                         net (fo=1, routed)           0.627     0.887    sysclk_IBUF
    BUFGCTRL_X0Y16       BUFG (Prop_bufg_I_O)         0.026     0.913 r  sysclk_IBUF_BUFG_inst/O
                         net (fo=1984, routed)        0.547     1.459    control_unit_cpu/sysclk_IBUF_BUFG
    SLICE_X22Y70         FDRE                                         r  control_unit_cpu/csr_addr_id_reg[1]/C
  -------------------------------------------------------------------    -------------------
    SLICE_X22Y70         FDRE (Prop_fdre_C_Q)         0.141     1.600 r  control_unit_cpu/csr_addr_id_reg[1]/Q
                         net (fo=1, routed)           0.231     1.831    control_unit_cpu/csr_addr_id[1]
    SLICE_X18Y68         FDRE                                         r  control_unit_cpu/csr_addr_ex_reg[1]/D
  -------------------------------------------------------------------    -------------------

                         (clock sysclk rise edge)     0.000     0.000 r  
    K17                                               0.000     0.000 r  sysclk (IN)
                         net (fo=0)                   0.000     0.000    sysclk
    K17                  IBUF (Prop_ibuf_I_O)         0.447     0.447 r  sysclk_IBUF_inst/O
                         net (fo=1, routed)           0.683     1.130    sysclk_IBUF
    BUFGCTRL_X0Y16       BUFG (Prop_bufg_I_O)         0.029     1.159 r  sysclk_IBUF_BUFG_inst/O
                         net (fo=1984, routed)        0.819     1.978    control_unit_cpu/sysclk_IBUF_BUFG
    SLICE_X18Y68         FDRE                                         r  control_unit_cpu/csr_addr_ex_reg[1]/C
                         clock pessimism             -0.252     1.727    
    SLICE_X18Y68         FDRE (Hold_fdre_C_D)         0.066     1.793    control_unit_cpu/csr_addr_ex_reg[1]
  -------------------------------------------------------------------
                         required time                         -1.793    
                         arrival time                           1.831    
  -------------------------------------------------------------------
                         slack                                  0.038    

Slack (MET) :             0.040ns  (arrival time - required time)
  Source:                 control_unit_cpu/csr_addr_id_reg[10]/C
                            (rising edge-triggered cell FDRE clocked by sysclk  {rise@0.000ns fall@30.000ns period=60.000ns})
  Destination:            control_unit_cpu/csr_addr_ex_reg[10]/D
                            (rising edge-triggered cell FDRE clocked by sysclk  {rise@0.000ns fall@30.000ns period=60.000ns})
  Path Group:             sysclk
  Path Type:              Hold (Min at Fast Process Corner)
  Requirement:            0.000ns  (sysclk rise@0.000ns - sysclk rise@0.000ns)
  Data Path Delay:        0.377ns  (logic 0.141ns (37.351%)  route 0.236ns (62.649%))
  Logic Levels:           0  
  Clock Path Skew:        0.267ns (DCD - SCD - CPR)
    Destination Clock Delay (DCD):    1.979ns
    Source Clock Delay      (SCD):    1.460ns
    Clock Pessimism Removal (CPR):    0.252ns

    Location             Delay type                Incr(ns)  Path(ns)    Netlist Resource(s)
  -------------------------------------------------------------------    -------------------
                         (clock sysclk rise edge)     0.000     0.000 r  
    K17                                               0.000     0.000 r  sysclk (IN)
                         net (fo=0)                   0.000     0.000    sysclk
    K17                  IBUF (Prop_ibuf_I_O)         0.259     0.259 r  sysclk_IBUF_inst/O
                         net (fo=1, routed)           0.627     0.887    sysclk_IBUF
    BUFGCTRL_X0Y16       BUFG (Prop_bufg_I_O)         0.026     0.913 r  sysclk_IBUF_BUFG_inst/O
                         net (fo=1984, routed)        0.548     1.460    control_unit_cpu/sysclk_IBUF_BUFG
    SLICE_X22Y69         FDRE                                         r  control_unit_cpu/csr_addr_id_reg[10]/C
  -------------------------------------------------------------------    -------------------
    SLICE_X22Y69         FDRE (Prop_fdre_C_Q)         0.141     1.601 r  control_unit_cpu/csr_addr_id_reg[10]/Q
                         net (fo=1, routed)           0.236     1.838    control_unit_cpu/csr_addr_id[10]
    SLICE_X18Y67         FDRE                                         r  control_unit_cpu/csr_addr_ex_reg[10]/D
  -------------------------------------------------------------------    -------------------

                         (clock sysclk rise edge)     0.000     0.000 r  
    K17                                               0.000     0.000 r  sysclk (IN)
                         net (fo=0)                   0.000     0.000    sysclk
    K17                  IBUF (Prop_ibuf_I_O)         0.447     0.447 r  sysclk_IBUF_inst/O
                         net (fo=1, routed)           0.683     1.130    sysclk_IBUF
    BUFGCTRL_X0Y16       BUFG (Prop_bufg_I_O)         0.029     1.159 r  sysclk_IBUF_BUFG_inst/O
                         net (fo=1984, routed)        0.820     1.979    control_unit_cpu/sysclk_IBUF_BUFG
    SLICE_X18Y67         FDRE                                         r  control_unit_cpu/csr_addr_ex_reg[10]/C
                         clock pessimism             -0.252     1.728    
    SLICE_X18Y67         FDRE (Hold_fdre_C_D)         0.070     1.798    control_unit_cpu/csr_addr_ex_reg[10]
  -------------------------------------------------------------------
                         required time                         -1.798    
                         arrival time                           1.838    
  -------------------------------------------------------------------
                         slack                                  0.040    

Slack (MET) :             0.061ns  (arrival time - required time)
  Source:                 control_unit_cpu/csr_op_ex_reg[0]/C
                            (rising edge-triggered cell FDRE clocked by sysclk  {rise@0.000ns fall@30.000ns period=60.000ns})
  Destination:            csr_unit_cpu/spec_csr_registers_reg[9][8]/D
                            (rising edge-triggered cell FDRE clocked by sysclk  {rise@0.000ns fall@30.000ns period=60.000ns})
  Path Group:             sysclk
  Path Type:              Hold (Min at Fast Process Corner)
  Requirement:            0.000ns  (sysclk rise@0.000ns - sysclk rise@0.000ns)
  Data Path Delay:        0.417ns  (logic 0.186ns (44.613%)  route 0.231ns (55.387%))
  Logic Levels:           1  (LUT6=1)
  Clock Path Skew:        0.264ns (DCD - SCD - CPR)
    Destination Clock Delay (DCD):    1.976ns
    Source Clock Delay      (SCD):    1.460ns
    Clock Pessimism Removal (CPR):    0.252ns

    Location             Delay type                Incr(ns)  Path(ns)    Netlist Resource(s)
  -------------------------------------------------------------------    -------------------
                         (clock sysclk rise edge)     0.000     0.000 r  
    K17                                               0.000     0.000 r  sysclk (IN)
                         net (fo=0)                   0.000     0.000    sysclk
    K17                  IBUF (Prop_ibuf_I_O)         0.259     0.259 r  sysclk_IBUF_inst/O
                         net (fo=1, routed)           0.627     0.887    sysclk_IBUF
    BUFGCTRL_X0Y16       BUFG (Prop_bufg_I_O)         0.026     0.913 r  sysclk_IBUF_BUFG_inst/O
                         net (fo=1984, routed)        0.548     1.460    control_unit_cpu/sysclk_IBUF_BUFG
    SLICE_X23Y69         FDRE                                         r  control_unit_cpu/csr_op_ex_reg[0]/C
  -------------------------------------------------------------------    -------------------
    SLICE_X23Y69         FDRE (Prop_fdre_C_Q)         0.141     1.601 f  control_unit_cpu/csr_op_ex_reg[0]/Q
                         net (fo=46, routed)          0.231     1.832    control_unit_cpu/csr_op_ex[0]
    SLICE_X19Y70         LUT6 (Prop_lut6_I2_O)        0.045     1.877 r  control_unit_cpu/spec_csr_registers[9][8]_i_1/O
                         net (fo=1, routed)           0.000     1.877    csr_unit_cpu/spec_csr_registers_reg[9][31]_2[8]
    SLICE_X19Y70         FDRE                                         r  csr_unit_cpu/spec_csr_registers_reg[9][8]/D
  -------------------------------------------------------------------    -------------------

                         (clock sysclk rise edge)     0.000     0.000 r  
    K17                                               0.000     0.000 r  sysclk (IN)
                         net (fo=0)                   0.000     0.000    sysclk
    K17                  IBUF (Prop_ibuf_I_O)         0.447     0.447 r  sysclk_IBUF_inst/O
                         net (fo=1, routed)           0.683     1.130    sysclk_IBUF
    BUFGCTRL_X0Y16       BUFG (Prop_bufg_I_O)         0.029     1.159 r  sysclk_IBUF_BUFG_inst/O
                         net (fo=1984, routed)        0.817     1.976    csr_unit_cpu/sysclk_IBUF_BUFG
    SLICE_X19Y70         FDRE                                         r  csr_unit_cpu/spec_csr_registers_reg[9][8]/C
                         clock pessimism             -0.252     1.725    
    SLICE_X19Y70         FDRE (Hold_fdre_C_D)         0.092     1.817    csr_unit_cpu/spec_csr_registers_reg[9][8]
  -------------------------------------------------------------------
                         required time                         -1.817    
                         arrival time                           1.877    
  -------------------------------------------------------------------
                         slack                                  0.061    

Slack (MET) :             0.061ns  (arrival time - required time)
  Source:                 pc_counter_cpu/pc_reg[27]/C
                            (rising edge-triggered cell FDRE clocked by sysclk  {rise@0.000ns fall@30.000ns period=60.000ns})
  Destination:            pc_id_reg[27]/D
                            (rising edge-triggered cell FDRE clocked by sysclk  {rise@0.000ns fall@30.000ns period=60.000ns})
  Path Group:             sysclk
  Path Type:              Hold (Min at Fast Process Corner)
  Requirement:            0.000ns  (sysclk rise@0.000ns - sysclk rise@0.000ns)
  Data Path Delay:        0.390ns  (logic 0.141ns (36.123%)  route 0.249ns (63.877%))
  Logic Levels:           0  
  Clock Path Skew:        0.257ns (DCD - SCD - CPR)
    Destination Clock Delay (DCD):    1.975ns
    Source Clock Delay      (SCD):    1.466ns
    Clock Pessimism Removal (CPR):    0.252ns

    Location             Delay type                Incr(ns)  Path(ns)    Netlist Resource(s)
  -------------------------------------------------------------------    -------------------
                         (clock sysclk rise edge)     0.000     0.000 r  
    K17                                               0.000     0.000 r  sysclk (IN)
                         net (fo=0)                   0.000     0.000    sysclk
    K17                  IBUF (Prop_ibuf_I_O)         0.259     0.259 r  sysclk_IBUF_inst/O
                         net (fo=1, routed)           0.627     0.887    sysclk_IBUF
    BUFGCTRL_X0Y16       BUFG (Prop_bufg_I_O)         0.026     0.913 r  sysclk_IBUF_BUFG_inst/O
                         net (fo=1984, routed)        0.554     1.466    pc_counter_cpu/sysclk_IBUF_BUFG
    SLICE_X18Y83         FDRE                                         r  pc_counter_cpu/pc_reg[27]/C
  -------------------------------------------------------------------    -------------------
    SLICE_X18Y83         FDRE (Prop_fdre_C_Q)         0.141     1.607 r  pc_counter_cpu/pc_reg[27]/Q
                         net (fo=2, routed)           0.249     1.857    pc_if[27]
    SLICE_X22Y81         FDRE                                         r  pc_id_reg[27]/D
  -------------------------------------------------------------------    -------------------

                         (clock sysclk rise edge)     0.000     0.000 r  
    K17                                               0.000     0.000 r  sysclk (IN)
                         net (fo=0)                   0.000     0.000    sysclk
    K17                  IBUF (Prop_ibuf_I_O)         0.447     0.447 r  sysclk_IBUF_inst/O
                         net (fo=1, routed)           0.683     1.130    sysclk_IBUF
    BUFGCTRL_X0Y16       BUFG (Prop_bufg_I_O)         0.029     1.159 r  sysclk_IBUF_BUFG_inst/O
                         net (fo=1984, routed)        0.816     1.975    sysclk_IBUF_BUFG
    SLICE_X22Y81         FDRE                                         r  pc_id_reg[27]/C
                         clock pessimism             -0.252     1.724    
    SLICE_X22Y81         FDRE (Hold_fdre_C_D)         0.072     1.796    pc_id_reg[27]
  -------------------------------------------------------------------
                         required time                         -1.796    
                         arrival time                           1.857    
  -------------------------------------------------------------------
                         slack                                  0.061    

Slack (MET) :             0.064ns  (arrival time - required time)
  Source:                 control_unit_cpu/csr_addr_id_reg[4]/C
                            (rising edge-triggered cell FDRE clocked by sysclk  {rise@0.000ns fall@30.000ns period=60.000ns})
  Destination:            control_unit_cpu/csr_addr_ex_reg[4]/D
                            (rising edge-triggered cell FDRE clocked by sysclk  {rise@0.000ns fall@30.000ns period=60.000ns})
  Path Group:             sysclk
  Path Type:              Hold (Min at Fast Process Corner)
  Requirement:            0.000ns  (sysclk rise@0.000ns - sysclk rise@0.000ns)
  Data Path Delay:        0.347ns  (logic 0.128ns (36.919%)  route 0.219ns (63.081%))
  Logic Levels:           0  
  Clock Path Skew:        0.265ns (DCD - SCD - CPR)
    Destination Clock Delay (DCD):    1.977ns
    Source Clock Delay      (SCD):    1.460ns
    Clock Pessimism Removal (CPR):    0.252ns

    Location             Delay type                Incr(ns)  Path(ns)    Netlist Resource(s)
  -------------------------------------------------------------------    -------------------
                         (clock sysclk rise edge)     0.000     0.000 r  
    K17                                               0.000     0.000 r  sysclk (IN)
                         net (fo=0)                   0.000     0.000    sysclk
    K17                  IBUF (Prop_ibuf_I_O)         0.259     0.259 r  sysclk_IBUF_inst/O
                         net (fo=1, routed)           0.627     0.887    sysclk_IBUF
    BUFGCTRL_X0Y16       BUFG (Prop_bufg_I_O)         0.026     0.913 r  sysclk_IBUF_BUFG_inst/O
                         net (fo=1984, routed)        0.548     1.460    control_unit_cpu/sysclk_IBUF_BUFG
    SLICE_X23Y69         FDRE                                         r  control_unit_cpu/csr_addr_id_reg[4]/C
  -------------------------------------------------------------------    -------------------
    SLICE_X23Y69         FDRE (Prop_fdre_C_Q)         0.128     1.588 r  control_unit_cpu/csr_addr_id_reg[4]/Q
                         net (fo=1, routed)           0.219     1.807    control_unit_cpu/csr_addr_id[4]
    SLICE_X19Y69         FDRE                                         r  control_unit_cpu/csr_addr_ex_reg[4]/D
  -------------------------------------------------------------------    -------------------

                         (clock sysclk rise edge)     0.000     0.000 r  
    K17                                               0.000     0.000 r  sysclk (IN)
                         net (fo=0)                   0.000     0.000    sysclk
    K17                  IBUF (Prop_ibuf_I_O)         0.447     0.447 r  sysclk_IBUF_inst/O
                         net (fo=1, routed)           0.683     1.130    sysclk_IBUF
    BUFGCTRL_X0Y16       BUFG (Prop_bufg_I_O)         0.029     1.159 r  sysclk_IBUF_BUFG_inst/O
                         net (fo=1984, routed)        0.818     1.977    control_unit_cpu/sysclk_IBUF_BUFG
    SLICE_X19Y69         FDRE                                         r  control_unit_cpu/csr_addr_ex_reg[4]/C
                         clock pessimism             -0.252     1.726    
    SLICE_X19Y69         FDRE (Hold_fdre_C_D)         0.017     1.743    control_unit_cpu/csr_addr_ex_reg[4]
  -------------------------------------------------------------------
                         required time                         -1.743    
                         arrival time                           1.807    
  -------------------------------------------------------------------
                         slack                                  0.064    

Slack (MET) :             0.069ns  (arrival time - required time)
  Source:                 control_unit_cpu/csr_addr_id_reg[11]/C
                            (rising edge-triggered cell FDRE clocked by sysclk  {rise@0.000ns fall@30.000ns period=60.000ns})
  Destination:            control_unit_cpu/csr_addr_ex_reg[11]/D
                            (rising edge-triggered cell FDRE clocked by sysclk  {rise@0.000ns fall@30.000ns period=60.000ns})
  Path Group:             sysclk
  Path Type:              Hold (Min at Fast Process Corner)
  Requirement:            0.000ns  (sysclk rise@0.000ns - sysclk rise@0.000ns)
  Data Path Delay:        0.352ns  (logic 0.128ns (36.397%)  route 0.224ns (63.603%))
  Logic Levels:           0  
  Clock Path Skew:        0.266ns (DCD - SCD - CPR)
    Destination Clock Delay (DCD):    1.978ns
    Source Clock Delay      (SCD):    1.460ns
    Clock Pessimism Removal (CPR):    0.252ns

    Location             Delay type                Incr(ns)  Path(ns)    Netlist Resource(s)
  -------------------------------------------------------------------    -------------------
                         (clock sysclk rise edge)     0.000     0.000 r  
    K17                                               0.000     0.000 r  sysclk (IN)
                         net (fo=0)                   0.000     0.000    sysclk
    K17                  IBUF (Prop_ibuf_I_O)         0.259     0.259 r  sysclk_IBUF_inst/O
                         net (fo=1, routed)           0.627     0.887    sysclk_IBUF
    BUFGCTRL_X0Y16       BUFG (Prop_bufg_I_O)         0.026     0.913 r  sysclk_IBUF_BUFG_inst/O
                         net (fo=1984, routed)        0.548     1.460    control_unit_cpu/sysclk_IBUF_BUFG
    SLICE_X22Y69         FDRE                                         r  control_unit_cpu/csr_addr_id_reg[11]/C
  -------------------------------------------------------------------    -------------------
    SLICE_X22Y69         FDRE (Prop_fdre_C_Q)         0.128     1.588 r  control_unit_cpu/csr_addr_id_reg[11]/Q
                         net (fo=1, routed)           0.224     1.812    control_unit_cpu/csr_addr_id[11]
    SLICE_X18Y68         FDRE                                         r  control_unit_cpu/csr_addr_ex_reg[11]/D
  -------------------------------------------------------------------    -------------------

                         (clock sysclk rise edge)     0.000     0.000 r  
    K17                                               0.000     0.000 r  sysclk (IN)
                         net (fo=0)                   0.000     0.000    sysclk
    K17                  IBUF (Prop_ibuf_I_O)         0.447     0.447 r  sysclk_IBUF_inst/O
                         net (fo=1, routed)           0.683     1.130    sysclk_IBUF
    BUFGCTRL_X0Y16       BUFG (Prop_bufg_I_O)         0.029     1.159 r  sysclk_IBUF_BUFG_inst/O
                         net (fo=1984, routed)        0.819     1.978    control_unit_cpu/sysclk_IBUF_BUFG
    SLICE_X18Y68         FDRE                                         r  control_unit_cpu/csr_addr_ex_reg[11]/C
                         clock pessimism             -0.252     1.727    
    SLICE_X18Y68         FDRE (Hold_fdre_C_D)         0.016     1.743    control_unit_cpu/csr_addr_ex_reg[11]
  -------------------------------------------------------------------
                         required time                         -1.743    
                         arrival time                           1.812    
  -------------------------------------------------------------------
                         slack                                  0.069    

Slack (MET) :             0.094ns  (arrival time - required time)
  Source:                 csr_result_bypass_buffer_ex_reg[21]/C
                            (rising edge-triggered cell FDRE clocked by sysclk  {rise@0.000ns fall@30.000ns period=60.000ns})
  Destination:            csr_unit_out_wb_reg[21]/D
                            (rising edge-triggered cell FDRE clocked by sysclk  {rise@0.000ns fall@30.000ns period=60.000ns})
  Path Group:             sysclk
  Path Type:              Hold (Min at Fast Process Corner)
  Requirement:            0.000ns  (sysclk rise@0.000ns - sysclk rise@0.000ns)
  Data Path Delay:        0.426ns  (logic 0.141ns (33.092%)  route 0.285ns (66.908%))
  Logic Levels:           0  
  Clock Path Skew:        0.260ns (DCD - SCD - CPR)
    Destination Clock Delay (DCD):    1.978ns
    Source Clock Delay      (SCD):    1.466ns
    Clock Pessimism Removal (CPR):    0.252ns

    Location             Delay type                Incr(ns)  Path(ns)    Netlist Resource(s)
  -------------------------------------------------------------------    -------------------
                         (clock sysclk rise edge)     0.000     0.000 r  
    K17                                               0.000     0.000 r  sysclk (IN)
                         net (fo=0)                   0.000     0.000    sysclk
    K17                  IBUF (Prop_ibuf_I_O)         0.259     0.259 r  sysclk_IBUF_inst/O
                         net (fo=1, routed)           0.627     0.887    sysclk_IBUF
    BUFGCTRL_X0Y16       BUFG (Prop_bufg_I_O)         0.026     0.913 r  sysclk_IBUF_BUFG_inst/O
                         net (fo=1984, routed)        0.554     1.466    sysclk_IBUF_BUFG
    SLICE_X17Y83         FDRE                                         r  csr_result_bypass_buffer_ex_reg[21]/C
  -------------------------------------------------------------------    -------------------
    SLICE_X17Y83         FDRE (Prop_fdre_C_Q)         0.141     1.607 r  csr_result_bypass_buffer_ex_reg[21]/Q
                         net (fo=3, routed)           0.285     1.892    csr_result_bypass_buffer_ex[21]
    SLICE_X22Y84         FDRE                                         r  csr_unit_out_wb_reg[21]/D
  -------------------------------------------------------------------    -------------------

                         (clock sysclk rise edge)     0.000     0.000 r  
    K17                                               0.000     0.000 r  sysclk (IN)
                         net (fo=0)                   0.000     0.000    sysclk
    K17                  IBUF (Prop_ibuf_I_O)         0.447     0.447 r  sysclk_IBUF_inst/O
                         net (fo=1, routed)           0.683     1.130    sysclk_IBUF
    BUFGCTRL_X0Y16       BUFG (Prop_bufg_I_O)         0.029     1.159 r  sysclk_IBUF_BUFG_inst/O
                         net (fo=1984, routed)        0.819     1.978    sysclk_IBUF_BUFG
    SLICE_X22Y84         FDRE                                         r  csr_unit_out_wb_reg[21]/C
                         clock pessimism             -0.252     1.727    
    SLICE_X22Y84         FDRE (Hold_fdre_C_D)         0.072     1.799    csr_unit_out_wb_reg[21]
  -------------------------------------------------------------------
                         required time                         -1.799    
                         arrival time                           1.892    
  -------------------------------------------------------------------
                         slack                                  0.094    

Slack (MET) :             0.104ns  (arrival time - required time)
  Source:                 pc_counter_cpu/pc_reg[26]/C
                            (rising edge-triggered cell FDRE clocked by sysclk  {rise@0.000ns fall@30.000ns period=60.000ns})
  Destination:            pc_id_reg[26]/D
                            (rising edge-triggered cell FDRE clocked by sysclk  {rise@0.000ns fall@30.000ns period=60.000ns})
  Path Group:             sysclk
  Path Type:              Hold (Min at Fast Process Corner)
  Requirement:            0.000ns  (sysclk rise@0.000ns - sysclk rise@0.000ns)
  Data Path Delay:        0.435ns  (logic 0.141ns (32.433%)  route 0.294ns (67.567%))
  Logic Levels:           0  
  Clock Path Skew:        0.258ns (DCD - SCD - CPR)
    Destination Clock Delay (DCD):    1.976ns
    Source Clock Delay      (SCD):    1.466ns
    Clock Pessimism Removal (CPR):    0.252ns

    Location             Delay type                Incr(ns)  Path(ns)    Netlist Resource(s)
  -------------------------------------------------------------------    -------------------
                         (clock sysclk rise edge)     0.000     0.000 r  
    K17                                               0.000     0.000 r  sysclk (IN)
                         net (fo=0)                   0.000     0.000    sysclk
    K17                  IBUF (Prop_ibuf_I_O)         0.259     0.259 r  sysclk_IBUF_inst/O
                         net (fo=1, routed)           0.627     0.887    sysclk_IBUF
    BUFGCTRL_X0Y16       BUFG (Prop_bufg_I_O)         0.026     0.913 r  sysclk_IBUF_BUFG_inst/O
                         net (fo=1984, routed)        0.554     1.466    pc_counter_cpu/sysclk_IBUF_BUFG
    SLICE_X18Y83         FDRE                                         r  pc_counter_cpu/pc_reg[26]/C
  -------------------------------------------------------------------    -------------------
    SLICE_X18Y83         FDRE (Prop_fdre_C_Q)         0.141     1.607 r  pc_counter_cpu/pc_reg[26]/Q
                         net (fo=2, routed)           0.294     1.901    pc_if[26]
    SLICE_X25Y82         FDRE                                         r  pc_id_reg[26]/D
  -------------------------------------------------------------------    -------------------

                         (clock sysclk rise edge)     0.000     0.000 r  
    K17                                               0.000     0.000 r  sysclk (IN)
                         net (fo=0)                   0.000     0.000    sysclk
    K17                  IBUF (Prop_ibuf_I_O)         0.447     0.447 r  sysclk_IBUF_inst/O
                         net (fo=1, routed)           0.683     1.130    sysclk_IBUF
    BUFGCTRL_X0Y16       BUFG (Prop_bufg_I_O)         0.029     1.159 r  sysclk_IBUF_BUFG_inst/O
                         net (fo=1984, routed)        0.817     1.976    sysclk_IBUF_BUFG
    SLICE_X25Y82         FDRE                                         r  pc_id_reg[26]/C
                         clock pessimism             -0.252     1.725    
    SLICE_X25Y82         FDRE (Hold_fdre_C_D)         0.072     1.797    pc_id_reg[26]
  -------------------------------------------------------------------
                         required time                         -1.797    
                         arrival time                           1.901    
  -------------------------------------------------------------------
                         slack                                  0.104    





Pulse Width Checks
--------------------------------------------------------------------------------------
Clock Name:         sysclk
Waveform(ns):       { 0.000 30.000 }
Period(ns):         60.000
Sources:            { sysclk }

Check Type        Corner  Lib Pin             Reference Pin  Required(ns)  Actual(ns)  Slack(ns)  Location      Pin
Min Period        n/a     RAMB36E1/CLKARDCLK  n/a            2.944         60.000      57.056     RAMB36_X0Y14  csr_unit_cpu/csr_registers/byte_write[1].BRAM_reg_0/CLKARDCLK
Min Period        n/a     RAMB36E1/CLKARDCLK  n/a            2.944         60.000      57.056     RAMB36_X0Y12  csr_unit_cpu/csr_registers/byte_write[1].BRAM_reg_1/CLKARDCLK
Min Period        n/a     RAMB36E1/CLKARDCLK  n/a            2.944         60.000      57.056     RAMB36_X0Y15  csr_unit_cpu/csr_registers/byte_write[1].BRAM_reg_2/CLKARDCLK
Min Period        n/a     RAMB36E1/CLKARDCLK  n/a            2.944         60.000      57.056     RAMB36_X0Y13  csr_unit_cpu/csr_registers/byte_write[1].BRAM_reg_3/CLKARDCLK
Min Period        n/a     RAMB36E1/CLKARDCLK  n/a            2.944         60.000      57.056     RAMB36_X1Y14  unified_memory_cpu/byte_write[1].BRAM_reg_0_0/CLKARDCLK
Min Period        n/a     RAMB36E1/CLKBWRCLK  n/a            2.944         60.000      57.056     RAMB36_X1Y14  unified_memory_cpu/byte_write[1].BRAM_reg_0_0/CLKBWRCLK
Min Period        n/a     RAMB36E1/CLKARDCLK  n/a            2.944         60.000      57.056     RAMB36_X2Y14  unified_memory_cpu/byte_write[1].BRAM_reg_0_1/CLKARDCLK
Min Period        n/a     RAMB36E1/CLKBWRCLK  n/a            2.944         60.000      57.056     RAMB36_X2Y14  unified_memory_cpu/byte_write[1].BRAM_reg_0_1/CLKBWRCLK
Min Period        n/a     RAMB36E1/CLKARDCLK  n/a            2.944         60.000      57.056     RAMB36_X2Y15  unified_memory_cpu/byte_write[1].BRAM_reg_1_0/CLKARDCLK
Min Period        n/a     RAMB36E1/CLKBWRCLK  n/a            2.944         60.000      57.056     RAMB36_X2Y15  unified_memory_cpu/byte_write[1].BRAM_reg_1_0/CLKBWRCLK
Low Pulse Width   Slow    SRL16E/CLK          n/a            0.980         30.000      29.020     SLICE_X30Y69  ldst_is_unsigned_ex_reg_srl2/CLK
Low Pulse Width   Fast    SRL16E/CLK          n/a            0.980         30.000      29.020     SLICE_X30Y69  ldst_is_unsigned_ex_reg_srl2/CLK
Low Pulse Width   Slow    SRL16E/CLK          n/a            0.980         30.000      29.020     SLICE_X20Y80  pc_plus4_me_reg[10]_srl3/CLK
Low Pulse Width   Fast    SRL16E/CLK          n/a            0.980         30.000      29.020     SLICE_X20Y80  pc_plus4_me_reg[10]_srl3/CLK
Low Pulse Width   Slow    SRL16E/CLK          n/a            0.980         30.000      29.020     SLICE_X20Y80  pc_plus4_me_reg[11]_srl3/CLK
Low Pulse Width   Fast    SRL16E/CLK          n/a            0.980         30.000      29.020     SLICE_X20Y80  pc_plus4_me_reg[11]_srl3/CLK
Low Pulse Width   Slow    SRL16E/CLK          n/a            0.980         30.000      29.020     SLICE_X20Y80  pc_plus4_me_reg[12]_srl3/CLK
Low Pulse Width   Fast    SRL16E/CLK          n/a            0.980         30.000      29.020     SLICE_X20Y80  pc_plus4_me_reg[12]_srl3/CLK
Low Pulse Width   Slow    SRL16E/CLK          n/a            0.980         30.000      29.020     SLICE_X20Y80  pc_plus4_me_reg[13]_srl3/CLK
Low Pulse Width   Fast    SRL16E/CLK          n/a            0.980         30.000      29.020     SLICE_X20Y80  pc_plus4_me_reg[13]_srl3/CLK
High Pulse Width  Slow    SRL16E/CLK          n/a            0.980         30.000      29.020     SLICE_X30Y69  ldst_is_unsigned_ex_reg_srl2/CLK
High Pulse Width  Fast    SRL16E/CLK          n/a            0.980         30.000      29.020     SLICE_X30Y69  ldst_is_unsigned_ex_reg_srl2/CLK
High Pulse Width  Slow    SRL16E/CLK          n/a            0.980         30.000      29.020     SLICE_X20Y80  pc_plus4_me_reg[10]_srl3/CLK
High Pulse Width  Fast    SRL16E/CLK          n/a            0.980         30.000      29.020     SLICE_X20Y80  pc_plus4_me_reg[10]_srl3/CLK
High Pulse Width  Slow    SRL16E/CLK          n/a            0.980         30.000      29.020     SLICE_X20Y80  pc_plus4_me_reg[11]_srl3/CLK
High Pulse Width  Fast    SRL16E/CLK          n/a            0.980         30.000      29.020     SLICE_X20Y80  pc_plus4_me_reg[11]_srl3/CLK
High Pulse Width  Slow    SRL16E/CLK          n/a            0.980         30.000      29.020     SLICE_X20Y80  pc_plus4_me_reg[12]_srl3/CLK
High Pulse Width  Fast    SRL16E/CLK          n/a            0.980         30.000      29.020     SLICE_X20Y80  pc_plus4_me_reg[12]_srl3/CLK
High Pulse Width  Slow    SRL16E/CLK          n/a            0.980         30.000      29.020     SLICE_X20Y80  pc_plus4_me_reg[13]_srl3/CLK
High Pulse Width  Fast    SRL16E/CLK          n/a            0.980         30.000      29.020     SLICE_X20Y80  pc_plus4_me_reg[13]_srl3/CLK



--------------------------------------------------------------------------------------
Path Group:  (none)
From Clock:  sysclk
  To Clock:  

Max Delay             1 Endpoint
Min Delay             1 Endpoint
--------------------------------------------------------------------------------------


Max Delay Paths
--------------------------------------------------------------------------------------
Slack:                    inf
  Source:                 branch_ex_reg_lopt_replica/C
                            (rising edge-triggered cell FDRE clocked by sysclk  {rise@0.000ns fall@30.000ns period=60.000ns})
  Destination:            led
                            (output port)
  Path Group:             (none)
  Path Type:              Max at Slow Process Corner
  Data Path Delay:        6.952ns  (logic 3.987ns (57.354%)  route 2.965ns (42.646%))
  Logic Levels:           1  (OBUF=1)
  Clock Uncertainty:      0.025ns  ((TSJ^2 + TIJ^2)^1/2 + DJ) / 2 + PE
    Total System Jitter     (TSJ):    0.050ns
    Total Input Jitter      (TIJ):    0.000ns
    Discrete Jitter          (DJ):    0.000ns
    Phase Error              (PE):    0.000ns

    Location             Delay type                Incr(ns)  Path(ns)    Netlist Resource(s)
  -------------------------------------------------------------------    -------------------
                         (clock sysclk rise edge)     0.000     0.000 r  
    K17                                               0.000     0.000 r  sysclk (IN)
                         net (fo=0)                   0.000     0.000    sysclk
    K17                  IBUF (Prop_ibuf_I_O)         1.492     1.492 r  sysclk_IBUF_inst/O
                         net (fo=1, routed)           2.076     3.568    sysclk_IBUF
    BUFGCTRL_X0Y16       BUFG (Prop_bufg_I_O)         0.101     3.669 r  sysclk_IBUF_BUFG_inst/O
                         net (fo=1984, routed)        1.641     5.310    sysclk_IBUF_BUFG
    SLICE_X23Y71         FDRE                                         r  branch_ex_reg_lopt_replica/C
  -------------------------------------------------------------------    -------------------
    SLICE_X23Y71         FDRE (Prop_fdre_C_Q)         0.456     5.766 r  branch_ex_reg_lopt_replica/Q
                         net (fo=1, routed)           2.965     8.730    branch_ex_reg_lopt_replica_1
    M14                  OBUF (Prop_obuf_I_O)         3.531    12.262 r  led_OBUF_inst/O
                         net (fo=0)                   0.000    12.262    led
    M14                                                               r  led (OUT)
  -------------------------------------------------------------------    -------------------





Min Delay Paths
--------------------------------------------------------------------------------------
Slack:                    inf
  Source:                 branch_ex_reg_lopt_replica/C
                            (rising edge-triggered cell FDRE clocked by sysclk  {rise@0.000ns fall@30.000ns period=60.000ns})
  Destination:            led
                            (output port)
  Path Group:             (none)
  Path Type:              Min at Fast Process Corner
  Data Path Delay:        2.336ns  (logic 1.373ns (58.786%)  route 0.963ns (41.214%))
  Logic Levels:           1  (OBUF=1)
  Clock Uncertainty:      0.025ns  ((TSJ^2 + TIJ^2)^1/2 + DJ) / 2 + PE
    Total System Jitter     (TSJ):    0.050ns
    Total Input Jitter      (TIJ):    0.000ns
    Discrete Jitter          (DJ):    0.000ns
    Phase Error              (PE):    0.000ns

    Location             Delay type                Incr(ns)  Path(ns)    Netlist Resource(s)
  -------------------------------------------------------------------    -------------------
                         (clock sysclk rise edge)     0.000     0.000 r  
    K17                                               0.000     0.000 r  sysclk (IN)
                         net (fo=0)                   0.000     0.000    sysclk
    K17                  IBUF (Prop_ibuf_I_O)         0.259     0.259 r  sysclk_IBUF_inst/O
                         net (fo=1, routed)           0.627     0.887    sysclk_IBUF
    BUFGCTRL_X0Y16       BUFG (Prop_bufg_I_O)         0.026     0.913 r  sysclk_IBUF_BUFG_inst/O
                         net (fo=1984, routed)        0.546     1.458    sysclk_IBUF_BUFG
    SLICE_X23Y71         FDRE                                         r  branch_ex_reg_lopt_replica/C
  -------------------------------------------------------------------    -------------------
    SLICE_X23Y71         FDRE (Prop_fdre_C_Q)         0.141     1.599 r  branch_ex_reg_lopt_replica/Q
                         net (fo=1, routed)           0.963     2.562    branch_ex_reg_lopt_replica_1
    M14                  OBUF (Prop_obuf_I_O)         1.232     3.794 r  led_OBUF_inst/O
                         net (fo=0)                   0.000     3.794    led
    M14                                                               r  led (OUT)
  -------------------------------------------------------------------    -------------------





--------------------------------------------------------------------------------------
Path Group:  (none)
From Clock:  
  To Clock:  sysclk

Max Delay          1609 Endpoints
Min Delay          1609 Endpoints
--------------------------------------------------------------------------------------


Max Delay Paths
--------------------------------------------------------------------------------------
Slack:                    inf
  Source:                 rst
                            (input port)
  Destination:            unified_memory_cpu/byte_write[1].BRAM_reg_1_0/ADDRBWRADDR[4]
                            (rising edge-triggered cell RAMB36E1 clocked by sysclk  {rise@0.000ns fall@30.000ns period=60.000ns})
  Path Group:             (none)
  Path Type:              Setup (Max at Slow Process Corner)
  Data Path Delay:        11.440ns  (logic 1.737ns (15.182%)  route 9.703ns (84.818%))
  Logic Levels:           3  (IBUF=1 LUT2=1 LUT6=1)
  Clock Path Skew:        4.906ns (DCD - SCD + CPR)
    Destination Clock Delay (DCD):    4.906ns
    Source Clock Delay      (SCD):    0.000ns
    Clock Pessimism Removal (CPR):    0.000ns
  Clock Uncertainty:      0.025ns  ((TSJ^2 + TIJ^2)^1/2 + DJ) / 2 + PE
    Total System Jitter     (TSJ):    0.050ns
    Total Input Jitter      (TIJ):    0.000ns
    Discrete Jitter          (DJ):    0.000ns
    Phase Error              (PE):    0.000ns

    Location             Delay type                Incr(ns)  Path(ns)    Netlist Resource(s)
  -------------------------------------------------------------------    -------------------
    K18                                               0.000     0.000 f  rst (IN)
                         net (fo=0)                   0.000     0.000    rst
    K18                  IBUF (Prop_ibuf_I_O)         1.489     1.489 f  rst_IBUF_inst/O
                         net (fo=1427, routed)        5.486     6.975    pc_counter_cpu/rst_IBUF
    SLICE_X20Y83         LUT2 (Prop_lut2_I0_O)        0.124     7.099 f  pc_counter_cpu/pc[31]_i_4/O
                         net (fo=32, routed)          2.058     9.157    pc_counter_cpu/next_pc1
    SLICE_X20Y74         LUT6 (Prop_lut6_I5_O)        0.124     9.281 r  pc_counter_cpu/pc[4]_i_1/O
                         net (fo=9, routed)           2.159    11.440    unified_memory_cpu/ADDRBWRADDR[2]
    RAMB36_X2Y15         RAMB36E1                                     r  unified_memory_cpu/byte_write[1].BRAM_reg_1_0/ADDRBWRADDR[4]
  -------------------------------------------------------------------    -------------------

                         (clock sysclk rise edge)     0.000     0.000 r  
    K17                                               0.000     0.000 r  sysclk (IN)
                         net (fo=0)                   0.000     0.000    sysclk
    K17                  IBUF (Prop_ibuf_I_O)         1.421     1.421 r  sysclk_IBUF_inst/O
                         net (fo=1, routed)           1.880     3.301    sysclk_IBUF
    BUFGCTRL_X0Y16       BUFG (Prop_bufg_I_O)         0.091     3.392 r  sysclk_IBUF_BUFG_inst/O
                         net (fo=1984, routed)        1.514     4.906    unified_memory_cpu/sysclk_IBUF_BUFG
    RAMB36_X2Y15         RAMB36E1                                     r  unified_memory_cpu/byte_write[1].BRAM_reg_1_0/CLKBWRCLK

Slack:                    inf
  Source:                 rst
                            (input port)
  Destination:            unified_memory_cpu/byte_write[1].BRAM_reg_1_0/ADDRBWRADDR[2]
                            (rising edge-triggered cell RAMB36E1 clocked by sysclk  {rise@0.000ns fall@30.000ns period=60.000ns})
  Path Group:             (none)
  Path Type:              Setup (Max at Slow Process Corner)
  Data Path Delay:        11.198ns  (logic 1.737ns (15.510%)  route 9.461ns (84.490%))
  Logic Levels:           3  (IBUF=1 LUT2=1 LUT6=1)
  Clock Path Skew:        4.906ns (DCD - SCD + CPR)
    Destination Clock Delay (DCD):    4.906ns
    Source Clock Delay      (SCD):    0.000ns
    Clock Pessimism Removal (CPR):    0.000ns
  Clock Uncertainty:      0.025ns  ((TSJ^2 + TIJ^2)^1/2 + DJ) / 2 + PE
    Total System Jitter     (TSJ):    0.050ns
    Total Input Jitter      (TIJ):    0.000ns
    Discrete Jitter          (DJ):    0.000ns
    Phase Error              (PE):    0.000ns

    Location             Delay type                Incr(ns)  Path(ns)    Netlist Resource(s)
  -------------------------------------------------------------------    -------------------
    K18                                               0.000     0.000 f  rst (IN)
                         net (fo=0)                   0.000     0.000    rst
    K18                  IBUF (Prop_ibuf_I_O)         1.489     1.489 f  rst_IBUF_inst/O
                         net (fo=1427, routed)        5.486     6.975    pc_counter_cpu/rst_IBUF
    SLICE_X20Y83         LUT2 (Prop_lut2_I0_O)        0.124     7.099 f  pc_counter_cpu/pc[31]_i_4/O
                         net (fo=32, routed)          2.044     9.143    pc_counter_cpu/next_pc1
    SLICE_X18Y74         LUT6 (Prop_lut6_I5_O)        0.124     9.267 r  pc_counter_cpu/pc[2]_i_1/O
                         net (fo=9, routed)           1.931    11.198    unified_memory_cpu/ADDRBWRADDR[0]
    RAMB36_X2Y15         RAMB36E1                                     r  unified_memory_cpu/byte_write[1].BRAM_reg_1_0/ADDRBWRADDR[2]
  -------------------------------------------------------------------    -------------------

                         (clock sysclk rise edge)     0.000     0.000 r  
    K17                                               0.000     0.000 r  sysclk (IN)
                         net (fo=0)                   0.000     0.000    sysclk
    K17                  IBUF (Prop_ibuf_I_O)         1.421     1.421 r  sysclk_IBUF_inst/O
                         net (fo=1, routed)           1.880     3.301    sysclk_IBUF
    BUFGCTRL_X0Y16       BUFG (Prop_bufg_I_O)         0.091     3.392 r  sysclk_IBUF_BUFG_inst/O
                         net (fo=1984, routed)        1.514     4.906    unified_memory_cpu/sysclk_IBUF_BUFG
    RAMB36_X2Y15         RAMB36E1                                     r  unified_memory_cpu/byte_write[1].BRAM_reg_1_0/CLKBWRCLK

Slack:                    inf
  Source:                 rst
                            (input port)
  Destination:            unified_memory_cpu/byte_write[1].BRAM_reg_1_0/ADDRBWRADDR[8]
                            (rising edge-triggered cell RAMB36E1 clocked by sysclk  {rise@0.000ns fall@30.000ns period=60.000ns})
  Path Group:             (none)
  Path Type:              Setup (Max at Slow Process Corner)
  Data Path Delay:        11.147ns  (logic 1.737ns (15.582%)  route 9.410ns (84.418%))
  Logic Levels:           3  (IBUF=1 LUT2=1 LUT6=1)
  Clock Path Skew:        4.906ns (DCD - SCD + CPR)
    Destination Clock Delay (DCD):    4.906ns
    Source Clock Delay      (SCD):    0.000ns
    Clock Pessimism Removal (CPR):    0.000ns
  Clock Uncertainty:      0.025ns  ((TSJ^2 + TIJ^2)^1/2 + DJ) / 2 + PE
    Total System Jitter     (TSJ):    0.050ns
    Total Input Jitter      (TIJ):    0.000ns
    Discrete Jitter          (DJ):    0.000ns
    Phase Error              (PE):    0.000ns

    Location             Delay type                Incr(ns)  Path(ns)    Netlist Resource(s)
  -------------------------------------------------------------------    -------------------
    K18                                               0.000     0.000 f  rst (IN)
                         net (fo=0)                   0.000     0.000    rst
    K18                  IBUF (Prop_ibuf_I_O)         1.489     1.489 f  rst_IBUF_inst/O
                         net (fo=1427, routed)        5.486     6.975    pc_counter_cpu/rst_IBUF
    SLICE_X20Y83         LUT2 (Prop_lut2_I0_O)        0.124     7.099 f  pc_counter_cpu/pc[31]_i_4/O
                         net (fo=32, routed)          2.121     9.219    pc_counter_cpu/next_pc1
    SLICE_X20Y74         LUT6 (Prop_lut6_I5_O)        0.124     9.343 r  pc_counter_cpu/pc[8]_i_1/O
                         net (fo=9, routed)           1.803    11.147    unified_memory_cpu/ADDRBWRADDR[6]
    RAMB36_X2Y15         RAMB36E1                                     r  unified_memory_cpu/byte_write[1].BRAM_reg_1_0/ADDRBWRADDR[8]
  -------------------------------------------------------------------    -------------------

                         (clock sysclk rise edge)     0.000     0.000 r  
    K17                                               0.000     0.000 r  sysclk (IN)
                         net (fo=0)                   0.000     0.000    sysclk
    K17                  IBUF (Prop_ibuf_I_O)         1.421     1.421 r  sysclk_IBUF_inst/O
                         net (fo=1, routed)           1.880     3.301    sysclk_IBUF
    BUFGCTRL_X0Y16       BUFG (Prop_bufg_I_O)         0.091     3.392 r  sysclk_IBUF_BUFG_inst/O
                         net (fo=1984, routed)        1.514     4.906    unified_memory_cpu/sysclk_IBUF_BUFG
    RAMB36_X2Y15         RAMB36E1                                     r  unified_memory_cpu/byte_write[1].BRAM_reg_1_0/CLKBWRCLK

Slack:                    inf
  Source:                 rst
                            (input port)
  Destination:            unified_memory_cpu/byte_write[1].BRAM_reg_3_0/ADDRBWRADDR[4]
                            (rising edge-triggered cell RAMB36E1 clocked by sysclk  {rise@0.000ns fall@30.000ns period=60.000ns})
  Path Group:             (none)
  Path Type:              Setup (Max at Slow Process Corner)
  Data Path Delay:        11.102ns  (logic 1.737ns (15.644%)  route 9.365ns (84.355%))
  Logic Levels:           3  (IBUF=1 LUT2=1 LUT6=1)
  Clock Path Skew:        4.911ns (DCD - SCD + CPR)
    Destination Clock Delay (DCD):    4.911ns
    Source Clock Delay      (SCD):    0.000ns
    Clock Pessimism Removal (CPR):    0.000ns
  Clock Uncertainty:      0.025ns  ((TSJ^2 + TIJ^2)^1/2 + DJ) / 2 + PE
    Total System Jitter     (TSJ):    0.050ns
    Total Input Jitter      (TIJ):    0.000ns
    Discrete Jitter          (DJ):    0.000ns
    Phase Error              (PE):    0.000ns

    Location             Delay type                Incr(ns)  Path(ns)    Netlist Resource(s)
  -------------------------------------------------------------------    -------------------
    K18                                               0.000     0.000 f  rst (IN)
                         net (fo=0)                   0.000     0.000    rst
    K18                  IBUF (Prop_ibuf_I_O)         1.489     1.489 f  rst_IBUF_inst/O
                         net (fo=1427, routed)        5.486     6.975    pc_counter_cpu/rst_IBUF
    SLICE_X20Y83         LUT2 (Prop_lut2_I0_O)        0.124     7.099 f  pc_counter_cpu/pc[31]_i_4/O
                         net (fo=32, routed)          2.058     9.157    pc_counter_cpu/next_pc1
    SLICE_X20Y74         LUT6 (Prop_lut6_I5_O)        0.124     9.281 r  pc_counter_cpu/pc[4]_i_1/O
                         net (fo=9, routed)           1.821    11.102    unified_memory_cpu/ADDRBWRADDR[2]
    RAMB36_X2Y16         RAMB36E1                                     r  unified_memory_cpu/byte_write[1].BRAM_reg_3_0/ADDRBWRADDR[4]
  -------------------------------------------------------------------    -------------------

                         (clock sysclk rise edge)     0.000     0.000 r  
    K17                                               0.000     0.000 r  sysclk (IN)
                         net (fo=0)                   0.000     0.000    sysclk
    K17                  IBUF (Prop_ibuf_I_O)         1.421     1.421 r  sysclk_IBUF_inst/O
                         net (fo=1, routed)           1.880     3.301    sysclk_IBUF
    BUFGCTRL_X0Y16       BUFG (Prop_bufg_I_O)         0.091     3.392 r  sysclk_IBUF_BUFG_inst/O
                         net (fo=1984, routed)        1.519     4.911    unified_memory_cpu/sysclk_IBUF_BUFG
    RAMB36_X2Y16         RAMB36E1                                     r  unified_memory_cpu/byte_write[1].BRAM_reg_3_0/CLKBWRCLK

Slack:                    inf
  Source:                 rst
                            (input port)
  Destination:            unified_memory_cpu/byte_write[1].BRAM_reg_2_0/ADDRBWRADDR[8]
                            (rising edge-triggered cell RAMB36E1 clocked by sysclk  {rise@0.000ns fall@30.000ns period=60.000ns})
  Path Group:             (none)
  Path Type:              Setup (Max at Slow Process Corner)
  Data Path Delay:        11.065ns  (logic 1.737ns (15.696%)  route 9.329ns (84.304%))
  Logic Levels:           3  (IBUF=1 LUT2=1 LUT6=1)
  Clock Path Skew:        4.914ns (DCD - SCD + CPR)
    Destination Clock Delay (DCD):    4.914ns
    Source Clock Delay      (SCD):    0.000ns
    Clock Pessimism Removal (CPR):    0.000ns
  Clock Uncertainty:      0.025ns  ((TSJ^2 + TIJ^2)^1/2 + DJ) / 2 + PE
    Total System Jitter     (TSJ):    0.050ns
    Total Input Jitter      (TIJ):    0.000ns
    Discrete Jitter          (DJ):    0.000ns
    Phase Error              (PE):    0.000ns

    Location             Delay type                Incr(ns)  Path(ns)    Netlist Resource(s)
  -------------------------------------------------------------------    -------------------
    K18                                               0.000     0.000 f  rst (IN)
                         net (fo=0)                   0.000     0.000    rst
    K18                  IBUF (Prop_ibuf_I_O)         1.489     1.489 f  rst_IBUF_inst/O
                         net (fo=1427, routed)        5.486     6.975    pc_counter_cpu/rst_IBUF
    SLICE_X20Y83         LUT2 (Prop_lut2_I0_O)        0.124     7.099 f  pc_counter_cpu/pc[31]_i_4/O
                         net (fo=32, routed)          2.121     9.219    pc_counter_cpu/next_pc1
    SLICE_X20Y74         LUT6 (Prop_lut6_I5_O)        0.124     9.343 r  pc_counter_cpu/pc[8]_i_1/O
                         net (fo=9, routed)           1.722    11.065    unified_memory_cpu/ADDRBWRADDR[6]
    RAMB36_X2Y13         RAMB36E1                                     r  unified_memory_cpu/byte_write[1].BRAM_reg_2_0/ADDRBWRADDR[8]
  -------------------------------------------------------------------    -------------------

                         (clock sysclk rise edge)     0.000     0.000 r  
    K17                                               0.000     0.000 r  sysclk (IN)
                         net (fo=0)                   0.000     0.000    sysclk
    K17                  IBUF (Prop_ibuf_I_O)         1.421     1.421 r  sysclk_IBUF_inst/O
                         net (fo=1, routed)           1.880     3.301    sysclk_IBUF
    BUFGCTRL_X0Y16       BUFG (Prop_bufg_I_O)         0.091     3.392 r  sysclk_IBUF_BUFG_inst/O
                         net (fo=1984, routed)        1.522     4.914    unified_memory_cpu/sysclk_IBUF_BUFG
    RAMB36_X2Y13         RAMB36E1                                     r  unified_memory_cpu/byte_write[1].BRAM_reg_2_0/CLKBWRCLK

Slack:                    inf
  Source:                 rst
                            (input port)
  Destination:            unified_memory_cpu/byte_write[1].BRAM_reg_3_0/ADDRBWRADDR[3]
                            (rising edge-triggered cell RAMB36E1 clocked by sysclk  {rise@0.000ns fall@30.000ns period=60.000ns})
  Path Group:             (none)
  Path Type:              Setup (Max at Slow Process Corner)
  Data Path Delay:        11.023ns  (logic 1.737ns (15.757%)  route 9.286ns (84.243%))
  Logic Levels:           3  (IBUF=1 LUT2=1 LUT6=1)
  Clock Path Skew:        4.911ns (DCD - SCD + CPR)
    Destination Clock Delay (DCD):    4.911ns
    Source Clock Delay      (SCD):    0.000ns
    Clock Pessimism Removal (CPR):    0.000ns
  Clock Uncertainty:      0.025ns  ((TSJ^2 + TIJ^2)^1/2 + DJ) / 2 + PE
    Total System Jitter     (TSJ):    0.050ns
    Total Input Jitter      (TIJ):    0.000ns
    Discrete Jitter          (DJ):    0.000ns
    Phase Error              (PE):    0.000ns

    Location             Delay type                Incr(ns)  Path(ns)    Netlist Resource(s)
  -------------------------------------------------------------------    -------------------
    K18                                               0.000     0.000 f  rst (IN)
                         net (fo=0)                   0.000     0.000    rst
    K18                  IBUF (Prop_ibuf_I_O)         1.489     1.489 f  rst_IBUF_inst/O
                         net (fo=1427, routed)        5.486     6.975    pc_counter_cpu/rst_IBUF
    SLICE_X20Y83         LUT2 (Prop_lut2_I0_O)        0.124     7.099 f  pc_counter_cpu/pc[31]_i_4/O
                         net (fo=32, routed)          2.037     9.136    pc_counter_cpu/next_pc1
    SLICE_X18Y74         LUT6 (Prop_lut6_I5_O)        0.124     9.260 r  pc_counter_cpu/pc[3]_i_1/O
                         net (fo=9, routed)           1.763    11.023    unified_memory_cpu/ADDRBWRADDR[1]
    RAMB36_X2Y16         RAMB36E1                                     r  unified_memory_cpu/byte_write[1].BRAM_reg_3_0/ADDRBWRADDR[3]
  -------------------------------------------------------------------    -------------------

                         (clock sysclk rise edge)     0.000     0.000 r  
    K17                                               0.000     0.000 r  sysclk (IN)
                         net (fo=0)                   0.000     0.000    sysclk
    K17                  IBUF (Prop_ibuf_I_O)         1.421     1.421 r  sysclk_IBUF_inst/O
                         net (fo=1, routed)           1.880     3.301    sysclk_IBUF
    BUFGCTRL_X0Y16       BUFG (Prop_bufg_I_O)         0.091     3.392 r  sysclk_IBUF_BUFG_inst/O
                         net (fo=1984, routed)        1.519     4.911    unified_memory_cpu/sysclk_IBUF_BUFG
    RAMB36_X2Y16         RAMB36E1                                     r  unified_memory_cpu/byte_write[1].BRAM_reg_3_0/CLKBWRCLK

Slack:                    inf
  Source:                 rst
                            (input port)
  Destination:            unified_memory_cpu/byte_write[1].BRAM_reg_2_0/ADDRBWRADDR[2]
                            (rising edge-triggered cell RAMB36E1 clocked by sysclk  {rise@0.000ns fall@30.000ns period=60.000ns})
  Path Group:             (none)
  Path Type:              Setup (Max at Slow Process Corner)
  Data Path Delay:        11.000ns  (logic 1.737ns (15.789%)  route 9.264ns (84.211%))
  Logic Levels:           3  (IBUF=1 LUT2=1 LUT6=1)
  Clock Path Skew:        4.914ns (DCD - SCD + CPR)
    Destination Clock Delay (DCD):    4.914ns
    Source Clock Delay      (SCD):    0.000ns
    Clock Pessimism Removal (CPR):    0.000ns
  Clock Uncertainty:      0.025ns  ((TSJ^2 + TIJ^2)^1/2 + DJ) / 2 + PE
    Total System Jitter     (TSJ):    0.050ns
    Total Input Jitter      (TIJ):    0.000ns
    Discrete Jitter          (DJ):    0.000ns
    Phase Error              (PE):    0.000ns

    Location             Delay type                Incr(ns)  Path(ns)    Netlist Resource(s)
  -------------------------------------------------------------------    -------------------
    K18                                               0.000     0.000 f  rst (IN)
                         net (fo=0)                   0.000     0.000    rst
    K18                  IBUF (Prop_ibuf_I_O)         1.489     1.489 f  rst_IBUF_inst/O
                         net (fo=1427, routed)        5.486     6.975    pc_counter_cpu/rst_IBUF
    SLICE_X20Y83         LUT2 (Prop_lut2_I0_O)        0.124     7.099 f  pc_counter_cpu/pc[31]_i_4/O
                         net (fo=32, routed)          2.044     9.143    pc_counter_cpu/next_pc1
    SLICE_X18Y74         LUT6 (Prop_lut6_I5_O)        0.124     9.267 r  pc_counter_cpu/pc[2]_i_1/O
                         net (fo=9, routed)           1.733    11.000    unified_memory_cpu/ADDRBWRADDR[0]
    RAMB36_X2Y13         RAMB36E1                                     r  unified_memory_cpu/byte_write[1].BRAM_reg_2_0/ADDRBWRADDR[2]
  -------------------------------------------------------------------    -------------------

                         (clock sysclk rise edge)     0.000     0.000 r  
    K17                                               0.000     0.000 r  sysclk (IN)
                         net (fo=0)                   0.000     0.000    sysclk
    K17                  IBUF (Prop_ibuf_I_O)         1.421     1.421 r  sysclk_IBUF_inst/O
                         net (fo=1, routed)           1.880     3.301    sysclk_IBUF
    BUFGCTRL_X0Y16       BUFG (Prop_bufg_I_O)         0.091     3.392 r  sysclk_IBUF_BUFG_inst/O
                         net (fo=1984, routed)        1.522     4.914    unified_memory_cpu/sysclk_IBUF_BUFG
    RAMB36_X2Y13         RAMB36E1                                     r  unified_memory_cpu/byte_write[1].BRAM_reg_2_0/CLKBWRCLK

Slack:                    inf
  Source:                 rst
                            (input port)
  Destination:            unified_memory_cpu/byte_write[1].BRAM_reg_2_0/ADDRBWRADDR[4]
                            (rising edge-triggered cell RAMB36E1 clocked by sysclk  {rise@0.000ns fall@30.000ns period=60.000ns})
  Path Group:             (none)
  Path Type:              Setup (Max at Slow Process Corner)
  Data Path Delay:        10.963ns  (logic 1.737ns (15.843%)  route 9.226ns (84.157%))
  Logic Levels:           3  (IBUF=1 LUT2=1 LUT6=1)
  Clock Path Skew:        4.914ns (DCD - SCD + CPR)
    Destination Clock Delay (DCD):    4.914ns
    Source Clock Delay      (SCD):    0.000ns
    Clock Pessimism Removal (CPR):    0.000ns
  Clock Uncertainty:      0.025ns  ((TSJ^2 + TIJ^2)^1/2 + DJ) / 2 + PE
    Total System Jitter     (TSJ):    0.050ns
    Total Input Jitter      (TIJ):    0.000ns
    Discrete Jitter          (DJ):    0.000ns
    Phase Error              (PE):    0.000ns

    Location             Delay type                Incr(ns)  Path(ns)    Netlist Resource(s)
  -------------------------------------------------------------------    -------------------
    K18                                               0.000     0.000 f  rst (IN)
                         net (fo=0)                   0.000     0.000    rst
    K18                  IBUF (Prop_ibuf_I_O)         1.489     1.489 f  rst_IBUF_inst/O
                         net (fo=1427, routed)        5.486     6.975    pc_counter_cpu/rst_IBUF
    SLICE_X20Y83         LUT2 (Prop_lut2_I0_O)        0.124     7.099 f  pc_counter_cpu/pc[31]_i_4/O
                         net (fo=32, routed)          2.058     9.157    pc_counter_cpu/next_pc1
    SLICE_X20Y74         LUT6 (Prop_lut6_I5_O)        0.124     9.281 r  pc_counter_cpu/pc[4]_i_1/O
                         net (fo=9, routed)           1.682    10.963    unified_memory_cpu/ADDRBWRADDR[2]
    RAMB36_X2Y13         RAMB36E1                                     r  unified_memory_cpu/byte_write[1].BRAM_reg_2_0/ADDRBWRADDR[4]
  -------------------------------------------------------------------    -------------------

                         (clock sysclk rise edge)     0.000     0.000 r  
    K17                                               0.000     0.000 r  sysclk (IN)
                         net (fo=0)                   0.000     0.000    sysclk
    K17                  IBUF (Prop_ibuf_I_O)         1.421     1.421 r  sysclk_IBUF_inst/O
                         net (fo=1, routed)           1.880     3.301    sysclk_IBUF
    BUFGCTRL_X0Y16       BUFG (Prop_bufg_I_O)         0.091     3.392 r  sysclk_IBUF_BUFG_inst/O
                         net (fo=1984, routed)        1.522     4.914    unified_memory_cpu/sysclk_IBUF_BUFG
    RAMB36_X2Y13         RAMB36E1                                     r  unified_memory_cpu/byte_write[1].BRAM_reg_2_0/CLKBWRCLK

Slack:                    inf
  Source:                 rst
                            (input port)
  Destination:            unified_memory_cpu/byte_write[1].BRAM_reg_0_1/ADDRBWRADDR[8]
                            (rising edge-triggered cell RAMB36E1 clocked by sysclk  {rise@0.000ns fall@30.000ns period=60.000ns})
  Path Group:             (none)
  Path Type:              Setup (Max at Slow Process Corner)
  Data Path Delay:        10.924ns  (logic 1.737ns (15.900%)  route 9.187ns (84.100%))
  Logic Levels:           3  (IBUF=1 LUT2=1 LUT6=1)
  Clock Path Skew:        4.909ns (DCD - SCD + CPR)
    Destination Clock Delay (DCD):    4.909ns
    Source Clock Delay      (SCD):    0.000ns
    Clock Pessimism Removal (CPR):    0.000ns
  Clock Uncertainty:      0.025ns  ((TSJ^2 + TIJ^2)^1/2 + DJ) / 2 + PE
    Total System Jitter     (TSJ):    0.050ns
    Total Input Jitter      (TIJ):    0.000ns
    Discrete Jitter          (DJ):    0.000ns
    Phase Error              (PE):    0.000ns

    Location             Delay type                Incr(ns)  Path(ns)    Netlist Resource(s)
  -------------------------------------------------------------------    -------------------
    K18                                               0.000     0.000 f  rst (IN)
                         net (fo=0)                   0.000     0.000    rst
    K18                  IBUF (Prop_ibuf_I_O)         1.489     1.489 f  rst_IBUF_inst/O
                         net (fo=1427, routed)        5.486     6.975    pc_counter_cpu/rst_IBUF
    SLICE_X20Y83         LUT2 (Prop_lut2_I0_O)        0.124     7.099 f  pc_counter_cpu/pc[31]_i_4/O
                         net (fo=32, routed)          2.121     9.219    pc_counter_cpu/next_pc1
    SLICE_X20Y74         LUT6 (Prop_lut6_I5_O)        0.124     9.343 r  pc_counter_cpu/pc[8]_i_1/O
                         net (fo=9, routed)           1.581    10.924    unified_memory_cpu/ADDRBWRADDR[6]
    RAMB36_X2Y14         RAMB36E1                                     r  unified_memory_cpu/byte_write[1].BRAM_reg_0_1/ADDRBWRADDR[8]
  -------------------------------------------------------------------    -------------------

                         (clock sysclk rise edge)     0.000     0.000 r  
    K17                                               0.000     0.000 r  sysclk (IN)
                         net (fo=0)                   0.000     0.000    sysclk
    K17                  IBUF (Prop_ibuf_I_O)         1.421     1.421 r  sysclk_IBUF_inst/O
                         net (fo=1, routed)           1.880     3.301    sysclk_IBUF
    BUFGCTRL_X0Y16       BUFG (Prop_bufg_I_O)         0.091     3.392 r  sysclk_IBUF_BUFG_inst/O
                         net (fo=1984, routed)        1.517     4.909    unified_memory_cpu/sysclk_IBUF_BUFG
    RAMB36_X2Y14         RAMB36E1                                     r  unified_memory_cpu/byte_write[1].BRAM_reg_0_1/CLKBWRCLK

Slack:                    inf
  Source:                 rst
                            (input port)
  Destination:            unified_memory_cpu/byte_write[1].BRAM_reg_0_1/ADDRBWRADDR[4]
                            (rising edge-triggered cell RAMB36E1 clocked by sysclk  {rise@0.000ns fall@30.000ns period=60.000ns})
  Path Group:             (none)
  Path Type:              Setup (Max at Slow Process Corner)
  Data Path Delay:        10.911ns  (logic 1.737ns (15.919%)  route 9.174ns (84.081%))
  Logic Levels:           3  (IBUF=1 LUT2=1 LUT6=1)
  Clock Path Skew:        4.909ns (DCD - SCD + CPR)
    Destination Clock Delay (DCD):    4.909ns
    Source Clock Delay      (SCD):    0.000ns
    Clock Pessimism Removal (CPR):    0.000ns
  Clock Uncertainty:      0.025ns  ((TSJ^2 + TIJ^2)^1/2 + DJ) / 2 + PE
    Total System Jitter     (TSJ):    0.050ns
    Total Input Jitter      (TIJ):    0.000ns
    Discrete Jitter          (DJ):    0.000ns
    Phase Error              (PE):    0.000ns

    Location             Delay type                Incr(ns)  Path(ns)    Netlist Resource(s)
  -------------------------------------------------------------------    -------------------
    K18                                               0.000     0.000 f  rst (IN)
                         net (fo=0)                   0.000     0.000    rst
    K18                  IBUF (Prop_ibuf_I_O)         1.489     1.489 f  rst_IBUF_inst/O
                         net (fo=1427, routed)        5.486     6.975    pc_counter_cpu/rst_IBUF
    SLICE_X20Y83         LUT2 (Prop_lut2_I0_O)        0.124     7.099 f  pc_counter_cpu/pc[31]_i_4/O
                         net (fo=32, routed)          2.058     9.157    pc_counter_cpu/next_pc1
    SLICE_X20Y74         LUT6 (Prop_lut6_I5_O)        0.124     9.281 r  pc_counter_cpu/pc[4]_i_1/O
                         net (fo=9, routed)           1.630    10.911    unified_memory_cpu/ADDRBWRADDR[2]
    RAMB36_X2Y14         RAMB36E1                                     r  unified_memory_cpu/byte_write[1].BRAM_reg_0_1/ADDRBWRADDR[4]
  -------------------------------------------------------------------    -------------------

                         (clock sysclk rise edge)     0.000     0.000 r  
    K17                                               0.000     0.000 r  sysclk (IN)
                         net (fo=0)                   0.000     0.000    sysclk
    K17                  IBUF (Prop_ibuf_I_O)         1.421     1.421 r  sysclk_IBUF_inst/O
                         net (fo=1, routed)           1.880     3.301    sysclk_IBUF
    BUFGCTRL_X0Y16       BUFG (Prop_bufg_I_O)         0.091     3.392 r  sysclk_IBUF_BUFG_inst/O
                         net (fo=1984, routed)        1.517     4.909    unified_memory_cpu/sysclk_IBUF_BUFG
    RAMB36_X2Y14         RAMB36E1                                     r  unified_memory_cpu/byte_write[1].BRAM_reg_0_1/CLKBWRCLK





Min Delay Paths
--------------------------------------------------------------------------------------
Slack:                    inf
  Source:                 rst
                            (input port)
  Destination:            unified_memory_cpu/byte_write[1].BRAM_reg_1_0/ENBWREN
                            (rising edge-triggered cell RAMB36E1 clocked by sysclk  {rise@0.000ns fall@30.000ns period=60.000ns})
  Path Group:             (none)
  Path Type:              Hold (Min at Fast Process Corner)
  Data Path Delay:        0.843ns  (logic 0.257ns (30.448%)  route 0.586ns (69.552%))
  Logic Levels:           1  (IBUF=1)
  Clock Path Skew:        2.016ns (DCD - SCD - CPR)
    Destination Clock Delay (DCD):    2.016ns
    Source Clock Delay      (SCD):    0.000ns
    Clock Pessimism Removal (CPR):    -0.000ns

    Location             Delay type                Incr(ns)  Path(ns)    Netlist Resource(s)
  -------------------------------------------------------------------    -------------------
    K18                                               0.000     0.000 f  rst (IN)
                         net (fo=0)                   0.000     0.000    rst
    K18                  IBUF (Prop_ibuf_I_O)         0.257     0.257 f  rst_IBUF_inst/O
                         net (fo=1427, routed)        0.586     0.843    unified_memory_cpu/rst_IBUF
    RAMB36_X2Y15         RAMB36E1                                     r  unified_memory_cpu/byte_write[1].BRAM_reg_1_0/ENBWREN  (IS_INVERTED)
  -------------------------------------------------------------------    -------------------

                         (clock sysclk rise edge)     0.000     0.000 r  
    K17                                               0.000     0.000 r  sysclk (IN)
                         net (fo=0)                   0.000     0.000    sysclk
    K17                  IBUF (Prop_ibuf_I_O)         0.447     0.447 r  sysclk_IBUF_inst/O
                         net (fo=1, routed)           0.683     1.130    sysclk_IBUF
    BUFGCTRL_X0Y16       BUFG (Prop_bufg_I_O)         0.029     1.159 r  sysclk_IBUF_BUFG_inst/O
                         net (fo=1984, routed)        0.856     2.016    unified_memory_cpu/sysclk_IBUF_BUFG
    RAMB36_X2Y15         RAMB36E1                                     r  unified_memory_cpu/byte_write[1].BRAM_reg_1_0/CLKBWRCLK

Slack:                    inf
  Source:                 rst
                            (input port)
  Destination:            unified_memory_cpu/byte_write[1].BRAM_reg_3_0/ENBWREN
                            (rising edge-triggered cell RAMB36E1 clocked by sysclk  {rise@0.000ns fall@30.000ns period=60.000ns})
  Path Group:             (none)
  Path Type:              Hold (Min at Fast Process Corner)
  Data Path Delay:        0.929ns  (logic 0.257ns (27.628%)  route 0.672ns (72.372%))
  Logic Levels:           1  (IBUF=1)
  Clock Path Skew:        2.022ns (DCD - SCD - CPR)
    Destination Clock Delay (DCD):    2.022ns
    Source Clock Delay      (SCD):    0.000ns
    Clock Pessimism Removal (CPR):    -0.000ns

    Location             Delay type                Incr(ns)  Path(ns)    Netlist Resource(s)
  -------------------------------------------------------------------    -------------------
    K18                                               0.000     0.000 f  rst (IN)
                         net (fo=0)                   0.000     0.000    rst
    K18                  IBUF (Prop_ibuf_I_O)         0.257     0.257 f  rst_IBUF_inst/O
                         net (fo=1427, routed)        0.672     0.929    unified_memory_cpu/rst_IBUF
    RAMB36_X2Y16         RAMB36E1                                     r  unified_memory_cpu/byte_write[1].BRAM_reg_3_0/ENBWREN  (IS_INVERTED)
  -------------------------------------------------------------------    -------------------

                         (clock sysclk rise edge)     0.000     0.000 r  
    K17                                               0.000     0.000 r  sysclk (IN)
                         net (fo=0)                   0.000     0.000    sysclk
    K17                  IBUF (Prop_ibuf_I_O)         0.447     0.447 r  sysclk_IBUF_inst/O
                         net (fo=1, routed)           0.683     1.130    sysclk_IBUF
    BUFGCTRL_X0Y16       BUFG (Prop_bufg_I_O)         0.029     1.159 r  sysclk_IBUF_BUFG_inst/O
                         net (fo=1984, routed)        0.862     2.022    unified_memory_cpu/sysclk_IBUF_BUFG
    RAMB36_X2Y16         RAMB36E1                                     r  unified_memory_cpu/byte_write[1].BRAM_reg_3_0/CLKBWRCLK

Slack:                    inf
  Source:                 rst
                            (input port)
  Destination:            unified_memory_cpu/byte_write[1].BRAM_reg_0_1/ENBWREN
                            (rising edge-triggered cell RAMB36E1 clocked by sysclk  {rise@0.000ns fall@30.000ns period=60.000ns})
  Path Group:             (none)
  Path Type:              Hold (Min at Fast Process Corner)
  Data Path Delay:        0.938ns  (logic 0.257ns (27.354%)  route 0.682ns (72.646%))
  Logic Levels:           1  (IBUF=1)
  Clock Path Skew:        2.019ns (DCD - SCD - CPR)
    Destination Clock Delay (DCD):    2.019ns
    Source Clock Delay      (SCD):    0.000ns
    Clock Pessimism Removal (CPR):    -0.000ns

    Location             Delay type                Incr(ns)  Path(ns)    Netlist Resource(s)
  -------------------------------------------------------------------    -------------------
    K18                                               0.000     0.000 f  rst (IN)
                         net (fo=0)                   0.000     0.000    rst
    K18                  IBUF (Prop_ibuf_I_O)         0.257     0.257 f  rst_IBUF_inst/O
                         net (fo=1427, routed)        0.682     0.938    unified_memory_cpu/rst_IBUF
    RAMB36_X2Y14         RAMB36E1                                     r  unified_memory_cpu/byte_write[1].BRAM_reg_0_1/ENBWREN  (IS_INVERTED)
  -------------------------------------------------------------------    -------------------

                         (clock sysclk rise edge)     0.000     0.000 r  
    K17                                               0.000     0.000 r  sysclk (IN)
                         net (fo=0)                   0.000     0.000    sysclk
    K17                  IBUF (Prop_ibuf_I_O)         0.447     0.447 r  sysclk_IBUF_inst/O
                         net (fo=1, routed)           0.683     1.130    sysclk_IBUF
    BUFGCTRL_X0Y16       BUFG (Prop_bufg_I_O)         0.029     1.159 r  sysclk_IBUF_BUFG_inst/O
                         net (fo=1984, routed)        0.859     2.019    unified_memory_cpu/sysclk_IBUF_BUFG
    RAMB36_X2Y14         RAMB36E1                                     r  unified_memory_cpu/byte_write[1].BRAM_reg_0_1/CLKBWRCLK

Slack:                    inf
  Source:                 rst
                            (input port)
  Destination:            register_file_cpu/rf_reg[19][4]/R
                            (rising edge-triggered cell FDRE clocked by sysclk  {rise@0.000ns fall@30.000ns period=60.000ns})
  Path Group:             (none)
  Path Type:              Hold (Min at Fast Process Corner)
  Data Path Delay:        1.032ns  (logic 0.257ns (24.867%)  route 0.775ns (75.133%))
  Logic Levels:           1  (IBUF=1)
  Clock Path Skew:        1.982ns (DCD - SCD - CPR)
    Destination Clock Delay (DCD):    1.982ns
    Source Clock Delay      (SCD):    0.000ns
    Clock Pessimism Removal (CPR):    -0.000ns

    Location             Delay type                Incr(ns)  Path(ns)    Netlist Resource(s)
  -------------------------------------------------------------------    -------------------
    K18                                               0.000     0.000 r  rst (IN)
                         net (fo=0)                   0.000     0.000    rst
    K18                  IBUF (Prop_ibuf_I_O)         0.257     0.257 r  rst_IBUF_inst/O
                         net (fo=1427, routed)        0.775     1.032    register_file_cpu/rst_IBUF
    SLICE_X35Y84         FDRE                                         r  register_file_cpu/rf_reg[19][4]/R
  -------------------------------------------------------------------    -------------------

                         (clock sysclk rise edge)     0.000     0.000 r  
    K17                                               0.000     0.000 r  sysclk (IN)
                         net (fo=0)                   0.000     0.000    sysclk
    K17                  IBUF (Prop_ibuf_I_O)         0.447     0.447 r  sysclk_IBUF_inst/O
                         net (fo=1, routed)           0.683     1.130    sysclk_IBUF
    BUFGCTRL_X0Y16       BUFG (Prop_bufg_I_O)         0.029     1.159 r  sysclk_IBUF_BUFG_inst/O
                         net (fo=1984, routed)        0.823     1.982    register_file_cpu/sysclk_IBUF_BUFG
    SLICE_X35Y84         FDRE                                         r  register_file_cpu/rf_reg[19][4]/C

Slack:                    inf
  Source:                 rst
                            (input port)
  Destination:            register_file_cpu/rf_reg[22][4]/R
                            (rising edge-triggered cell FDRE clocked by sysclk  {rise@0.000ns fall@30.000ns period=60.000ns})
  Path Group:             (none)
  Path Type:              Hold (Min at Fast Process Corner)
  Data Path Delay:        1.032ns  (logic 0.257ns (24.867%)  route 0.775ns (75.133%))
  Logic Levels:           1  (IBUF=1)
  Clock Path Skew:        1.982ns (DCD - SCD - CPR)
    Destination Clock Delay (DCD):    1.982ns
    Source Clock Delay      (SCD):    0.000ns
    Clock Pessimism Removal (CPR):    -0.000ns

    Location             Delay type                Incr(ns)  Path(ns)    Netlist Resource(s)
  -------------------------------------------------------------------    -------------------
    K18                                               0.000     0.000 r  rst (IN)
                         net (fo=0)                   0.000     0.000    rst
    K18                  IBUF (Prop_ibuf_I_O)         0.257     0.257 r  rst_IBUF_inst/O
                         net (fo=1427, routed)        0.775     1.032    register_file_cpu/rst_IBUF
    SLICE_X34Y84         FDRE                                         r  register_file_cpu/rf_reg[22][4]/R
  -------------------------------------------------------------------    -------------------

                         (clock sysclk rise edge)     0.000     0.000 r  
    K17                                               0.000     0.000 r  sysclk (IN)
                         net (fo=0)                   0.000     0.000    sysclk
    K17                  IBUF (Prop_ibuf_I_O)         0.447     0.447 r  sysclk_IBUF_inst/O
                         net (fo=1, routed)           0.683     1.130    sysclk_IBUF
    BUFGCTRL_X0Y16       BUFG (Prop_bufg_I_O)         0.029     1.159 r  sysclk_IBUF_BUFG_inst/O
                         net (fo=1984, routed)        0.823     1.982    register_file_cpu/sysclk_IBUF_BUFG
    SLICE_X34Y84         FDRE                                         r  register_file_cpu/rf_reg[22][4]/C

Slack:                    inf
  Source:                 rst
                            (input port)
  Destination:            unified_memory_cpu/byte_write[1].BRAM_reg_2_0/ENBWREN
                            (rising edge-triggered cell RAMB36E1 clocked by sysclk  {rise@0.000ns fall@30.000ns period=60.000ns})
  Path Group:             (none)
  Path Type:              Hold (Min at Fast Process Corner)
  Data Path Delay:        1.086ns  (logic 0.257ns (23.637%)  route 0.829ns (76.363%))
  Logic Levels:           1  (IBUF=1)
  Clock Path Skew:        2.024ns (DCD - SCD - CPR)
    Destination Clock Delay (DCD):    2.024ns
    Source Clock Delay      (SCD):    0.000ns
    Clock Pessimism Removal (CPR):    -0.000ns

    Location             Delay type                Incr(ns)  Path(ns)    Netlist Resource(s)
  -------------------------------------------------------------------    -------------------
    K18                                               0.000     0.000 f  rst (IN)
                         net (fo=0)                   0.000     0.000    rst
    K18                  IBUF (Prop_ibuf_I_O)         0.257     0.257 f  rst_IBUF_inst/O
                         net (fo=1427, routed)        0.829     1.086    unified_memory_cpu/rst_IBUF
    RAMB36_X2Y13         RAMB36E1                                     r  unified_memory_cpu/byte_write[1].BRAM_reg_2_0/ENBWREN  (IS_INVERTED)
  -------------------------------------------------------------------    -------------------

                         (clock sysclk rise edge)     0.000     0.000 r  
    K17                                               0.000     0.000 r  sysclk (IN)
                         net (fo=0)                   0.000     0.000    sysclk
    K17                  IBUF (Prop_ibuf_I_O)         0.447     0.447 r  sysclk_IBUF_inst/O
                         net (fo=1, routed)           0.683     1.130    sysclk_IBUF
    BUFGCTRL_X0Y16       BUFG (Prop_bufg_I_O)         0.029     1.159 r  sysclk_IBUF_BUFG_inst/O
                         net (fo=1984, routed)        0.864     2.024    unified_memory_cpu/sysclk_IBUF_BUFG
    RAMB36_X2Y13         RAMB36E1                                     r  unified_memory_cpu/byte_write[1].BRAM_reg_2_0/CLKBWRCLK

Slack:                    inf
  Source:                 rst
                            (input port)
  Destination:            register_file_cpu/rf_reg[16][10]/R
                            (rising edge-triggered cell FDRE clocked by sysclk  {rise@0.000ns fall@30.000ns period=60.000ns})
  Path Group:             (none)
  Path Type:              Hold (Min at Fast Process Corner)
  Data Path Delay:        1.108ns  (logic 0.257ns (23.168%)  route 0.851ns (76.832%))
  Logic Levels:           1  (IBUF=1)
  Clock Path Skew:        1.983ns (DCD - SCD - CPR)
    Destination Clock Delay (DCD):    1.983ns
    Source Clock Delay      (SCD):    0.000ns
    Clock Pessimism Removal (CPR):    -0.000ns

    Location             Delay type                Incr(ns)  Path(ns)    Netlist Resource(s)
  -------------------------------------------------------------------    -------------------
    K18                                               0.000     0.000 r  rst (IN)
                         net (fo=0)                   0.000     0.000    rst
    K18                  IBUF (Prop_ibuf_I_O)         0.257     0.257 r  rst_IBUF_inst/O
                         net (fo=1427, routed)        0.851     1.108    register_file_cpu/rst_IBUF
    SLICE_X34Y85         FDRE                                         r  register_file_cpu/rf_reg[16][10]/R
  -------------------------------------------------------------------    -------------------

                         (clock sysclk rise edge)     0.000     0.000 r  
    K17                                               0.000     0.000 r  sysclk (IN)
                         net (fo=0)                   0.000     0.000    sysclk
    K17                  IBUF (Prop_ibuf_I_O)         0.447     0.447 r  sysclk_IBUF_inst/O
                         net (fo=1, routed)           0.683     1.130    sysclk_IBUF
    BUFGCTRL_X0Y16       BUFG (Prop_bufg_I_O)         0.029     1.159 r  sysclk_IBUF_BUFG_inst/O
                         net (fo=1984, routed)        0.824     1.983    register_file_cpu/sysclk_IBUF_BUFG
    SLICE_X34Y85         FDRE                                         r  register_file_cpu/rf_reg[16][10]/C

Slack:                    inf
  Source:                 rst
                            (input port)
  Destination:            register_file_cpu/rf_reg[16][4]/R
                            (rising edge-triggered cell FDRE clocked by sysclk  {rise@0.000ns fall@30.000ns period=60.000ns})
  Path Group:             (none)
  Path Type:              Hold (Min at Fast Process Corner)
  Data Path Delay:        1.108ns  (logic 0.257ns (23.168%)  route 0.851ns (76.832%))
  Logic Levels:           1  (IBUF=1)
  Clock Path Skew:        1.983ns (DCD - SCD - CPR)
    Destination Clock Delay (DCD):    1.983ns
    Source Clock Delay      (SCD):    0.000ns
    Clock Pessimism Removal (CPR):    -0.000ns

    Location             Delay type                Incr(ns)  Path(ns)    Netlist Resource(s)
  -------------------------------------------------------------------    -------------------
    K18                                               0.000     0.000 r  rst (IN)
                         net (fo=0)                   0.000     0.000    rst
    K18                  IBUF (Prop_ibuf_I_O)         0.257     0.257 r  rst_IBUF_inst/O
                         net (fo=1427, routed)        0.851     1.108    register_file_cpu/rst_IBUF
    SLICE_X34Y85         FDRE                                         r  register_file_cpu/rf_reg[16][4]/R
  -------------------------------------------------------------------    -------------------

                         (clock sysclk rise edge)     0.000     0.000 r  
    K17                                               0.000     0.000 r  sysclk (IN)
                         net (fo=0)                   0.000     0.000    sysclk
    K17                  IBUF (Prop_ibuf_I_O)         0.447     0.447 r  sysclk_IBUF_inst/O
                         net (fo=1, routed)           0.683     1.130    sysclk_IBUF
    BUFGCTRL_X0Y16       BUFG (Prop_bufg_I_O)         0.029     1.159 r  sysclk_IBUF_BUFG_inst/O
                         net (fo=1984, routed)        0.824     1.983    register_file_cpu/sysclk_IBUF_BUFG
    SLICE_X34Y85         FDRE                                         r  register_file_cpu/rf_reg[16][4]/C

Slack:                    inf
  Source:                 rst
                            (input port)
  Destination:            register_file_cpu/rf_reg[25][2]/R
                            (rising edge-triggered cell FDRE clocked by sysclk  {rise@0.000ns fall@30.000ns period=60.000ns})
  Path Group:             (none)
  Path Type:              Hold (Min at Fast Process Corner)
  Data Path Delay:        1.108ns  (logic 0.257ns (23.168%)  route 0.851ns (76.832%))
  Logic Levels:           1  (IBUF=1)
  Clock Path Skew:        1.983ns (DCD - SCD - CPR)
    Destination Clock Delay (DCD):    1.983ns
    Source Clock Delay      (SCD):    0.000ns
    Clock Pessimism Removal (CPR):    -0.000ns

    Location             Delay type                Incr(ns)  Path(ns)    Netlist Resource(s)
  -------------------------------------------------------------------    -------------------
    K18                                               0.000     0.000 r  rst (IN)
                         net (fo=0)                   0.000     0.000    rst
    K18                  IBUF (Prop_ibuf_I_O)         0.257     0.257 r  rst_IBUF_inst/O
                         net (fo=1427, routed)        0.851     1.108    register_file_cpu/rst_IBUF
    SLICE_X35Y85         FDRE                                         r  register_file_cpu/rf_reg[25][2]/R
  -------------------------------------------------------------------    -------------------

                         (clock sysclk rise edge)     0.000     0.000 r  
    K17                                               0.000     0.000 r  sysclk (IN)
                         net (fo=0)                   0.000     0.000    sysclk
    K17                  IBUF (Prop_ibuf_I_O)         0.447     0.447 r  sysclk_IBUF_inst/O
                         net (fo=1, routed)           0.683     1.130    sysclk_IBUF
    BUFGCTRL_X0Y16       BUFG (Prop_bufg_I_O)         0.029     1.159 r  sysclk_IBUF_BUFG_inst/O
                         net (fo=1984, routed)        0.824     1.983    register_file_cpu/sysclk_IBUF_BUFG
    SLICE_X35Y85         FDRE                                         r  register_file_cpu/rf_reg[25][2]/C

Slack:                    inf
  Source:                 rst
                            (input port)
  Destination:            register_file_cpu/rf_reg[19][5]/R
                            (rising edge-triggered cell FDRE clocked by sysclk  {rise@0.000ns fall@30.000ns period=60.000ns})
  Path Group:             (none)
  Path Type:              Hold (Min at Fast Process Corner)
  Data Path Delay:        1.137ns  (logic 0.257ns (22.573%)  route 0.880ns (77.427%))
  Logic Levels:           1  (IBUF=1)
  Clock Path Skew:        1.981ns (DCD - SCD - CPR)
    Destination Clock Delay (DCD):    1.981ns
    Source Clock Delay      (SCD):    0.000ns
    Clock Pessimism Removal (CPR):    -0.000ns

    Location             Delay type                Incr(ns)  Path(ns)    Netlist Resource(s)
  -------------------------------------------------------------------    -------------------
    K18                                               0.000     0.000 r  rst (IN)
                         net (fo=0)                   0.000     0.000    rst
    K18                  IBUF (Prop_ibuf_I_O)         0.257     0.257 r  rst_IBUF_inst/O
                         net (fo=1427, routed)        0.880     1.137    register_file_cpu/rst_IBUF
    SLICE_X31Y84         FDRE                                         r  register_file_cpu/rf_reg[19][5]/R
  -------------------------------------------------------------------    -------------------

                         (clock sysclk rise edge)     0.000     0.000 r  
    K17                                               0.000     0.000 r  sysclk (IN)
                         net (fo=0)                   0.000     0.000    sysclk
    K17                  IBUF (Prop_ibuf_I_O)         0.447     0.447 r  sysclk_IBUF_inst/O
                         net (fo=1, routed)           0.683     1.130    sysclk_IBUF
    BUFGCTRL_X0Y16       BUFG (Prop_bufg_I_O)         0.029     1.159 r  sysclk_IBUF_BUFG_inst/O
                         net (fo=1984, routed)        0.822     1.981    register_file_cpu/sysclk_IBUF_BUFG
    SLICE_X31Y84         FDRE                                         r  register_file_cpu/rf_reg[19][5]/C





